frame,filename,pass_id,t,speed,yaw_rate,sharpness,n_edge,du,dv,du_mad,dv_mad,inlier8,n_edge_other,du_other,dv_other,de_nt,geometry_ok,pass_conflict,motion_ok,sharp_ok,cls,reasons
0,260408_114933276.jpg,0,300638.761728,9.35,0.2,271.8,10,nan,nan,nan,nan,nan,0,nan,nan,4.175,False,False,True,True,unverified,few_edges
1,260408_114933809.jpg,0,300639.294828,9.05,0.35,268.4,8,nan,nan,nan,nan,nan,0,nan,nan,4.425,False,False,True,True,unverified,few_edges
2,260408_114934387.jpg,0,300639.873329,8.52,0.46,267.1,3,nan,nan,nan,nan,nan,0,nan,nan,4.325,False,False,True,True,unverified,few_edges
3,260408_114934987.jpg,0,300640.47323,8.16,0.37,262.5,29,nan,nan,nan,nan,nan,0,nan,nan,4.175,False,False,True,True,unverified,few_edges
4,260408_114935610.jpg,0,300641.096331,7.9,0.29,255.8,51,0.7,-13.99,7.64,5.97,0.068,0,nan,nan,4.075,False,False,True,True,unverified,few_edges
5,260408_114936244.jpg,0,300641.730931,7.78,0.24,254.8,191,-0.84,-2.9,20.78,11.21,0.061,0,nan,nan,3.975,False,False,True,True,unverified,few_edges
6,260408_114936879.jpg,0,300642.365532,7.77,0.85,251.6,368,-2.75,-0.86,14.44,13.7,0.12,0,nan,nan,4.075,True,False,True,True,clean,
7,260408_114937513.jpg,0,300643.000133,7.79,0.54,249.1,288,2.89,-0.78,5.83,10.33,0.162,0,nan,nan,4.075,False,False,True,True,unverified,few_edges
8,260408_114938148.jpg,0,300643.634734,7.81,0.4,249.2,771,-17.23,5.46,5.81,0.27,0.161,0,nan,nan,4.275,False,False,True,True,reject,geometry
9,260408_114938782.jpg,0,300644.269335,7.82,0.57,262.9,702,-20.75,-8.58,6.82,0.28,0.096,0,nan,nan,4.875,False,False,True,True,reject,geometry
10,260408_114939417.jpg,0,300644.903935,7.84,0.33,306.7,410,-13.39,-10.89,9.53,3.63,0.069,0,nan,nan,5.9750000000000005,False,False,True,True,reject,geometry
11,260408_114940051.jpg,0,300645.538536,7.86,0.07,416.3,158,-7.61,-2.47,4.13,16.31,0.058,0,nan,nan,5.175000000000001,False,False,True,True,unverified,few_edges
12,260408_114940686.jpg,0,300646.173137,7.86,0.51,412.3,97,0.66,-0.64,14.86,8.07,0.067,0,nan,nan,5.925000000000001,False,False,True,True,unverified,few_edges
13,260408_114941320.jpg,0,300646.807738,7.86,0.45,393.3,122,10.86,-9.6,11.02,16.25,0.034,0,nan,nan,8.625,False,False,True,True,unverified,few_edges
14,260408_114941955.jpg,0,300647.442338,7.87,0.27,328.7,169,5.41,-8.61,6.33,7.7,0.175,0,nan,nan,6.425000000000001,False,False,True,True,unverified,few_edges
15,260408_114942589.jpg,0,300648.076939,7.86,0.26,283.7,428,1.79,-1.8,8.33,11.01,0.224,0,nan,nan,5.275,True,False,True,True,clean,
16,260408_114943224.jpg,0,300648.71154,7.86,0.16,282.4,557,-1.92,-3.82,5.69,20.08,0.148,0,nan,nan,5.075,False,False,True,True,reject,geometry
17,260408_114943858.jpg,0,300649.346141,7.86,0.03,385.1,824,0.43,0.31,7.74,13.35,0.16,0,nan,nan,5.875,True,False,True,True,clean,
18,260408_114944493.jpg,0,300649.980742,7.85,0.02,409.2,636,-2.46,-0.89,8.26,13.27,0.098,0,nan,nan,6.2250000000000005,True,False,True,True,clean,
19,260408_114945127.jpg,0,300650.615342,7.83,0.1,349.7,1334,-3.15,-0.12,8.04,11.67,0.256,0,nan,nan,5.425000000000001,True,False,True,True,clean,
20,260408_114945762.jpg,0,300651.249943,7.82,0.25,349.4,1224,0.31,-0.65,8.16,14.36,0.225,0,nan,nan,5.2250000000000005,True,False,True,True,clean,
21,260408_114946396.jpg,0,300651.884544,7.81,0.45,370.2,1683,-0.36,-2.55,6.87,13.93,0.304,0,nan,nan,5.2250000000000005,True,False,True,True,clean,
22,260408_114947031.jpg,0,300652.519145,7.79,0.2,389.4,1603,-0.34,-1.52,6.65,10.78,0.329,0,nan,nan,5.175000000000001,True,False,True,True,clean,
23,260408_114947665.jpg,0,300653.153745,7.78,0.24,422.3,2087,-0.18,0.13,6.56,10.71,0.333,0,nan,nan,5.525,True,False,True,True,clean,
24,260408_114948300.jpg,0,300653.788346,7.77,0.3,523.1,1857,2.1,0.26,6.26,9.73,0.359,0,nan,nan,6.4750000000000005,True,False,True,True,clean,
25,260408_114948934.jpg,0,300654.422947,7.75,0.28,608.3,1521,0.94,1.64,8.08,9.63,0.2,0,nan,nan,7.2250000000000005,True,False,True,True,clean,
26,260408_114949580.jpg,0,300655.068648,7.75,0.25,564.5,1522,0.3,-0.2,7.54,9.56,0.312,0,nan,nan,7.325,True,False,True,True,clean,
27,260408_114950226.jpg,0,300655.714349,7.73,0.15,489.1,2026,0.21,-0.01,9.1,11.37,0.293,0,nan,nan,6.9750000000000005,True,False,True,True,clean,
28,260408_114950871.jpg,0,300656.360049,7.73,0.03,446.3,1810,0.38,4.46,8.12,11.44,0.239,0,nan,nan,6.7250000000000005,True,False,True,True,clean,
29,260408_114951518.jpg,0,300657.00715,7.73,0.1,474.6,2620,0.28,0.64,9.14,13.61,0.25,0,nan,nan,6.075,True,False,True,True,clean,
30,260408_114952165.jpg,0,300657.654251,7.68,0.01,451.9,2856,-0.6,0.55,8.13,11.86,0.198,0,nan,nan,6.775,True,False,True,True,clean,
31,260408_114952812.jpg,0,300658.301352,7.67,0.11,426.9,3750,-0.12,-0.48,6.52,12.18,0.208,0,nan,nan,8.475,True,False,True,True,clean,
32,260408_114953459.jpg,0,300658.948453,7.68,0.03,431.7,3802,-0.16,-0.1,8.16,11.81,0.21,0,nan,nan,6.2250000000000005,True,False,True,True,clean,
33,260408_114954106.jpg,0,300659.595553,7.7,0.1,428.7,6128,0.3,-0.35,6.88,12.01,0.254,0,nan,nan,5.675000000000001,True,False,True,True,clean,
34,260408_114954753.jpg,0,300660.242654,7.74,0.05,415.4,4660,0.4,0.93,8.56,11.99,0.205,0,nan,nan,5.625,True,False,True,True,clean,
35,260408_114955400.jpg,0,300660.889755,7.79,0.11,402.2,5220,0.3,-0.18,9.15,12.72,0.205,0,nan,nan,5.425000000000001,True,False,True,True,clean,
36,260408_114956047.jpg,0,300661.536856,7.81,0.52,411.8,4350,0.28,-0.48,9.48,10.17,0.279,0,nan,nan,5.575,True,False,True,True,clean,
37,260408_114956694.jpg,0,300662.183957,7.81,1.46,430.9,5454,0.37,-0.35,8.08,12.23,0.269,0,nan,nan,5.875,True,False,True,True,clean,
38,260408_114957341.jpg,0,300662.831057,7.79,2.71,467.3,4025,-0.71,-0.95,7.39,14.5,0.175,0,nan,nan,6.275,True,False,True,True,clean,
39,260408_114957988.jpg,0,300663.478158,7.77,2.18,504.2,3452,-0.69,-2.86,9.35,14.24,0.154,0,nan,nan,7.675000000000001,True,False,True,True,clean,
40,260408_114958635.jpg,0,300664.125259,7.75,0.26,645.0,2745,-0.18,1.87,9.13,12.37,0.184,0,nan,nan,7.175000000000001,True,False,True,True,clean,
41,260408_114959282.jpg,0,300664.77236,7.72,1.83,807.3,1878,0.96,4.98,9.65,10.44,0.131,0,nan,nan,8.575000000000001,True,False,True,True,clean,
42,260408_114959929.jpg,0,300665.419461,7.69,3.63,915.5,3704,0.34,-0.15,7.44,8.54,0.299,0,nan,nan,7.2250000000000005,True,False,True,True,clean,
43,260408_115000576.jpg,0,300666.066561,7.66,5.94,646.6,5398,0.34,0.82,8.15,8.8,0.347,0,nan,nan,10.875,True,False,False,True,usable,turning
44,260408_115001223.jpg,0,300666.713662,7.66,4.59,543.6,5620,0.18,-0.0,6.35,9.78,0.354,0,nan,nan,8.875,True,False,True,True,clean,
45,260408_115001870.jpg,0,300667.360763,7.68,0.43,496.2,5330,0.1,-0.03,7.75,10.02,0.29,0,nan,nan,6.325,True,False,True,True,clean,
46,260408_115002517.jpg,0,300668.007864,7.7,2.02,449.0,4775,-0.14,-0.21,8.11,11.07,0.225,0,nan,nan,5.325,True,False,True,True,clean,
47,260408_115003164.jpg,0,300668.654965,7.72,2.62,411.4,5895,-0.0,0.04,8.46,9.36,0.253,0,nan,nan,7.7250000000000005,True,False,True,True,clean,
48,260408_115003811.jpg,0,300669.302065,7.73,1.92,386.6,6519,0.24,0.09,9.21,10.1,0.251,0,nan,nan,3.4250000000000003,True,False,True,True,clean,
49,260408_115004458.jpg,0,300669.949166,7.73,1.06,396.1,5951,-0.83,0.87,10.11,10.14,0.213,0,nan,nan,3.2750000000000004,True,False,True,True,clean,
50,260408_115005105.jpg,0,300670.596267,7.73,1.07,360.1,6452,-0.33,0.92,8.76,12.45,0.209,0,nan,nan,4.875,True,False,True,True,clean,
51,260408_115005752.jpg,0,300671.243368,7.71,1.01,355.2,9245,-0.88,2.75,8.36,13.18,0.226,0,nan,nan,4.775,True,False,True,True,clean,
52,260408_115006399.jpg,0,300671.890469,7.69,0.65,330.0,7350,-0.31,1.94,8.18,11.53,0.244,0,nan,nan,4.4750000000000005,True,False,True,True,clean,
53,260408_115007046.jpg,0,300672.537569,7.69,0.05,363.3,8075,0.13,-0.53,8.91,11.75,0.242,0,nan,nan,3.325,True,False,True,True,clean,
54,260408_115007693.jpg,0,300673.18467,7.69,0.41,509.4,6272,0.59,1.56,10.2,10.92,0.181,0,nan,nan,4.125,True,False,True,True,clean,
55,260408_115008340.jpg,0,300673.831771,7.68,0.09,523.9,4016,0.67,0.21,9.59,11.54,0.166,0,nan,nan,4.075,True,False,True,True,clean,
56,260408_115008987.jpg,0,300674.478872,7.68,0.04,464.7,3252,-0.08,-0.78,8.48,10.68,0.249,0,nan,nan,4.125,True,False,True,True,clean,
57,260408_115009634.jpg,0,300675.125973,7.65,0.07,541.8,1404,-0.2,1.38,7.04,10.81,0.232,0,nan,nan,4.175,True,False,True,True,clean,
58,260408_115010281.jpg,0,300675.773073,7.62,0.31,562.7,2524,-0.2,-0.28,8.54,9.5,0.34,0,nan,nan,5.2250000000000005,True,False,True,True,clean,
59,260408_115010938.jpg,0,300676.430274,7.61,0.22,568.2,2111,-0.84,0.87,7.91,10.28,0.259,0,nan,nan,7.925000000000001,True,False,True,True,clean,
60,260408_115011595.jpg,0,300677.087475,7.6,0.09,615.7,2546,0.34,0.45,11.44,12.68,0.201,0,nan,nan,8.075000000000001,True,False,True,True,clean,
61,260408_115012253.jpg,0,300677.744676,7.6,0.11,628.2,2899,0.33,2.17,6.99,12.79,0.232,0,nan,nan,6.375,True,False,True,True,clean,
62,260408_115012910.jpg,0,300678.401877,7.61,0.13,620.5,3093,-0.29,5.08,6.64,9.92,0.309,0,nan,nan,7.275,True,False,True,True,clean,
63,260408_115013567.jpg,0,300679.059077,7.63,0.09,752.2,1799,0.36,0.18,8.72,11.67,0.192,0,nan,nan,5.625,True,False,True,True,clean,
64,260408_115014224.jpg,0,300679.716278,7.66,0.14,742.8,2520,1.83,-1.01,8.97,9.18,0.214,0,nan,nan,4.875,True,False,True,True,clean,
65,260408_115014881.jpg,0,300680.373479,7.7,0.56,759.5,2258,-0.14,-0.51,11.59,8.74,0.162,0,nan,nan,4.925000000000001,True,False,True,True,clean,
66,260408_115015527.jpg,0,300681.01948,7.75,0.73,652.1,2218,-0.55,-1.63,7.44,16.11,0.143,0,nan,nan,6.275,False,False,True,True,reject,geometry
67,260408_115016173.jpg,0,300681.665481,7.78,0.26,560.0,2997,-0.39,0.24,8.76,14.62,0.187,0,nan,nan,5.125,True,False,True,True,clean,
68,260408_115016819.jpg,0,300682.311481,7.79,0.61,507.2,3301,1.78,3.24,9.45,8.65,0.261,0,nan,nan,5.2250000000000005,True,False,True,True,clean,
69,260408_115017465.jpg,0,300682.957482,7.79,0.94,500.5,5516,-0.55,3.21,9.41,10.77,0.242,0,nan,nan,4.925000000000001,True,False,True,True,clean,
70,260408_115018110.jpg,0,300683.603483,7.77,0.64,609.4,4356,0.75,-0.58,8.07,11.01,0.247,0,nan,nan,5.825,True,False,True,True,clean,
71,260408_115018756.jpg,0,300684.249484,7.75,0.43,579.7,3973,-0.89,0.21,11.28,10.12,0.184,0,nan,nan,5.925000000000001,True,False,True,True,clean,
72,260408_115019402.jpg,0,300684.895485,7.73,0.36,643.3,4107,-0.58,2.43,9.39,13.74,0.187,0,nan,nan,4.7250000000000005,True,False,True,True,clean,
73,260408_115020048.jpg,0,300685.541485,7.75,0.3,564.1,3422,-0.07,1.52,8.09,13.5,0.167,0,nan,nan,4.625,True,False,True,True,clean,
74,260408_115020694.jpg,0,300686.187486,7.81,0.66,484.6,2964,0.31,-1.21,6.19,14.92,0.204,0,nan,nan,4.825,True,False,True,True,clean,
75,260408_115021330.jpg,0,300686.823187,7.9,1.14,530.7,2573,-0.54,-4.22,7.25,9.9,0.221,0,nan,nan,4.575,True,False,True,True,clean,
76,260408_115021955.jpg,0,300687.448188,8.0,1.27,555.7,3773,-0.2,-5.17,8.33,13.58,0.217,0,nan,nan,6.775,True,False,True,True,clean,
77,260408_115022579.jpg,0,300688.073189,8.09,0.97,529.0,3102,0.38,5.29,9.34,14.49,0.155,0,nan,nan,7.075,True,False,True,True,clean,
78,260408_115023194.jpg,0,300688.687989,8.13,0.8,556.6,2545,0.06,-1.28,9.29,9.13,0.19,0,nan,nan,6.525,True,False,True,True,clean,
79,260408_115023809.jpg,0,300689.30279,8.14,0.46,548.4,1614,-0.03,7.61,13.38,8.55,0.087,0,nan,nan,5.275,False,False,True,True,reject,geometry
80,260408_115024424.jpg,0,300689.917591,8.12,0.06,506.0,1182,-1.91,7.22,7.33,13.96,0.11,0,nan,nan,5.175000000000001,False,False,True,True,reject,geometry
81,260408_115025038.jpg,0,300690.532392,8.09,0.23,443.4,1042,-2.55,8.09,7.38,10.21,0.11,0,nan,nan,5.675000000000001,False,False,True,True,reject,geometry
82,260408_115025653.jpg,0,300691.147192,8.07,0.6,412.0,1949,-0.44,-1.03,8.89,10.76,0.196,0,nan,nan,5.9750000000000005,True,False,True,True,clean,
83,260408_115026268.jpg,0,300691.761993,8.06,0.39,382.7,2540,7.05,-0.7,10.47,8.1,0.222,0,nan,nan,6.775,False,False,True,True,reject,geometry
84,260408_115026882.jpg,0,300692.376794,8.07,0.22,347.7,2722,0.12,0.74,7.0,8.41,0.284,0,nan,nan,3.975,True,False,True,True,clean,
85,260408_115027497.jpg,0,300692.991595,8.08,0.09,392.2,2023,-1.31,1.92,5.99,10.15,0.223,0,nan,nan,6.075,True,False,True,True,clean,
86,260408_115028112.jpg,0,300693.606395,8.09,0.05,366.0,1813,-0.13,3.93,5.53,13.97,0.143,0,nan,nan,8.575000000000001,True,False,True,True,clean,
87,260408_115028726.jpg,0,300694.221196,8.12,0.21,384.0,1694,-0.77,0.94,4.06,13.37,0.127,0,nan,nan,9.725000000000001,True,False,True,True,clean,
88,260408_115029341.jpg,0,300694.835997,8.15,0.78,389.9,1237,-6.18,-6.0,9.76,12.61,0.053,0,nan,nan,6.825,False,False,True,True,reject,geometry
89,260408_115029956.jpg,0,300695.450798,8.18,1.29,407.1,1385,0.05,1.61,12.22,15.57,0.071,0,nan,nan,6.275,False,False,True,True,reject,geometry
90,260408_115030571.jpg,0,300696.065598,8.33,1.95,411.6,1598,0.32,0.95,9.8,11.07,0.156,0,nan,nan,5.7250000000000005,True,False,True,True,clean,
91,260408_115031159.jpg,0,300696.654199,8.66,2.34,381.4,1327,-0.71,-0.36,7.96,11.7,0.171,0,nan,nan,5.425000000000001,True,False,True,True,clean,
92,260408_115031716.jpg,0,300697.2107,9.06,2.42,342.0,1134,0.1,0.99,6.69,10.81,0.249,0,nan,nan,6.125,True,False,True,True,clean,
93,260408_115032259.jpg,0,300697.7547,9.3,2.42,323.5,2043,-0.3,-0.15,6.25,11.33,0.395,0,nan,nan,4.775,True,False,True,True,clean,
94,260408_115032793.jpg,0,300698.288501,9.34,2.79,393.0,2156,0.69,-0.49,10.78,16.95,0.145,0,nan,nan,6.575,False,False,True,True,reject,geometry
95,260408_115033327.jpg,0,300698.822302,9.34,3.22,428.0,2102,3.43,0.92,13.62,11.35,0.157,0,nan,nan,5.275,True,False,True,True,clean,
96,260408_115033861.jpg,0,300699.356102,9.31,2.35,322.0,1768,-0.3,0.46,8.07,10.61,0.27,0,nan,nan,4.525,True,False,True,True,clean,
97,260408_115034394.jpg,0,300699.889903,9.27,2.26,262.3,1263,-0.87,2.78,11.91,13.79,0.128,0,nan,nan,3.9250000000000003,True,False,True,True,clean,
98,260408_115034928.jpg,0,300700.423704,9.23,2.87,251.6,1436,0.74,-1.46,17.02,8.55,0.15,0,nan,nan,3.725,False,False,True,True,reject,geometry
99,260408_115035462.jpg,0,300700.957504,9.2,2.42,263.6,2028,-3.22,-10.91,8.97,9.96,0.185,0,nan,nan,3.975,False,False,True,True,reject,geometry
100,260408_115035995.jpg,0,300701.491305,9.16,1.57,296.5,4608,0.66,-0.51,7.18,10.72,0.263,0,nan,nan,4.075,True,False,True,True,clean,
101,260408_115036540.jpg,0,300702.035506,9.13,0.82,295.7,5474,0.55,0.15,10.19,12.61,0.246,0,nan,nan,4.275,True,False,True,True,clean,
102,260408_115037084.jpg,0,300702.579706,9.11,0.56,313.1,4646,0.54,-0.59,8.6,11.39,0.213,0,nan,nan,4.125,True,False,True,True,clean,
103,260408_115037628.jpg,0,300703.123907,9.09,0.74,320.7,4815,0.31,-0.19,7.19,9.66,0.258,0,nan,nan,4.775,True,False,True,True,clean,
104,260408_115038172.jpg,0,300703.668108,9.09,0.71,269.5,3404,-0.37,-0.47,7.05,10.61,0.253,0,nan,nan,9.375,True,False,True,True,clean,
105,260408_115038716.jpg,0,300704.212308,9.09,0.35,272.7,3771,0.08,-0.3,7.31,9.32,0.303,0,nan,nan,6.875,True,False,True,True,clean,
106,260408_115039260.jpg,0,300704.756509,9.1,0.11,296.4,3475,0.03,-0.0,7.13,9.58,0.286,0,nan,nan,4.575,True,False,True,True,clean,
107,260408_115039804.jpg,0,300705.30071,9.11,0.05,290.2,3835,-0.21,3.06,6.2,10.22,0.309,0,nan,nan,5.675000000000001,True,False,True,True,clean,
108,260408_115040348.jpg,0,300705.84491,9.1,0.27,289.6,3983,0.06,1.61,7.4,12.33,0.246,0,nan,nan,7.025,True,False,True,True,clean,
109,260408_115040892.jpg,0,300706.389111,9.08,0.24,283.3,3542,-0.4,-0.05,5.49,13.11,0.237,0,nan,nan,6.775,True,False,True,True,clean,
110,260408_115041437.jpg,0,300706.933312,9.07,0.11,268.4,4172,-0.07,0.29,7.57,11.93,0.264,0,nan,nan,4.925000000000001,True,False,True,True,clean,
111,260408_115041981.jpg,0,300707.477512,9.05,0.38,267.2,4727,0.03,0.88,8.29,12.56,0.203,0,nan,nan,4.675,True,False,True,True,clean,
112,260408_115042525.jpg,0,300708.021713,9.05,0.31,269.6,4961,-0.61,0.27,8.85,11.03,0.18,0,nan,nan,4.275,True,False,True,True,clean,
113,260408_115043069.jpg,0,300708.565914,9.07,0.15,281.6,5726,-0.02,0.71,5.44,11.06,0.223,0,nan,nan,4.275,True,False,True,True,clean,
114,260408_115043613.jpg,0,300709.110114,9.08,0.48,254.8,6261,-0.29,3.3,8.13,12.58,0.187,0,nan,nan,4.925000000000001,True,False,True,True,clean,
115,260408_115044157.jpg,0,300709.654315,9.1,1.44,256.5,5006,-0.05,1.67,7.54,14.86,0.135,0,nan,nan,4.575,True,False,True,True,clean,
116,260408_115044701.jpg,0,300710.198516,9.13,2.82,284.1,5018,0.1,-0.41,6.02,10.6,0.307,0,nan,nan,6.675000000000001,True,False,True,True,clean,
117,260408_115045245.jpg,0,300710.742716,9.14,3.04,292.9,4522,-0.37,0.23,8.09,10.43,0.25,0,nan,nan,4.375,True,False,True,True,clean,
118,260408_115045790.jpg,0,300711.286917,9.14,2.7,293.8,4775,0.52,0.01,8.31,12.53,0.241,0,nan,nan,4.575,True,False,True,True,clean,
119,260408_115046334.jpg,0,300711.831118,9.14,2.67,270.8,4118,-0.09,0.37,8.53,9.93,0.268,0,nan,nan,5.075,True,False,True,True,clean,
120,260408_115046878.jpg,0,300712.375319,9.13,2.69,240.8,5892,-0.84,0.59,8.68,9.49,0.274,0,nan,nan,6.625,True,False,True,True,clean,
121,260408_115047422.jpg,0,300712.919519,9.13,2.49,233.7,7725,-0.85,0.69,6.72,11.48,0.309,0,nan,nan,5.4750000000000005,True,False,True,True,clean,
122,260408_115047966.jpg,0,300713.46372,9.15,1.81,228.7,6978,0.57,1.11,8.38,11.1,0.226,0,nan,nan,6.925000000000001,True,False,True,True,clean,
123,260408_115048510.jpg,0,300714.007921,9.15,1.06,233.9,6786,-0.07,0.78,7.26,11.73,0.249,0,nan,nan,4.9750000000000005,True,False,True,True,clean,
124,260408_115049054.jpg,0,300714.552121,9.17,0.13,245.7,6720,-0.18,0.17,6.46,10.99,0.266,0,nan,nan,5.275,True,False,True,True,clean,
125,260408_115049598.jpg,0,300715.096322,9.18,0.15,271.7,5941,0.38,-1.38,8.6,11.06,0.225,0,nan,nan,4.9750000000000005,True,False,True,True,clean,
126,260408_115050142.jpg,0,300715.640522,9.19,0.3,300.4,5270,0.36,1.9,4.73,11.52,0.261,0,nan,nan,4.325,True,False,True,True,clean,
127,260408_115050687.jpg,0,300716.184723,9.18,0.09,297.1,4869,-0.2,2.06,6.11,10.77,0.29,0,nan,nan,6.075,True,False,True,True,clean,
128,260408_115051231.jpg,0,300716.728924,9.19,0.62,254.1,3101,-0.0,-0.26,7.29,13.73,0.181,0,nan,nan,4.575,True,False,True,True,clean,
129,260408_115051775.jpg,0,300717.273125,9.17,0.37,240.5,3930,-0.76,-0.85,8.24,13.03,0.211,0,nan,nan,7.675000000000001,True,False,True,True,clean,
130,260408_115052319.jpg,0,300717.817325,9.14,0.01,265.6,3558,0.55,-0.66,10.47,9.77,0.214,0,nan,nan,5.875,True,False,True,True,clean,
131,260408_115052863.jpg,0,300718.361526,9.13,0.63,282.8,3626,0.22,3.34,9.67,10.58,0.197,0,nan,nan,4.275,True,False,True,True,clean,
132,260408_115053407.jpg,0,300718.905727,9.1,0.55,266.8,4157,-0.32,-0.11,8.22,11.67,0.221,0,nan,nan,4.4750000000000005,True,False,True,True,clean,
133,260408_115053951.jpg,0,300719.449927,9.07,0.28,258.1,4187,0.1,3.04,7.14,11.95,0.157,0,nan,nan,4.325,True,False,True,True,clean,
134,260408_115054495.jpg,0,300719.994128,9.03,0.65,249.8,3842,0.14,0.25,9.19,14.23,0.117,0,nan,nan,5.4750000000000005,True,False,True,True,clean,
135,260408_115055039.jpg,0,300720.538329,8.99,0.64,235.5,4558,1.71,-8.0,10.77,13.59,0.115,0,nan,nan,5.375,False,False,True,True,reject,geometry
136,260408_115055594.jpg,0,300721.092629,8.98,0.14,232.9,3867,-0.02,-1.43,8.77,12.94,0.145,0,nan,nan,6.4750000000000005,True,False,True,True,clean,
137,260408_115056148.jpg,0,300721.64693,8.98,0.69,234.8,3652,-0.1,-0.56,8.35,15.4,0.138,0,nan,nan,4.625,True,False,True,True,clean,
138,260408_115056702.jpg,0,300722.201231,8.97,0.57,223.9,2916,-0.14,1.81,11.42,11.94,0.139,0,nan,nan,4.375,True,False,True,True,clean,
139,260408_115057256.jpg,0,300722.755531,8.98,0.1,214.0,1129,-0.22,2.04,8.72,16.4,0.073,0,nan,nan,4.125,False,False,True,True,reject,geometry
140,260408_115057811.jpg,0,300723.309832,8.99,0.48,211.2,1440,0.11,0.03,10.62,7.38,0.168,0,nan,nan,4.2250000000000005,True,False,True,True,clean,
141,260408_115058365.jpg,0,300723.864133,9.01,0.15,205.8,555,0.47,-5.12,12.32,18.51,0.08,0,nan,nan,5.2250000000000005,False,False,True,True,reject,geometry
142,260408_115058919.jpg,0,300724.418433,9.03,0.6,202.2,305,-1.92,-1.04,10.53,18.73,0.045,0,nan,nan,5.2250000000000005,False,False,True,True,reject,geometry
143,260408_115059473.jpg,0,300724.972734,9.05,0.39,197.9,560,0.23,-0.13,9.71,14.13,0.166,0,nan,nan,4.075,True,False,True,True,clean,
144,260408_115100027.jpg,0,300725.527035,9.08,0.51,190.4,690,-1.98,0.5,11.18,12.61,0.173,0,nan,nan,3.725,True,False,True,True,clean,
145,260408_115100582.jpg,0,300726.081335,9.11,0.99,191.7,889,-0.64,-2.43,7.83,12.36,0.2,0,nan,nan,3.4250000000000003,True,False,True,True,clean,
146,260408_115101136.jpg,0,300726.635636,9.13,0.67,181.0,1222,2.25,3.92,11.97,12.09,0.146,0,nan,nan,3.4250000000000003,True,False,True,True,clean,
147,260408_115101680.jpg,0,300727.179737,9.17,0.43,181.1,1079,2.09,-1.64,10.34,14.08,0.136,0,nan,nan,3.4250000000000003,True,False,True,True,clean,
148,260408_115102224.jpg,0,300727.723837,9.19,0.95,181.4,951,-1.1,-0.48,8.66,11.98,0.205,0,nan,nan,3.825,True,False,True,True,clean,
149,260408_115102768.jpg,0,300728.267938,9.2,0.41,185.7,1076,0.17,0.9,5.16,13.27,0.212,0,nan,nan,4.2250000000000005,True,False,True,True,clean,
150,260408_115103312.jpg,0,300728.812039,9.22,0.17,197.7,1017,-1.15,1.98,8.1,11.24,0.228,0,nan,nan,4.2250000000000005,True,False,True,True,clean,
151,260408_115103856.jpg,0,300729.356139,9.22,0.11,204.0,963,-0.2,1.97,5.63,14.24,0.173,0,nan,nan,4.2250000000000005,True,False,True,True,clean,
152,260408_115104400.jpg,0,300729.90024,9.23,0.2,201.3,1101,-0.24,-0.03,8.27,15.36,0.183,0,nan,nan,5.7250000000000005,True,False,True,True,clean,
153,260408_115104944.jpg,0,300730.444341,9.23,0.46,193.8,846,0.01,-0.5,7.98,14.07,0.159,0,nan,nan,4.075,True,False,True,True,clean,
154,260408_115105488.jpg,0,300730.988441,9.23,0.46,196.6,935,1.25,-2.12,9.52,11.88,0.161,0,nan,nan,6.175000000000001,True,False,True,True,clean,
155,260408_115106032.jpg,0,300731.532542,9.22,0.21,206.9,895,0.31,-1.48,9.82,10.69,0.192,0,nan,nan,5.025,True,False,True,True,clean,
156,260408_115106576.jpg,0,300732.076643,9.21,0.01,206.8,882,-0.88,-2.83,9.87,13.32,0.211,0,nan,nan,3.975,True,False,True,True,clean,
157,260408_115107120.jpg,0,300732.620743,9.19,0.18,214.4,722,0.33,-4.09,9.35,11.79,0.198,0,nan,nan,3.725,True,False,True,True,clean,
158,260408_115107664.jpg,0,300733.164844,9.17,0.35,222.0,921,0.31,-0.85,4.02,9.57,0.451,0,nan,nan,3.7750000000000004,True,False,True,True,clean,
159,260408_115108208.jpg,0,300733.708945,9.15,0.34,211.8,569,-0.28,-4.82,6.48,12.7,0.247,0,nan,nan,3.7750000000000004,True,False,True,True,clean,
160,260408_115108752.jpg,0,300734.253045,9.13,0.08,195.8,834,0.71,-0.07,6.94,12.62,0.251,0,nan,nan,3.825,True,False,True,True,clean,
161,260408_115109296.jpg,0,300734.797146,9.11,0.17,191.0,646,-0.23,-2.08,5.89,14.01,0.165,0,nan,nan,3.6750000000000003,True,False,True,True,clean,
162,260408_115109840.jpg,0,300735.341247,9.09,0.26,185.0,439,0.26,-14.21,8.27,10.83,0.109,0,nan,nan,3.625,False,False,True,True,reject,geometry
163,260408_115110384.jpg,0,300735.885347,9.08,0.21,185.5,250,-0.22,-5.48,10.53,14.98,0.075,0,nan,nan,3.6750000000000003,False,False,True,True,unverified,few_edges
164,260408_115110928.jpg,0,300736.429448,9.08,0.07,187.3,191,-5.36,-1.38,5.88,13.54,0.067,0,nan,nan,3.625,False,False,True,True,unverified,few_edges
165,260408_115111472.jpg,0,300736.973549,9.07,0.11,187.1,207,15.45,-20.99,7.96,8.27,0.0,0,nan,nan,3.625,False,False,True,True,unverified,few_edges
166,260408_115112016.jpg,0,300737.51765,9.06,0.21,184.3,72,-26.43,8.63,5.57,2.98,0.0,0,nan,nan,3.6750000000000003,False,False,True,True,unverified,few_edges
167,260408_115112560.jpg,0,300738.06175,9.05,0.25,182.9,9,nan,nan,nan,nan,nan,0,nan,nan,3.6750000000000003,False,False,True,True,unverified,few_edges
168,260408_115113104.jpg,0,300738.605851,9.04,0.05,180.4,7,nan,nan,nan,nan,nan,0,nan,nan,3.6750000000000003,False,False,True,True,unverified,few_edges
169,260408_115113648.jpg,0,300739.149951,9.04,0.26,180.9,14,nan,nan,nan,nan,nan,0,nan,nan,3.625,False,False,True,True,unverified,few_edges
170,260408_115114192.jpg,0,300739.694052,9.04,0.24,180.8,21,nan,nan,nan,nan,nan,0,nan,nan,3.7750000000000004,False,False,True,True,unverified,few_edges
171,260408_115114736.jpg,0,300740.238153,9.03,0.01,182.6,22,nan,nan,nan,nan,nan,0,nan,nan,3.7750000000000004,False,False,True,True,unverified,few_edges
172,260408_115115280.jpg,0,300740.782254,9.04,0.13,179.5,8,nan,nan,nan,nan,nan,0,nan,nan,3.7750000000000004,False,False,True,True,unverified,few_edges
173,260408_115115824.jpg,0,300741.326354,9.04,0.12,174.6,51,-15.1,28.73,0.61,4.73,0.0,0,nan,nan,3.725,False,False,True,True,unverified,few_edges
174,260408_115116368.jpg,0,300741.870455,9.03,0.13,171.8,6,nan,nan,nan,nan,nan,0,nan,nan,3.475,False,False,True,True,unverified,few_edges
175,260408_115116912.jpg,0,300742.414556,9.03,0.58,171.3,21,nan,nan,nan,nan,nan,0,nan,nan,3.4250000000000003,False,False,True,True,unverified,few_edges
176,260408_115117456.jpg,0,300742.958656,9.03,0.79,172.2,2,nan,nan,nan,nan,nan,0,nan,nan,3.475,False,False,True,True,unverified,few_edges
177,260408_115118000.jpg,0,300743.502757,9.04,1.2,172.9,8,nan,nan,nan,nan,nan,0,nan,nan,3.4250000000000003,False,False,True,True,unverified,few_edges
178,260408_115118544.jpg,0,300744.046858,9.04,1.6,176.9,10,nan,nan,nan,nan,nan,0,nan,nan,3.475,False,False,True,True,unverified,few_edges
179,260408_115119088.jpg,0,300744.590958,9.04,1.36,180.2,19,nan,nan,nan,nan,nan,0,nan,nan,3.4250000000000003,False,False,True,True,unverified,few_edges
180,260408_115119632.jpg,0,300745.135059,9.06,0.9,179.5,2,nan,nan,nan,nan,nan,0,nan,nan,3.375,False,False,True,True,unverified,few_edges
181,260408_115120176.jpg,0,300745.67916,9.07,0.2,177.3,4,nan,nan,nan,nan,nan,0,nan,nan,3.5250000000000004,False,False,True,True,unverified,few_edges
182,260408_115120720.jpg,0,300746.22326,9.07,0.6,176.0,10,nan,nan,nan,nan,nan,0,nan,nan,3.575,False,False,True,True,unverified,few_edges
183,260408_115121264.jpg,0,300746.767361,9.08,2.49,174.1,18,nan,nan,nan,nan,nan,0,nan,nan,3.625,False,False,True,True,unverified,few_edges
184,260408_115121808.jpg,0,300747.311462,9.09,3.68,173.8,5,nan,nan,nan,nan,nan,0,nan,nan,3.575,False,False,True,True,unverified,few_edges
185,260408_115122352.jpg,0,300747.855562,9.09,4.15,174.1,22,nan,nan,nan,nan,nan,0,nan,nan,3.625,False,False,True,True,unverified,few_edges
186,260408_115122896.jpg,0,300748.399663,9.1,4.11,172.4,2,nan,nan,nan,nan,nan,0,nan,nan,3.5250000000000004,False,False,True,True,unverified,few_edges
187,260408_115123440.jpg,0,300748.943764,9.11,3.03,173.4,50,-34.67,1.8,1.71,2.9,0.163,0,nan,nan,3.475,False,False,True,True,unverified,few_edges
188,260408_115123984.jpg,0,300749.487864,9.12,2.03,175.7,88,6.16,13.44,4.99,10.92,0.12,0,nan,nan,3.475,False,False,True,True,unverified,few_edges
189,260408_115124528.jpg,0,300750.031965,9.11,1.76,179.0,49,nan,nan,nan,nan,nan,0,nan,nan,4.125,False,False,True,True,unverified,few_edges
190,260408_115216292.jpg,1,300801.803322,9.83,3.33,170.2,1,nan,nan,nan,nan,nan,0,nan,nan,3.125,False,False,True,True,unverified,few_edges
191,260408_115216809.jpg,1,300802.320322,9.82,2.87,166.5,4,nan,nan,nan,nan,nan,0,nan,nan,3.375,False,False,True,True,unverified,few_edges
192,260408_115217325.jpg,1,300802.837323,9.81,3.38,168.4,18,nan,nan,nan,nan,nan,0,nan,nan,3.375,False,False,True,True,unverified,few_edges
193,260408_115217842.jpg,1,300803.354324,9.79,4.21,169.9,21,nan,nan,nan,nan,nan,0,nan,nan,3.5250000000000004,False,False,True,True,unverified,few_edges
194,260408_115218359.jpg,1,300803.871324,9.8,2.82,168.2,59,0.97,-36.82,3.73,1.68,0.0,0,nan,nan,3.625,False,False,True,True,unverified,few_edges
195,260408_115218876.jpg,1,300804.388325,9.8,2.24,170.3,83,15.13,25.13,1.38,3.74,0.0,0,nan,nan,3.625,False,False,True,True,unverified,few_edges
196,260408_115219393.jpg,1,300804.905326,9.81,2.88,171.7,109,11.58,21.04,1.15,1.78,0.0,0,nan,nan,3.625,False,False,True,True,unverified,few_edges
197,260408_115219910.jpg,1,300805.422326,9.82,2.39,175.5,166,8.27,15.04,1.18,2.06,0.167,0,nan,nan,3.9250000000000003,False,False,True,True,unverified,few_edges
198,260408_115220427.jpg,1,300805.939327,9.84,1.55,177.4,203,5.92,15.31,4.4,9.73,0.318,0,nan,nan,3.875,False,False,True,True,unverified,few_edges
199,260408_115220933.jpg,1,300806.445527,9.9,0.69,173.9,259,11.34,7.31,5.77,11.9,0.234,0,nan,nan,3.875,False,False,True,True,unverified,few_edges
200,260408_115221439.jpg,1,300806.951728,9.97,0.13,170.4,333,8.77,11.56,6.62,8.18,0.309,0,nan,nan,3.9250000000000003,False,False,True,True,reject,geometry
201,260408_115221945.jpg,1,300807.457929,10.03,0.18,168.6,223,4.9,-0.42,8.05,17.45,0.131,0,nan,nan,3.875,False,False,True,True,unverified,few_edges
202,260408_115222441.jpg,1,300807.954129,10.1,0.35,166.8,118,2.84,13.01,4.85,12.94,0.028,0,nan,nan,4.775,False,False,True,True,unverified,few_edges
203,260408_115222938.jpg,1,300808.45033,10.17,0.33,167.3,129,-11.56,13.19,14.54,12.39,0.079,0,nan,nan,3.4250000000000003,False,False,True,True,unverified,few_edges
204,260408_115223434.jpg,1,300808.946531,10.23,0.19,169.5,104,0.99,23.18,8.1,14.31,0.048,0,nan,nan,2.9250000000000003,False,False,True,True,unverified,few_edges
205,260408_115223930.jpg,1,300809.442731,10.32,0.0,170.9,97,3.51,-22.94,7.89,3.77,0.048,0,nan,nan,3.825,False,False,True,True,unverified,few_edges
206,260408_115224415.jpg,1,300809.928432,10.51,0.09,173.4,40,nan,nan,nan,nan,nan,0,nan,nan,3.6750000000000003,False,False,True,True,unverified,few_edges
207,260408_115224890.jpg,1,300810.402932,10.83,0.18,170.9,68,0.71,-7.56,8.03,15.78,0.076,0,nan,nan,3.5250000000000004,False,False,True,True,unverified,few_edges
208,260408_115225343.jpg,1,300810.856533,11.19,0.25,170.2,123,12.74,-30.24,4.35,0.63,0.019,0,nan,nan,3.5250000000000004,False,False,True,True,unverified,few_edges
209,260408_115225786.jpg,1,300811.299633,11.37,0.02,172.6,31,nan,nan,nan,nan,nan,0,nan,nan,3.475,False,False,True,True,unverified,few_edges
210,260408_115226230.jpg,1,300811.742734,11.39,0.13,175.2,7,nan,nan,nan,nan,nan,0,nan,nan,3.475,False,False,True,True,unverified,few_edges
211,260408_115226673.jpg,1,300812.185835,11.4,0.17,178.2,124,24.4,0.84,3.63,6.42,0.031,0,nan,nan,3.375,False,False,True,True,unverified,few_edges
212,260408_115227116.jpg,1,300812.628935,11.38,0.41,176.2,57,4.6,-16.92,5.44,8.79,0.022,0,nan,nan,3.625,False,False,True,True,unverified,few_edges
213,260408_115227559.jpg,1,300813.072036,11.37,0.19,175.4,216,1.04,-0.97,13.5,7.37,0.078,0,nan,nan,3.625,False,False,True,True,unverified,few_edges
214,260408_115228002.jpg,1,300813.515136,11.35,0.21,178.3,161,5.31,11.58,6.54,11.89,0.02,0,nan,nan,3.4250000000000003,False,False,True,True,unverified,few_edges
215,260408_115228445.jpg,1,300813.958237,11.34,0.03,182.0,189,0.77,0.65,17.78,15.02,0.015,0,nan,nan,3.4250000000000003,False,False,True,True,unverified,few_edges
216,260408_115228888.jpg,1,300814.401337,11.32,0.33,192.2,172,-0.56,-14.73,4.9,14.7,0.025,0,nan,nan,3.725,False,False,True,True,unverified,few_edges
217,260408_115229331.jpg,1,300814.844438,11.3,0.17,201.8,455,4.13,10.08,11.81,11.67,0.031,0,nan,nan,4.875,False,False,True,True,reject,geometry
218,260408_115229774.jpg,1,300815.287538,11.27,0.12,234.2,150,0.38,4.09,11.92,14.7,0.132,0,nan,nan,5.075,False,False,True,True,unverified,few_edges
219,260408_115230217.jpg,1,300815.730639,11.24,0.18,255.3,255,6.63,-3.06,10.46,13.07,0.051,0,nan,nan,5.075,False,False,True,True,unverified,few_edges
220,260408_115230660.jpg,1,300816.173739,11.23,0.17,219.8,188,0.91,-4.15,12.17,20.13,0.056,0,nan,nan,3.9250000000000003,False,False,True,True,unverified,few_edges
221,260408_115231103.jpg,1,300816.61684,11.21,0.04,228.0,870,0.61,-5.77,7.54,14.76,0.161,0,nan,nan,3.6750000000000003,True,False,True,True,clean,
222,260408_115231546.jpg,1,300817.059941,11.19,0.13,200.9,983,2.06,-4.32,10.1,11.27,0.18,0,nan,nan,3.5250000000000004,True,False,True,True,clean,
223,260408_115231989.jpg,1,300817.503041,11.18,0.28,199.4,972,-0.9,-1.84,8.91,10.81,0.222,0,nan,nan,4.375,True,False,True,True,clean,
224,260408_115232432.jpg,1,300817.946142,11.16,0.27,203.6,1007,-0.3,0.36,7.64,12.17,0.273,0,nan,nan,6.275,True,False,True,True,clean,
225,260408_115232875.jpg,1,300818.389242,11.14,0.25,219.1,2031,0.45,0.87,11.22,13.06,0.205,0,nan,nan,4.425,True,False,True,True,clean,
226,260408_115233318.jpg,1,300818.832343,11.12,0.06,221.8,1945,0.76,-0.51,7.65,13.7,0.22,0,nan,nan,4.775,True,False,True,True,clean,
227,260408_115233761.jpg,1,300819.275443,11.1,0.17,202.7,1716,0.3,-0.73,9.34,13.75,0.107,0,nan,nan,6.075,True,False,True,True,clean,
228,260408_115234204.jpg,1,300819.718544,11.08,0.11,191.4,2810,0.92,0.21,4.65,10.57,0.333,0,nan,nan,8.625,True,False,True,True,clean,
229,260408_115234647.jpg,1,300820.161644,11.06,0.56,183.7,1753,2.33,5.37,7.16,11.46,0.18,0,nan,nan,3.625,True,False,True,True,clean,
230,260408_115235090.jpg,1,300820.604745,11.07,0.66,181.3,1777,-0.46,-0.1,8.1,12.99,0.213,0,nan,nan,3.075,True,False,True,True,clean,
231,260408_115235533.jpg,1,300821.047845,11.04,0.05,189.1,1934,0.5,-0.67,5.77,12.68,0.327,0,nan,nan,3.325,True,False,True,True,clean,
232,260408_115235988.jpg,1,300821.503146,11.03,0.12,198.3,2618,-0.49,-2.38,4.58,14.55,0.33,0,nan,nan,3.2750000000000004,True,False,True,True,clean,
233,260408_115236444.jpg,1,300821.958447,11.05,0.04,197.6,1559,-0.62,-1.59,7.39,13.86,0.246,0,nan,nan,3.2750000000000004,True,False,True,True,clean,
234,260408_115236899.jpg,1,300822.413747,11.04,0.26,201.6,1978,0.62,1.21,8.54,15.05,0.295,0,nan,nan,3.2750000000000004,True,False,True,True,clean,
235,260408_115237354.jpg,1,300822.869048,11.04,0.4,201.7,2444,1.21,3.01,10.19,12.26,0.156,0,nan,nan,3.325,True,False,True,True,clean,
236,260408_115237809.jpg,1,300823.324348,11.04,0.16,207.2,2676,2.93,0.13,7.15,13.11,0.218,0,nan,nan,3.4250000000000003,True,False,True,True,clean,
237,260408_115238265.jpg,1,300823.779649,11.07,0.62,214.2,2505,-0.21,0.7,5.64,10.47,0.215,0,nan,nan,3.375,True,False,True,True,clean,
238,260408_115238720.jpg,1,300824.234949,11.09,0.65,222.9,3037,-0.53,-0.42,6.93,12.39,0.222,0,nan,nan,3.725,True,False,True,True,clean,
239,260408_115239175.jpg,1,300824.69025,11.12,0.02,235.1,3436,0.09,0.6,8.09,9.94,0.269,0,nan,nan,3.7750000000000004,True,False,True,True,clean,
240,260408_115239630.jpg,1,300825.14555,11.15,0.25,234.6,4674,0.4,0.42,7.17,11.89,0.301,0,nan,nan,3.7750000000000004,True,False,True,True,clean,
241,260408_115240085.jpg,1,300825.600851,11.15,0.36,230.9,4159,-0.36,-1.56,9.03,10.58,0.191,0,nan,nan,4.425,True,False,True,True,clean,
242,260408_115240541.jpg,1,300826.056152,11.14,0.44,239.4,4177,4.2,0.33,9.81,11.32,0.194,0,nan,nan,4.9750000000000005,True,False,True,True,clean,
243,260408_115240996.jpg,1,300826.511452,11.16,0.28,255.2,2133,-0.08,-0.45,8.73,8.8,0.201,0,nan,nan,4.125,True,False,True,True,clean,
244,260408_115241451.jpg,1,300826.966753,11.16,0.08,289.2,1815,0.14,-0.19,4.97,12.15,0.224,0,nan,nan,4.525,True,False,True,True,clean,
245,260408_115241906.jpg,1,300827.422053,11.15,0.03,321.4,1702,-0.65,0.2,9.52,10.39,0.193,0,nan,nan,5.675000000000001,True,False,True,True,clean,
246,260408_115242362.jpg,1,300827.877354,11.13,0.09,312.9,2777,7.53,0.2,13.31,10.95,0.093,0,nan,nan,7.775,False,False,True,True,reject,geometry
247,260408_115242817.jpg,1,300828.332654,11.11,0.13,260.1,4308,-2.49,5.39,12.2,9.09,0.138,0,nan,nan,6.625,True,False,True,True,clean,
248,260408_115243272.jpg,1,300828.787955,11.1,0.12,247.8,5920,0.62,0.93,3.62,14.13,0.288,0,nan,nan,4.675,True,False,True,True,clean,
249,260408_115243727.jpg,1,300829.243256,11.07,0.25,330.5,4924,2.21,0.59,9.11,11.0,0.221,0,nan,nan,5.875,True,False,True,True,clean,
250,260408_115244183.jpg,1,300829.698556,11.03,0.27,402.5,3434,1.81,2.96,12.88,10.94,0.175,0,nan,nan,5.825,True,False,True,True,clean,
251,260408_115244638.jpg,1,300830.153857,11.02,0.38,348.0,1980,0.2,0.12,6.73,10.52,0.188,0,nan,nan,5.425000000000001,True,False,True,True,clean,
252,260408_115245093.jpg,1,300830.609157,10.99,0.82,256.4,6721,-2.64,0.45,6.22,11.66,0.237,0,nan,nan,4.025,True,False,True,True,clean,
253,260408_115245548.jpg,1,300831.064458,10.96,1.35,244.8,6696,-0.45,0.13,5.22,13.04,0.258,0,nan,nan,4.4750000000000005,True,False,True,True,clean,
254,260408_115246003.jpg,1,300831.519758,10.96,1.64,242.7,6970,0.15,0.23,7.36,10.66,0.279,0,nan,nan,4.875,True,False,True,True,clean,
255,260408_115246459.jpg,1,300831.975059,10.97,1.66,219.2,6584,-0.79,-3.75,7.87,10.87,0.262,0,nan,nan,5.575,True,False,True,True,clean,
256,260408_115246914.jpg,1,300832.430359,10.98,1.62,213.6,6105,-0.53,-0.26,10.29,12.93,0.206,0,nan,nan,4.2250000000000005,True,False,True,True,clean,
257,260408_115247369.jpg,1,300832.88566,11.0,2.49,255.6,4314,-0.05,0.25,9.05,14.99,0.212,0,nan,nan,6.075,True,False,True,True,clean,
258,260408_115247824.jpg,1,300833.340961,11.03,3.54,277.1,7759,0.37,0.08,4.98,10.14,0.417,0,nan,nan,5.575,True,False,True,True,clean,
259,260408_115248280.jpg,1,300833.796261,11.04,3.39,333.3,7704,0.24,0.47,5.83,12.13,0.274,0,nan,nan,5.025,True,False,True,True,clean,
260,260408_115248735.jpg,1,300834.251562,11.06,3.04,293.5,8924,0.14,0.24,5.26,12.13,0.353,0,nan,nan,5.2250000000000005,True,False,True,True,clean,
261,260408_115249190.jpg,1,300834.706862,11.06,2.93,264.7,10259,0.53,0.51,8.29,10.06,0.351,0,nan,nan,4.625,True,False,True,True,clean,
262,260408_115249645.jpg,1,300835.162163,11.03,2.03,244.3,6920,0.02,-2.65,8.11,11.62,0.287,0,nan,nan,4.775,True,False,True,True,clean,
263,260408_115250100.jpg,1,300835.617463,11.03,0.75,269.0,4372,-0.2,0.28,12.73,11.3,0.184,0,nan,nan,4.2250000000000005,True,False,True,True,clean,
264,260408_115250556.jpg,1,300836.072764,11.01,0.34,253.1,9590,-0.49,0.13,3.64,11.67,0.324,0,nan,nan,5.025,True,False,True,True,clean,
265,260408_115251011.jpg,1,300836.528065,11.0,0.4,244.8,7222,-0.4,-0.79,6.6,13.01,0.247,0,nan,nan,4.325,True,False,True,True,clean,
266,260408_115251466.jpg,1,300836.983365,11.0,0.35,246.6,6532,0.44,0.43,7.33,13.04,0.236,0,nan,nan,4.125,True,False,True,True,clean,
267,260408_115251921.jpg,1,300837.438666,10.99,0.18,249.9,6278,-0.66,4.23,9.49,15.3,0.124,0,nan,nan,4.675,True,False,True,True,clean,
268,260408_115252377.jpg,1,300837.893966,10.99,0.2,242.6,3980,0.23,0.49,8.25,10.21,0.231,0,nan,nan,4.175,True,False,True,True,clean,
269,260408_115252832.jpg,1,300838.349267,10.99,0.7,249.7,4008,-0.11,-0.06,11.09,10.95,0.14,0,nan,nan,4.425,True,False,True,True,clean,
270,260408_115253287.jpg,1,300838.804567,10.98,0.82,255.8,5700,0.29,2.41,7.46,13.2,0.181,0,nan,nan,4.4750000000000005,True,False,True,True,clean,
271,260408_115253742.jpg,1,300839.259868,10.99,0.81,268.7,6208,-0.74,0.8,5.92,13.4,0.231,0,nan,nan,4.025,True,False,True,True,clean,
272,260408_115254198.jpg,1,300839.715168,10.99,0.82,289.2,6573,0.14,0.85,6.62,10.41,0.272,0,nan,nan,3.325,True,False,True,True,clean,
273,260408_115254653.jpg,1,300840.170469,10.98,0.04,408.1,5871,0.62,-0.12,5.01,12.24,0.212,0,nan,nan,3.7750000000000004,True,False,True,True,clean,
274,260408_115255108.jpg,1,300840.62577,10.99,0.77,514.8,3413,-0.5,1.26,7.26,11.06,0.192,0,nan,nan,3.5250000000000004,True,False,True,True,clean,
275,260408_115255563.jpg,1,300841.08107,11.0,0.49,325.3,3406,0.36,1.13,6.13,13.07,0.161,0,nan,nan,5.025,True,False,True,True,clean,
276,260408_115256018.jpg,1,300841.536371,11.0,2.14,265.7,5279,0.21,1.16,7.5,13.58,0.189,0,nan,nan,4.7250000000000005,True,False,True,True,clean,
277,260408_115256474.jpg,1,300841.991671,11.0,2.85,233.6,4675,-0.31,2.07,6.06,15.84,0.207,0,nan,nan,3.725,True,False,True,True,clean,
278,260408_115256929.jpg,1,300842.446972,11.0,3.51,244.3,3524,0.77,0.25,4.86,11.12,0.375,0,nan,nan,3.625,True,False,True,True,clean,
279,260408_115257384.jpg,1,300842.902272,11.0,3.78,239.9,3458,-0.25,5.96,6.34,16.78,0.171,0,nan,nan,3.7750000000000004,False,False,True,True,reject,geometry
280,260408_115257839.jpg,1,300843.357573,11.0,3.78,249.7,2595,-0.17,-0.23,4.56,10.08,0.316,0,nan,nan,3.625,True,False,True,True,clean,
281,260408_115258295.jpg,1,300843.812874,11.0,3.63,306.8,1878,0.12,2.04,7.23,17.16,0.152,0,nan,nan,4.2250000000000005,False,False,True,True,reject,geometry
282,260408_115258750.jpg,1,300844.268174,11.0,3.26,271.2,2782,-1.0,-4.03,11.95,9.95,0.144,0,nan,nan,4.275,True,False,True,True,clean,
283,260408_115259205.jpg,1,300844.723475,10.98,3.1,239.7,4890,0.54,0.29,3.42,12.05,0.326,0,nan,nan,4.925000000000001,True,False,True,True,clean,
284,260408_115259660.jpg,1,300845.178775,10.97,3.11,243.6,3594,0.41,-1.52,11.67,13.73,0.129,0,nan,nan,9.175,True,False,True,True,clean,
285,260408_115300116.jpg,1,300845.634076,10.99,2.96,245.0,6178,1.31,-4.19,3.71,9.82,0.362,0,nan,nan,3.9250000000000003,True,False,True,True,clean,
286,260408_115300571.jpg,1,300846.089376,11.0,1.74,249.0,4544,-0.14,-3.07,4.86,17.53,0.204,0,nan,nan,3.125,False,False,True,True,reject,geometry
287,260408_115301026.jpg,1,300846.544677,11.0,0.35,247.3,3066,0.58,0.29,6.28,11.41,0.224,0,nan,nan,3.1750000000000003,True,False,True,True,clean,
288,260408_115301481.jpg,1,300846.999977,11.03,0.76,244.5,4204,0.88,-0.96,9.02,10.67,0.195,0,nan,nan,3.2750000000000004,True,False,True,True,clean,
289,260408_115301936.jpg,1,300847.455278,11.04,1.27,245.5,6887,-0.09,-0.71,5.55,10.87,0.299,0,nan,nan,4.075,True,False,True,True,clean,
290,260408_115302392.jpg,1,300847.910579,11.05,1.07,251.2,6940,0.28,1.66,10.28,11.28,0.209,0,nan,nan,3.375,True,False,True,True,clean,
291,260408_115302847.jpg,1,300848.365879,11.07,0.67,284.1,5789,0.25,0.69,9.17,11.38,0.227,0,nan,nan,3.225,True,False,True,True,clean,
292,260408_115303302.jpg,1,300848.82118,11.09,0.6,302.2,4940,0.32,3.3,8.47,9.12,0.269,0,nan,nan,3.225,True,False,True,True,clean,
293,260408_115303757.jpg,1,300849.27648,11.11,1.2,359.3,4473,0.9,0.97,9.49,10.63,0.235,0,nan,nan,4.425,True,False,True,True,clean,
294,260408_115304213.jpg,1,300849.731781,11.11,0.85,363.6,6400,-0.16,0.74,9.6,10.94,0.289,0,nan,nan,6.025,True,False,True,True,clean,
295,260408_115304668.jpg,1,300850.187081,11.12,0.97,370.5,6146,0.02,2.04,9.9,11.07,0.252,0,nan,nan,6.175000000000001,True,False,True,True,clean,
296,260408_115305123.jpg,1,300850.642382,11.13,1.01,408.3,4863,-5.08,0.82,9.99,9.59,0.183,0,nan,nan,5.7250000000000005,True,False,True,True,clean,
297,260408_115305578.jpg,1,300851.097682,11.13,0.66,422.6,4861,3.3,-0.18,10.79,13.54,0.152,0,nan,nan,4.275,True,False,True,True,clean,
298,260408_115306034.jpg,1,300851.552983,11.1,0.46,386.3,5332,-0.69,2.29,9.27,11.65,0.197,0,nan,nan,3.475,True,False,True,True,clean,
299,260408_115306489.jpg,1,300852.008284,11.07,0.65,361.2,4217,0.01,2.23,7.34,9.75,0.234,0,nan,nan,3.825,True,False,True,True,clean,
300,260408_115306944.jpg,1,300852.463584,11.05,1.19,354.5,7209,0.86,-0.11,8.0,9.82,0.263,0,nan,nan,4.625,True,False,True,True,clean,
301,260408_115307399.jpg,1,300852.918885,11.03,1.62,335.9,6668,-1.39,0.3,8.96,12.18,0.245,0,nan,nan,4.625,True,False,True,True,clean,
302,260408_115307854.jpg,1,300853.374185,11.0,1.48,340.6,7661,-0.37,-0.04,9.34,9.69,0.298,0,nan,nan,5.2250000000000005,True,False,True,True,clean,
303,260408_115308310.jpg,1,300853.829486,10.98,0.88,376.2,7999,1.12,-1.57,8.62,12.18,0.287,0,nan,nan,4.925000000000001,True,False,True,True,clean,
304,260408_115308765.jpg,1,300854.284786,10.99,0.43,421.1,5669,0.63,1.61,9.78,10.83,0.222,0,nan,nan,4.775,True,False,True,True,clean,
305,260408_115309220.jpg,1,300854.740087,11.01,0.18,399.6,5778,0.72,0.55,10.04,11.2,0.243,0,nan,nan,4.625,True,False,True,True,clean,
306,260408_115309675.jpg,1,300855.195388,11.02,0.55,406.3,6027,-2.71,0.91,8.94,11.54,0.204,0,nan,nan,3.9250000000000003,True,False,True,True,clean,
307,260408_115310131.jpg,1,300855.650688,11.03,0.61,425.6,6661,1.39,0.88,11.51,11.71,0.183,0,nan,nan,5.075,True,False,True,True,clean,
308,260408_115310586.jpg,1,300856.105989,11.02,0.16,451.1,6204,0.33,-0.9,10.94,9.99,0.22,0,nan,nan,4.925000000000001,True,False,True,True,clean,
309,260408_115311041.jpg,1,300856.561289,11.01,0.24,550.1,6816,-2.94,0.59,11.34,9.54,0.211,0,nan,nan,4.2250000000000005,True,False,True,True,clean,
310,260408_115311496.jpg,1,300857.01659,11.02,0.28,675.7,6975,2.07,0.88,6.7,7.88,0.353,0,nan,nan,4.7250000000000005,True,False,True,True,clean,
311,260408_115311951.jpg,1,300857.47189,11.0,0.01,758.6,3357,-0.35,-1.37,7.15,9.88,0.179,0,nan,nan,6.075,True,False,True,True,clean,
312,260408_115312407.jpg,1,300857.927191,10.99,0.31,699.6,4960,-0.54,-1.82,4.48,8.54,0.33,0,nan,nan,8.375,True,False,True,True,clean,
313,260408_115312862.jpg,1,300858.382492,10.97,0.24,632.7,3721,-5.35,0.5,8.61,9.12,0.226,0,nan,nan,4.125,True,False,True,True,clean,
314,260408_115313317.jpg,1,300858.837792,10.94,0.02,566.8,4725,1.12,2.65,10.14,10.58,0.228,0,nan,nan,4.425,True,False,True,True,clean,
315,260408_115313772.jpg,1,300859.293093,10.95,0.0,543.9,5039,-0.81,-0.47,7.42,12.1,0.233,0,nan,nan,5.075,True,False,True,True,clean,
316,260408_115314228.jpg,1,300859.748393,11.03,0.1,552.6,4853,-0.09,4.97,7.07,10.89,0.223,0,nan,nan,4.825,True,False,True,True,clean,
317,260408_115314683.jpg,1,300860.203694,11.08,0.09,550.2,4851,0.34,-0.33,8.74,10.26,0.286,0,nan,nan,4.425,True,False,True,True,clean,
318,260408_115315138.jpg,1,300860.658994,11.07,0.43,670.6,4096,0.76,0.77,7.97,10.77,0.264,0,nan,nan,4.2250000000000005,True,False,True,True,clean,
319,260408_115315593.jpg,1,300861.114295,11.1,0.4,733.1,4812,0.26,0.23,8.05,11.41,0.251,0,nan,nan,4.4750000000000005,True,False,True,True,clean,
320,260408_115316049.jpg,1,300861.569596,11.07,0.13,529.1,4888,-0.07,0.49,8.87,10.85,0.209,0,nan,nan,4.625,True,False,True,True,clean,
321,260408_115316504.jpg,1,300862.024896,11.05,0.04,737.9,4694,-0.5,-0.06,8.79,11.57,0.18,0,nan,nan,8.175,True,False,True,True,clean,
322,260408_115316959.jpg,1,300862.480197,11.05,0.09,857.7,4358,-0.37,-0.74,7.4,10.97,0.186,0,nan,nan,7.575,True,False,True,True,clean,
323,260408_115317414.jpg,1,300862.935497,11.01,0.51,423.5,5924,-0.3,-0.02,9.8,10.72,0.224,0,nan,nan,4.4750000000000005,True,False,True,True,clean,
324,260408_115317869.jpg,1,300863.390798,10.98,0.57,420.6,5813,-0.17,0.25,8.04,10.53,0.285,0,nan,nan,4.375,True,False,True,True,clean,
325,260408_115318325.jpg,1,300863.846098,10.98,0.17,388.2,6130,-0.47,0.02,8.88,11.24,0.264,0,nan,nan,4.675,True,False,True,True,clean,
326,260408_115318780.jpg,1,300864.301399,10.97,0.04,371.0,5975,-0.24,0.7,8.17,9.39,0.284,0,nan,nan,5.9750000000000005,True,False,True,True,clean,
327,260408_115319235.jpg,1,300864.756699,10.95,0.12,433.8,5404,0.23,0.77,8.62,10.45,0.233,0,nan,nan,6.525,True,False,True,True,clean,
328,260408_115319690.jpg,1,300865.212,10.95,0.11,469.6,5652,-0.66,1.15,8.97,10.72,0.241,0,nan,nan,4.525,True,False,True,True,clean,
329,260408_115320146.jpg,1,300865.667301,10.94,0.32,511.8,5805,-0.16,0.65,6.13,7.14,0.365,0,nan,nan,5.525,True,False,True,True,clean,
330,260408_115320601.jpg,1,300866.122601,10.93,0.59,553.0,6434,0.52,0.09,7.52,10.28,0.328,0,nan,nan,4.9750000000000005,True,False,True,True,clean,
331,260408_115321056.jpg,1,300866.577902,10.93,0.63,584.4,5522,-0.28,-0.09,7.73,11.48,0.276,0,nan,nan,5.7250000000000005,True,False,True,True,clean,
332,260408_115321511.jpg,1,300867.033202,10.94,0.25,626.2,5998,-0.3,-0.04,5.95,9.13,0.396,0,nan,nan,6.075,True,False,True,True,clean,
333,260408_115321967.jpg,1,300867.488503,10.94,0.2,767.6,4831,-0.02,0.42,6.51,7.26,0.421,0,nan,nan,10.975000000000001,True,False,True,True,clean,
334,260408_115322422.jpg,1,300867.943803,10.95,0.36,1171.6,2448,0.69,5.24,9.62,12.15,0.193,0,nan,nan,9.225,True,False,True,True,clean,
335,260408_115322877.jpg,1,300868.399104,10.97,0.29,981.4,1538,-0.1,1.79,8.03,13.58,0.14,0,nan,nan,11.625,True,False,True,True,clean,
336,260408_115323332.jpg,1,300868.854405,10.98,0.04,674.0,2612,-0.38,-0.57,6.95,11.07,0.201,0,nan,nan,6.075,True,False,True,True,clean,
337,260408_115323787.jpg,1,300869.309705,10.99,0.19,548.2,3557,0.39,1.65,6.01,12.03,0.253,0,nan,nan,4.825,True,False,True,True,clean,
338,260408_115324243.jpg,1,300869.765006,10.99,0.31,462.4,3742,0.14,3.44,7.13,12.48,0.202,0,nan,nan,4.7250000000000005,True,False,True,True,clean,
339,260408_115324698.jpg,1,300870.220306,10.99,0.21,393.0,5228,-0.2,0.59,5.78,11.2,0.297,0,nan,nan,4.525,True,False,True,True,clean,
340,260408_115325153.jpg,1,300870.675607,10.99,0.61,374.0,3661,-0.14,1.15,6.38,11.58,0.252,0,nan,nan,4.825,True,False,True,True,clean,
341,260408_115325608.jpg,1,300871.130907,10.98,0.3,383.1,3631,-0.09,-0.41,6.46,11.81,0.255,0,nan,nan,5.125,True,False,True,True,clean,
342,260408_115326064.jpg,1,300871.586208,10.97,0.03,413.6,3882,-0.17,-0.54,6.09,10.52,0.294,0,nan,nan,5.025,True,False,True,True,clean,
343,260408_115326519.jpg,1,300872.041508,10.97,0.08,403.7,4563,0.24,-0.57,6.61,11.65,0.303,0,nan,nan,4.425,True,False,True,True,clean,
344,260408_115326974.jpg,1,300872.496809,10.97,0.07,392.4,3022,0.24,-0.7,7.46,8.89,0.319,0,nan,nan,4.2250000000000005,True,False,True,True,clean,
345,260408_115327429.jpg,1,300872.95211,10.98,0.1,382.6,2293,0.75,-0.57,8.04,10.56,0.261,0,nan,nan,5.775,True,False,True,True,clean,
346,260408_115327884.jpg,1,300873.40741,11.0,0.19,377.3,1732,0.98,0.87,9.14,9.29,0.224,0,nan,nan,7.675000000000001,True,False,True,True,clean,
347,260408_115328340.jpg,1,300873.862711,11.09,0.39,363.3,1827,-0.05,-0.81,10.4,10.34,0.243,0,nan,nan,5.4750000000000005,True,False,True,True,clean,
348,260408_115328787.jpg,1,300874.310421,11.03,0.16,421.8,815,0.36,-4.04,8.83,16.68,0.143,0,nan,nan,6.2250000000000005,False,False,True,True,reject,geometry
349,260408_115329242.jpg,1,300874.765622,11.0,0.42,443.9,1136,-1.27,1.29,6.98,10.37,0.286,0,nan,nan,5.775,True,False,True,True,clean,
350,260408_115329698.jpg,1,300875.220822,11.07,0.02,485.2,759,-0.61,-0.16,6.8,9.22,0.326,0,nan,nan,7.075,True,False,True,True,clean,
351,260408_115330153.jpg,1,300875.676023,11.01,0.0,475.7,567,0.2,2.75,10.2,9.77,0.198,0,nan,nan,6.075,True,False,True,True,clean,
352,260408_115330608.jpg,1,300876.131224,10.99,0.1,437.6,853,-0.18,-1.74,8.23,9.97,0.316,0,nan,nan,5.675000000000001,True,False,True,True,clean,
353,260408_115331063.jpg,1,300876.586424,10.99,0.3,417.1,918,0.01,-1.29,8.32,10.66,0.307,0,nan,nan,5.325,True,False,True,True,clean,
354,260408_115331518.jpg,1,300877.041625,10.98,0.29,416.5,1069,-0.64,0.62,7.98,9.38,0.309,0,nan,nan,4.825,True,False,True,True,clean,
355,260408_115331973.jpg,1,300877.496825,10.97,0.07,404.0,807,-0.15,-0.03,5.82,11.65,0.271,0,nan,nan,4.575,True,False,True,True,clean,
356,260408_115332428.jpg,1,300877.952026,10.98,0.31,342.6,1362,-0.3,-3.2,6.28,10.94,0.28,0,nan,nan,5.075,True,False,True,True,clean,
357,260408_115332884.jpg,1,300878.407226,10.98,0.23,301.7,1546,-0.59,-0.53,6.8,10.17,0.352,0,nan,nan,5.525,True,False,True,True,clean,
358,260408_115333339.jpg,1,300878.862427,10.97,0.16,308.3,1251,-0.14,-2.29,6.69,9.27,0.357,0,nan,nan,4.825,True,False,True,True,clean,
359,260408_115333794.jpg,1,300879.317628,10.98,0.14,294.4,1267,-0.13,-4.31,3.91,9.24,0.386,0,nan,nan,4.775,True,False,True,True,clean,
360,260408_115334249.jpg,1,300879.772828,10.99,0.29,293.3,398,-0.7,1.07,6.48,9.81,0.212,0,nan,nan,4.775,True,False,True,True,clean,
361,260408_115334704.jpg,1,300880.228029,11.0,0.07,295.7,490,-0.24,-5.09,7.87,11.42,0.279,0,nan,nan,4.775,True,False,True,True,clean,
362,260408_115335159.jpg,1,300880.683229,11.01,0.49,313.8,439,0.46,1.17,8.76,10.61,0.23,0,nan,nan,4.875,True,False,True,True,clean,
363,260408_115335614.jpg,1,300881.13843,11.02,1.11,331.6,460,-0.39,-0.97,4.16,11.67,0.312,0,nan,nan,4.675,True,False,True,True,clean,
364,260408_115336069.jpg,1,300881.59363,11.03,1.11,340.4,250,0.04,-6.3,7.74,9.56,0.228,0,nan,nan,4.525,False,False,True,True,unverified,few_edges
365,260408_115336525.jpg,1,300882.048831,11.05,0.17,327.5,164,-0.22,-0.75,7.39,5.72,0.235,0,nan,nan,4.775,False,False,True,True,unverified,few_edges
366,260408_115336980.jpg,1,300882.504031,11.07,0.51,307.2,199,-1.72,-3.94,7.22,13.84,0.194,0,nan,nan,4.925000000000001,False,False,True,True,unverified,few_edges
367,260408_115337435.jpg,1,300882.959232,11.08,0.27,292.9,189,-1.94,6.86,12.06,17.0,0.066,0,nan,nan,4.7250000000000005,False,False,True,True,unverified,few_edges
368,260408_115337890.jpg,1,300883.414433,11.09,0.03,289.7,252,0.11,1.37,6.76,10.68,0.188,0,nan,nan,4.7250000000000005,False,False,True,True,unverified,few_edges
369,260408_115338345.jpg,1,300883.869633,11.09,0.01,290.4,329,0.26,0.28,6.32,11.47,0.193,0,nan,nan,4.875,True,False,True,True,clean,
370,260408_115338800.jpg,1,300884.324834,11.11,0.28,294.4,395,0.66,2.5,5.62,13.96,0.254,0,nan,nan,4.825,True,False,True,True,clean,
371,260408_115339255.jpg,1,300884.780034,11.12,0.43,300.1,174,0.25,-0.07,4.67,13.24,0.261,0,nan,nan,4.9750000000000005,False,False,True,True,unverified,few_edges
372,260408_115339710.jpg,1,300885.235235,11.14,0.23,305.2,138,-0.31,-1.64,4.59,7.69,0.406,0,nan,nan,5.075,False,False,True,True,unverified,few_edges
373,260408_115340166.jpg,1,300885.690435,11.14,0.0,309.3,19,nan,nan,nan,nan,nan,0,nan,nan,5.025,False,False,True,True,unverified,few_edges
374,260408_115340621.jpg,1,300886.145636,11.14,0.14,311.0,8,nan,nan,nan,nan,nan,0,nan,nan,4.9750000000000005,False,False,True,True,unverified,few_edges
375,260408_115341076.jpg,1,300886.600837,11.15,0.15,314.7,4,nan,nan,nan,nan,nan,0,nan,nan,4.875,False,False,True,True,unverified,few_edges
376,260408_115341531.jpg,1,300887.056037,11.15,0.14,317.5,1,nan,nan,nan,nan,nan,0,nan,nan,6.075,False,False,True,True,unverified,few_edges
377,260408_115506937.jpg,2,300972.475284,7.97,1.71,450.3,4899,0.18,-0.34,7.01,10.67,0.297,0,nan,nan,8.875,True,False,True,True,clean,
378,260408_115507594.jpg,2,300973.132885,7.25,6.79,411.2,2947,0.02,-0.49,6.13,10.66,0.394,0,nan,nan,6.775,True,False,False,True,usable,turning
379,260408_115508411.jpg,2,300973.949886,5.55,16.04,379.5,2089,0.29,-0.52,7.95,10.75,0.257,0,nan,nan,6.4750000000000005,True,False,False,True,usable,turning
380,260408_115509564.jpg,2,300975.103388,4.03,24.06,351.1,3022,0.11,0.14,6.99,8.98,0.278,0,nan,nan,6.825,True,False,False,True,usable,turning
381,260408_115510919.jpg,2,300976.45769,3.51,27.11,299.8,4442,0.02,-0.85,11.63,12.53,0.107,0,nan,nan,6.675000000000001,True,False,False,True,usable,turning
382,260408_115512322.jpg,2,300977.860891,3.76,17.94,276.8,6384,-2.95,0.03,7.38,9.08,0.319,0,nan,nan,7.325,True,False,False,True,usable,turning
383,260408_115513522.jpg,2,300979.061693,4.33,4.79,210.5,7041,-0.13,-0.4,7.22,9.41,0.323,0,nan,nan,6.325,True,False,True,True,clean,
384,260408_115514566.jpg,2,300980.105294,4.98,0.89,175.2,2742,-0.49,-0.56,8.24,7.68,0.237,0,nan,nan,3.825,True,False,True,True,clean,
385,260408_115515472.jpg,2,300981.012295,5.63,0.86,177.1,4483,-0.82,-1.67,7.77,14.28,0.224,0,nan,nan,4.2250000000000005,True,False,True,True,clean,
386,260408_115516304.jpg,2,300981.844196,6.2,0.54,164.1,4094,0.32,-0.74,11.01,11.41,0.219,0,nan,nan,3.325,True,False,True,True,clean,
387,260408_115517071.jpg,2,300982.610997,6.65,0.8,167.9,6514,3.27,-0.12,8.29,8.89,0.246,0,nan,nan,3.1750000000000003,True,False,True,True,clean,
388,260408_115517794.jpg,2,300983.333798,6.96,0.98,188.0,8860,-0.77,-1.0,11.66,10.61,0.152,369,-0.57,0.69,4.075,True,False,True,True,clean,
389,260408_115518506.jpg,2,300984.046099,7.03,0.11,216.5,4915,-1.38,0.78,7.75,11.78,0.11,339,-0.81,-0.03,3.375,True,False,True,True,clean,
390,260408_115519218.jpg,2,300984.7584,6.92,0.06,232.7,6224,0.01,0.91,10.98,9.35,0.125,1119,-1.39,0.39,2.9250000000000003,True,False,True,True,clean,
391,260408_115519951.jpg,2,300985.491301,6.78,0.5,229.4,11735,-16.07,4.4,10.43,15.12,0.075,1371,-0.8,5.21,4.275,False,False,True,True,reject,geometry
392,260408_115520694.jpg,2,300986.235101,6.64,0.66,263.8,10177,-3.86,7.15,13.14,14.6,0.133,1654,-0.13,-0.59,4.675,False,False,True,True,reject,geometry
393,260408_115521459.jpg,2,300986.999302,6.5,0.44,276.2,7170,6.36,-2.53,8.37,15.24,0.141,872,-0.3,1.17,4.175,False,False,True,True,reject,geometry
394,260408_115522234.jpg,2,300987.775203,6.35,0.64,241.4,3662,-0.75,0.99,8.79,12.04,0.123,758,-0.2,-6.09,5.525,True,False,True,True,clean,
395,260408_115523033.jpg,2,300988.574204,6.15,6.45,263.6,4653,-0.8,0.15,7.27,17.16,0.157,430,-2.06,-2.26,4.775,False,False,False,True,reject,geometry+turning
396,260408_115523895.jpg,2,300989.436405,5.57,13.63,369.2,3427,1.27,-8.32,4.05,17.4,0.123,379,0.33,0.96,5.875,False,False,False,True,reject,geometry+turning
397,260408_115524987.jpg,2,300990.528107,5.09,15.67,469.4,4024,1.25,-2.13,9.28,12.62,0.199,241,0.1,0.18,5.375,True,False,False,True,usable,turning
398,260408_115711916.jpg,3,301097.47459,2.36,1.58,313.8,183,0.29,-0.21,8.63,4.89,0.132,0,nan,nan,6.525,False,False,False,True,usable,few_edges+slow
399,260408_115713753.jpg,3,301099.311092,3.05,1.99,334.4,879,5.4,23.47,4.73,8.75,0.081,0,nan,nan,6.075,False,False,True,True,reject,geometry
400,260408_115715045.jpg,3,301100.603894,3.8,0.46,371.5,1792,-4.08,-3.81,14.6,12.66,0.08,0,nan,nan,6.025,True,False,True,True,clean,
401,260408_115716230.jpg,3,301101.789295,4.22,0.92,403.9,1712,-0.5,-5.04,6.78,7.98,0.117,0,nan,nan,5.575,True,False,True,True,clean,
402,260408_115717318.jpg,3,301102.876796,4.57,0.24,404.8,3378,0.06,1.67,8.95,11.34,0.138,0,nan,nan,5.825,True,False,True,True,clean,
403,260408_115718320.jpg,3,301103.878897,4.91,0.16,421.9,4223,0.35,2.15,9.74,13.67,0.149,0,nan,nan,5.575,True,False,True,True,clean,
404,260408_115719250.jpg,3,301104.809259,5.14,0.29,371.8,3841,0.13,-0.45,9.4,11.3,0.168,0,nan,nan,5.425000000000001,True,False,True,True,clean,
405,260408_115720194.jpg,3,301105.75376,4.96,0.7,291.8,3689,0.28,-2.09,8.8,11.59,0.202,0,nan,nan,5.075,True,False,True,True,clean,
406,260408_115721267.jpg,3,301106.826361,4.67,1.26,316.7,2587,0.8,1.46,11.56,10.84,0.139,0,nan,nan,4.775,True,False,True,True,clean,
407,260408_115722354.jpg,3,301107.913763,4.71,1.37,380.0,2923,1.31,-0.67,10.47,11.78,0.216,0,nan,nan,5.675000000000001,True,False,True,True,clean,
408,260408_115723381.jpg,3,301108.940664,4.79,0.2,473.9,2116,-0.26,-0.41,7.47,12.34,0.246,0,nan,nan,5.925000000000001,True,False,True,True,clean,
409,260408_115724394.jpg,3,301109.954565,4.95,1.76,527.5,2995,0.29,0.01,6.72,11.88,0.269,0,nan,nan,6.025,True,False,True,True,clean,
410,260408_115725347.jpg,3,301110.907566,5.05,1.03,430.8,3144,-3.17,0.58,7.58,15.07,0.206,0,nan,nan,5.675000000000001,True,False,True,True,clean,
411,260408_115726347.jpg,3,301111.907768,5.1,0.71,450.8,3632,4.11,-2.73,13.74,14.37,0.13,0,nan,nan,5.825,True,False,True,True,clean,
412,260408_115727324.jpg,3,301112.884069,5.07,2.26,463.3,3368,-2.09,0.4,7.1,13.02,0.121,0,nan,nan,5.675000000000001,True,False,True,True,clean,
413,260408_115728391.jpg,3,301113.95147,4.59,5.15,536.0,3241,0.37,1.79,3.2,14.7,0.127,0,nan,nan,6.525,True,False,False,True,usable,turning
414,260408_115729711.jpg,3,301115.272272,3.88,5.18,551.7,7484,-0.97,-0.63,8.19,12.84,0.202,0,nan,nan,6.275,True,False,False,True,usable,turning
415,260408_115731133.jpg,3,301116.694372,3.53,3.2,312.0,5828,-0.12,0.5,6.43,10.57,0.183,0,nan,nan,5.9750000000000005,True,False,True,True,clean,
416,260408_115732502.jpg,3,301118.062873,3.6,0.83,258.9,6524,-0.22,-0.13,9.3,10.73,0.18,0,nan,nan,5.275,True,False,True,True,clean,
417,260408_115733785.jpg,3,301119.346775,3.97,0.85,288.3,7051,-1.07,-0.58,8.11,12.57,0.181,0,nan,nan,5.525,True,False,True,True,clean,
418,260408_115734952.jpg,3,301120.513476,4.53,0.39,329.3,6289,0.49,-0.11,6.08,9.75,0.246,0,nan,nan,5.675000000000001,True,False,True,True,clean,
419,260408_115735966.jpg,3,301121.528278,5.04,0.06,594.8,4600,-2.25,5.85,10.72,16.0,0.069,0,nan,nan,6.325,False,False,True,True,reject,geometry
420,260408_115736902.jpg,3,301122.463579,5.16,0.52,590.4,6043,-0.07,-1.68,9.49,12.96,0.17,0,nan,nan,7.075,True,False,True,True,clean,
421,260408_115737933.jpg,3,301123.49498,4.74,1.73,461.7,3388,-0.21,0.67,6.39,7.48,0.23,0,nan,nan,8.575000000000001,True,False,True,True,clean,
422,260408_115739179.jpg,3,301124.741082,3.95,1.16,628.8,1828,-0.17,0.05,11.53,9.57,0.234,0,nan,nan,7.825,True,False,True,True,clean,
423,260408_115740639.jpg,3,301126.201284,3.36,1.82,1143.7,1762,-0.47,-0.95,6.17,10.94,0.255,0,nan,nan,7.625,True,False,True,True,clean,
424,260408_115742281.jpg,3,301127.843586,2.65,10.45,895.8,1218,-0.05,-0.66,6.71,8.73,0.152,0,nan,nan,6.375,True,False,False,True,usable,slow+turning
425,260408_115745855.jpg,3,301131.41889,2.2,21.32,568.8,1223,2.97,-0.26,12.01,12.62,0.072,0,nan,nan,7.775,False,False,False,True,reject,geometry+slow+turning
426,260408_115747632.jpg,3,301133.195942,4.31,25.76,352.7,2260,0.22,3.78,8.53,10.37,0.14,0,nan,nan,5.625,True,False,False,True,usable,turning
427,260408_115748775.jpg,3,301134.339158,6.32,3.74,304.2,5518,-0.31,-0.57,8.46,10.38,0.209,0,nan,nan,5.825,True,False,True,True,clean,
428,260408_115749650.jpg,3,301135.214352,7.5,1.19,250.9,4841,-1.05,0.15,7.35,12.73,0.193,0,nan,nan,4.625,True,False,True,True,clean,
429,260408_115750398.jpg,3,301135.962153,8.12,0.66,198.2,2178,0.47,-2.3,7.22,14.05,0.117,0,nan,nan,4.875,True,False,True,True,clean,
430,260408_115751021.jpg,3,301136.584833,8.39,0.4,200.1,2632,0.77,0.03,5.94,10.54,0.178,0,nan,nan,5.775,True,False,True,True,clean,
431,260408_115751640.jpg,3,301137.204334,8.7,0.27,210.6,4891,-0.56,-0.05,11.61,11.08,0.186,0,nan,nan,4.025,True,False,True,True,clean,
432,260408_115752203.jpg,3,301137.767835,9.07,0.2,253.6,4430,11.16,-0.17,12.47,11.13,0.136,0,nan,nan,4.425,False,False,True,True,reject,geometry
433,260408_115752745.jpg,3,301138.309735,9.4,0.0,507.4,5263,-0.62,-1.15,7.06,9.37,0.265,0,nan,nan,4.425,True,False,True,True,clean,
434,260408_115753287.jpg,3,301138.851636,9.72,0.19,959.6,4847,-14.05,3.65,11.38,8.67,0.156,0,nan,nan,4.325,False,False,True,True,reject,geometry
435,260408_115753829.jpg,3,301139.393537,10.03,0.3,1164.2,2563,-12.26,3.38,3.87,7.59,0.277,0,nan,nan,4.075,False,False,True,True,reject,geometry
436,260408_115754323.jpg,3,301139.887637,10.29,0.07,1155.5,1705,-15.81,-4.11,0.92,6.42,0.214,0,nan,nan,3.875,False,False,True,True,reject,geometry
437,260408_115754806.jpg,3,301140.370938,10.51,0.09,1082.1,135,3.36,-3.51,9.56,17.01,0.029,0,nan,nan,3.7750000000000004,False,False,True,True,unverified,few_edges
438,260408_115755279.jpg,3,301140.844038,10.58,0.0,1028.5,194,3.5,-4.09,8.88,12.43,0.089,0,nan,nan,3.825,False,False,True,True,unverified,few_edges
439,260408_115755752.jpg,3,301141.317139,10.47,0.01,911.5,212,7.25,-2.53,7.71,21.84,0.044,0,nan,nan,3.9250000000000003,False,False,True,True,unverified,few_edges
440,260408_115756225.jpg,3,301141.79024,10.36,0.01,1031.2,91,-0.38,2.46,6.55,20.15,0.024,0,nan,nan,3.825,False,False,True,True,unverified,few_edges
441,260408_115756709.jpg,3,301142.27374,10.28,0.16,1022.9,141,0.24,-5.58,0.92,8.54,0.096,0,nan,nan,4.025,False,False,True,True,unverified,few_edges
442,260408_115757192.jpg,3,301142.757241,10.27,0.22,988.3,203,0.04,7.31,1.03,15.19,0.073,0,nan,nan,3.575,False,False,True,True,unverified,few_edges
443,260408_115757675.jpg,3,301143.240742,10.3,0.16,887.5,455,0.41,6.66,6.89,13.68,0.117,0,nan,nan,3.975,False,False,True,True,reject,geometry
444,260408_115758159.jpg,3,301143.724242,10.37,0.04,670.5,403,4.22,-9.38,6.08,14.5,0.157,0,nan,nan,4.525,False,False,True,True,reject,geometry
445,260408_115758642.jpg,3,301144.207743,10.48,0.13,426.8,221,-2.55,1.27,2.96,5.97,0.245,0,nan,nan,4.325,False,False,True,True,unverified,few_edges
446,260408_115759115.jpg,3,301144.680843,10.6,0.3,296.4,481,-0.58,-0.61,4.3,8.63,0.283,0,nan,nan,3.975,True,False,True,True,clean,
447,260408_115759588.jpg,3,301145.153944,10.74,0.31,221.3,716,0.22,0.93,9.7,14.16,0.153,0,nan,nan,3.9250000000000003,True,False,True,True,clean,
448,260408_115800051.jpg,3,301145.616644,10.88,0.24,187.3,798,-0.43,7.33,8.16,11.31,0.168,0,nan,nan,3.575,False,False,True,True,reject,geometry
449,260408_115800514.jpg,3,301146.079345,11.01,0.19,172.0,1305,-5.63,4.66,10.96,15.45,0.138,0,nan,nan,3.375,True,False,True,True,clean,
450,260408_115800976.jpg,3,301146.542046,11.14,0.2,166.3,1215,-0.41,4.1,4.87,12.66,0.328,0,nan,nan,3.1750000000000003,True,False,True,True,clean,
451,260408_115801439.jpg,3,301147.004746,11.26,0.44,159.9,830,0.39,3.56,3.66,10.47,0.378,0,nan,nan,2.975,True,False,True,True,clean,
452,260408_115801881.jpg,3,301147.447347,11.38,0.47,153.7,1818,-0.27,-0.59,1.08,7.18,0.55,0,nan,nan,3.5250000000000004,True,False,True,True,clean,
453,260408_115802324.jpg,3,301147.889947,11.5,0.18,153.6,129,11.38,-4.07,0.41,4.95,0.375,0,nan,nan,3.5250000000000004,False,False,True,True,unverified,few_edges
454,260408_115802766.jpg,3,301148.332548,11.6,0.15,154.1,154,29.08,8.15,1.24,3.09,0.059,0,nan,nan,3.375,False,False,True,True,unverified,few_edges
455,260408_115803202.jpg,3,301148.76828,11.7,0.42,157.2,25,nan,nan,nan,nan,nan,0,nan,nan,3.2750000000000004,False,False,True,True,unverified,few_edges
456,260408_115803630.jpg,3,301149.196381,11.8,0.49,155.8,4,nan,nan,nan,nan,nan,0,nan,nan,3.325,False,False,True,True,unverified,few_edges
457,260408_115804058.jpg,3,301149.624481,11.88,0.32,156.0,10,nan,nan,nan,nan,nan,0,nan,nan,3.125,False,False,True,True,unverified,few_edges
458,260408_115804486.jpg,3,301150.052582,11.92,0.13,154.5,23,nan,nan,nan,nan,nan,0,nan,nan,4.675,False,False,True,True,unverified,few_edges
459,260408_115855730.jpg,4,301201.304194,11.04,0.03,168.9,16,nan,nan,nan,nan,nan,0,nan,nan,3.325,False,False,True,True,unverified,few_edges
460,260408_115856192.jpg,4,301201.766594,11.05,0.11,169.2,7,nan,nan,nan,nan,nan,0,nan,nan,3.0250000000000004,False,False,True,True,unverified,few_edges
461,260408_115856644.jpg,4,301202.218495,11.07,0.25,170.3,9,nan,nan,nan,nan,nan,0,nan,nan,3.2750000000000004,False,False,True,True,unverified,few_edges
462,260408_115857096.jpg,4,301202.670395,11.07,0.34,168.2,28,nan,nan,nan,nan,nan,0,nan,nan,3.325,False,False,True,True,unverified,few_edges
463,260408_115857548.jpg,4,301203.122296,11.07,0.4,170.2,30,nan,nan,nan,nan,nan,0,nan,nan,3.2750000000000004,False,False,True,True,unverified,few_edges
464,260408_115857999.jpg,4,301203.574197,11.06,0.26,171.2,70,1.35,-7.78,4.92,13.13,0.178,0,nan,nan,3.325,False,False,True,True,unverified,few_edges
465,260408_115858451.jpg,4,301204.026097,11.06,0.09,172.7,41,nan,nan,nan,nan,nan,0,nan,nan,3.475,False,False,True,True,unverified,few_edges
466,260408_115858903.jpg,4,301204.477998,11.06,0.0,176.0,457,0.95,-5.06,11.04,12.93,0.141,0,nan,nan,3.4250000000000003,True,False,True,True,clean,
467,260408_115859355.jpg,4,301204.929898,11.05,0.32,179.5,468,0.51,-0.32,8.37,14.94,0.129,0,nan,nan,3.575,True,False,True,True,clean,
468,260408_115859807.jpg,4,301205.381799,11.04,0.68,186.6,870,0.85,0.38,7.7,14.04,0.177,0,nan,nan,3.625,True,False,True,True,clean,
469,260408_115900259.jpg,4,301205.833699,11.03,0.57,192.8,895,-0.16,-0.44,7.51,12.71,0.17,0,nan,nan,3.725,True,False,True,True,clean,
470,260408_115900710.jpg,4,301206.2856,11.01,0.25,216.9,1156,-0.01,-0.87,7.54,14.53,0.141,0,nan,nan,3.625,True,False,True,True,clean,
471,260408_115901162.jpg,4,301206.737501,11.0,0.12,252.2,980,-0.01,-0.6,8.01,13.57,0.133,0,nan,nan,3.575,True,False,True,True,clean,
472,260408_115901614.jpg,4,301207.189401,10.99,0.1,314.6,872,-0.34,-1.14,6.48,14.77,0.125,0,nan,nan,3.7750000000000004,True,False,True,True,clean,
473,260408_115902066.jpg,4,301207.641302,10.98,0.31,404.9,611,0.2,-0.36,11.28,15.43,0.083,0,nan,nan,3.625,True,False,True,True,clean,
474,260408_115902518.jpg,4,301208.093202,10.98,0.03,470.3,282,-0.44,2.13,10.58,12.57,0.053,0,nan,nan,3.7750000000000004,False,False,True,True,unverified,few_edges
475,260408_115902970.jpg,4,301208.545103,10.98,0.02,554.4,308,-0.32,-0.48,10.05,13.49,0.065,0,nan,nan,3.575,False,False,True,True,reject,geometry
476,260408_115903421.jpg,4,301208.997003,10.99,0.49,608.9,416,-0.5,-0.31,7.82,12.39,0.099,0,nan,nan,3.475,True,False,True,True,clean,
477,260408_115903873.jpg,4,301209.448904,10.99,0.56,624.2,816,0.5,0.34,8.52,11.99,0.163,0,nan,nan,3.4250000000000003,True,False,True,True,clean,
478,260408_115904325.jpg,4,301209.900804,11.0,0.34,574.6,940,0.47,-2.67,8.96,9.73,0.178,0,nan,nan,3.375,True,False,True,True,clean,
479,260408_115904777.jpg,4,301210.352705,11.0,0.24,573.9,994,0.63,-1.95,8.9,10.75,0.212,0,nan,nan,3.375,True,False,True,True,clean,
480,260408_115905229.jpg,4,301210.804606,11.0,0.32,657.0,1313,-0.49,-0.47,8.43,11.33,0.237,0,nan,nan,3.2750000000000004,True,False,True,True,clean,
481,260408_115905680.jpg,4,301211.256506,11.01,0.81,717.7,1474,0.09,-3.94,8.33,11.18,0.217,0,nan,nan,3.4250000000000003,True,False,True,True,clean,
482,260408_115906132.jpg,4,301211.708407,11.01,0.23,724.5,1465,-0.25,-0.71,8.08,9.77,0.268,0,nan,nan,3.475,True,False,True,True,clean,
483,260408_115906584.jpg,4,301212.160307,11.01,0.38,637.9,1640,-1.26,-0.43,8.39,9.36,0.266,0,nan,nan,3.325,True,False,True,True,clean,
484,260408_115907036.jpg,4,301212.612208,11.02,0.42,458.3,1575,-1.31,-1.9,9.56,11.62,0.219,0,nan,nan,3.375,True,False,True,True,clean,
485,260408_115907488.jpg,4,301213.064108,11.0,0.01,301.2,1699,-0.2,-0.65,7.52,9.3,0.251,0,nan,nan,3.325,True,False,True,True,clean,
486,260408_115907940.jpg,4,301213.516009,10.87,0.29,236.0,1830,1.27,0.99,10.49,10.47,0.12,0,nan,nan,3.225,True,False,True,True,clean,
487,260408_115908403.jpg,4,301213.979009,10.65,0.18,213.5,3593,-0.99,-0.37,8.52,11.17,0.187,0,nan,nan,3.625,True,False,True,True,clean,
488,260408_115908876.jpg,4,301214.45251,10.44,0.65,213.2,3819,-0.38,-0.08,4.85,10.92,0.237,0,nan,nan,3.875,True,False,True,True,clean,
489,260408_115909360.jpg,4,301214.936311,10.2,0.61,220.6,2686,-1.36,1.11,12.43,12.67,0.124,0,nan,nan,4.075,True,False,True,True,clean,
490,260408_115909854.jpg,4,301215.430311,9.95,0.14,257.5,3117,-0.56,-1.06,8.25,9.57,0.201,0,nan,nan,4.375,True,False,True,True,clean,
491,260408_115910359.jpg,4,301215.935412,9.74,0.63,281.7,2547,-0.6,-0.67,8.4,12.8,0.168,0,nan,nan,5.9750000000000005,True,False,True,True,clean,
492,260408_115910874.jpg,4,301216.451213,9.51,0.91,322.9,3248,-0.56,0.02,8.36,10.8,0.231,0,nan,nan,9.375,True,False,True,True,clean,
493,260408_115911407.jpg,4,301216.984413,9.24,0.53,381.1,2366,-0.05,-0.84,5.91,12.13,0.232,0,nan,nan,5.375,True,False,True,True,clean,
494,260408_115911951.jpg,4,301217.528214,9.01,0.06,402.6,2710,-0.09,-0.89,7.87,11.45,0.256,0,nan,nan,7.2250000000000005,True,False,True,True,clean,
495,260408_115912508.jpg,4,301218.085215,8.76,0.0,399.3,2728,-0.27,0.67,9.34,11.61,0.147,0,nan,nan,7.7250000000000005,True,False,True,True,clean,
496,260408_115913087.jpg,4,301218.664615,8.49,0.05,378.8,2012,0.45,0.22,10.06,11.15,0.133,830,-6.3,16.7,6.175000000000001,True,True,True,True,usable,pass_conflict
497,260408_115913688.jpg,4,301219.264816,8.23,0.42,296.2,4052,0.01,-1.41,7.04,9.43,0.203,2419,4.56,-0.91,4.575,True,False,True,True,clean,
498,260408_115914301.jpg,4,301219.878717,7.95,0.36,271.4,5187,-6.86,-0.15,7.73,10.8,0.179,2477,-0.48,2.37,5.325,False,False,True,True,reject,geometry
499,260408_115914949.jpg,4,301220.526118,7.65,0.09,263.9,6718,0.38,-0.18,8.09,9.96,0.285,2048,-2.33,2.83,5.325,True,False,True,True,clean,
500,260408_115915618.jpg,4,301221.196019,7.34,0.15,260.3,5417,0.28,0.81,6.85,11.77,0.245,5046,-0.54,-0.45,4.425,True,False,True,True,clean,
501,260408_115916323.jpg,4,301221.900219,7.02,0.18,243.9,4654,-0.7,0.81,9.81,12.31,0.177,3981,-0.31,0.6,4.2250000000000005,True,False,True,True,clean,
502,260408_115917052.jpg,4,301222.62952,6.67,0.1,222.3,3459,0.04,-0.43,8.54,12.53,0.155,5422,-0.33,0.53,6.025,True,False,True,True,clean,
503,260408_115917835.jpg,4,301223.412521,6.24,0.02,205.9,3479,0.66,6.16,7.0,11.37,0.149,2048,-1.02,6.09,3.5250000000000004,False,False,True,True,reject,geometry
504,260408_115918699.jpg,4,301224.277022,5.5,2.36,188.9,2755,1.26,6.8,5.08,12.82,0.164,1196,1.23,-0.27,3.625,False,False,True,True,reject,geometry
505,260408_115919805.jpg,4,301225.383724,4.09,14.34,203.1,2375,-0.01,4.86,7.18,11.05,0.14,4681,2.64,-2.98,6.325,True,False,False,True,usable,turning
506,260408_115921698.jpg,4,301227.277026,2.49,21.28,217.3,3573,0.63,0.5,11.0,11.82,0.218,2390,-8.33,-12.08,5.9750000000000005,True,True,False,True,usable,pass_conflict+slow+turning
507,260408_115923512.jpg,4,301229.090729,2.71,12.79,243.0,3232,0.27,3.02,7.62,9.57,0.262,7573,0.41,7.06,5.425000000000001,True,False,False,True,usable,slow+turning
508,260408_115925311.jpg,4,301230.890231,2.86,1.24,282.2,2496,-0.72,-0.15,8.35,8.99,0.151,6277,-0.7,-1.01,6.9750000000000005,True,False,False,True,usable,slow
509,260408_115927177.jpg,4,301232.756859,2.74,1.28,312.1,3727,-0.26,1.83,7.88,9.94,0.164,7603,-0.52,0.4,6.7250000000000005,True,False,False,True,usable,slow
510,260408_115929108.jpg,4,301234.688109,2.46,8.97,311.1,7378,2.1,0.68,11.29,9.14,0.246,6555,-0.24,0.44,6.525,True,False,False,True,usable,slow+turning
511,260408_115931409.jpg,4,301236.989412,2.3,19.13,364.0,7142,0.2,-0.6,6.95,9.75,0.25,6372,-0.31,-0.83,7.125,True,False,False,True,usable,slow+turning
512,260408_115953613.jpg,5,301259.196793,3.04,3.97,653.2,1430,-5.24,-12.16,8.75,20.21,0.108,4756,-2.28,-2.11,6.9750000000000005,False,False,True,True,reject,geometry
513,260408_115955120.jpg,5,301260.703614,3.49,5.56,610.2,2421,0.4,-0.38,3.69,6.63,0.367,4190,0.23,-0.23,6.375,True,False,False,True,usable,turning
514,260408_115956309.jpg,5,301261.892515,4.25,7.23,481.8,4456,0.49,0.43,7.22,11.2,0.404,7341,-0.09,-0.63,6.325,True,False,False,True,usable,turning
515,260408_115957366.jpg,5,301262.950316,4.7,7.56,403.3,5085,0.09,-0.82,9.42,8.99,0.244,7427,0.05,-0.88,5.125,True,False,False,True,usable,turning
516,260408_115958384.jpg,5,301263.967818,4.81,6.89,351.0,8159,0.45,-1.22,8.0,9.53,0.27,8555,0.49,-0.24,4.775,True,False,False,True,usable,turning
517,260408_115959462.jpg,5,301265.046719,4.61,1.3,315.7,11309,1.24,-1.92,9.24,13.12,0.206,12610,-0.62,-1.7,4.275,True,False,True,True,clean,
518,260408_120000568.jpg,5,301266.15282,4.44,10.4,304.2,10523,-0.08,-2.36,9.73,11.72,0.188,11620,-0.98,-0.92,3.975,True,False,False,True,usable,turning
519,260408_120001705.jpg,5,301267.290122,4.36,12.57,304.5,14957,0.18,4.71,10.51,10.31,0.201,12365,-0.9,-0.63,4.025,True,False,False,True,usable,turning
520,260408_120002902.jpg,5,301268.486823,3.94,9.06,302.6,12838,0.52,-3.97,10.19,15.09,0.152,13544,0.14,-0.5,4.2250000000000005,True,False,False,True,usable,turning
521,260408_120004432.jpg,5,301270.017225,3.21,4.76,309.0,10719,0.24,-0.93,9.68,12.87,0.161,9147,0.17,-0.54,4.2250000000000005,True,False,True,True,clean,
522,260408_120006329.jpg,5,301271.914528,2.4,22.18,322.6,9281,2.34,-0.06,7.87,14.83,0.158,4605,0.29,-0.33,6.625,True,False,False,True,usable,slow+turning
523,260408_120008373.jpg,5,301273.95863,2.98,24.8,376.7,7752,-0.39,-0.24,6.79,14.17,0.177,2334,-0.11,0.47,5.825,True,False,False,True,usable,slow+turning
524,260408_120009661.jpg,5,301275.246932,4.5,9.19,533.8,6710,-0.04,0.31,8.89,10.29,0.203,1760,0.27,0.19,4.375,True,False,False,True,usable,turning
525,260408_120010662.jpg,5,301276.247733,5.79,0.7,526.8,5448,-2.7,0.12,12.77,9.83,0.126,1479,-0.71,3.53,4.375,True,False,True,True,clean,
526,260408_120011470.jpg,5,301277.056034,6.69,0.86,496.7,2558,-0.22,1.88,11.13,12.75,0.104,1632,-0.79,2.51,4.025,True,False,True,True,clean,
527,260408_120012166.jpg,5,301277.752735,7.06,0.2,580.1,2335,0.31,-0.01,11.75,11.51,0.124,1446,-0.07,2.24,4.2250000000000005,True,False,True,True,clean,
528,260408_120012874.jpg,5,301278.460836,7.03,0.29,577.4,5610,-0.45,-0.85,8.11,9.77,0.245,0,nan,nan,5.025,True,False,True,True,clean,
529,260408_120013593.jpg,5,301279.180036,6.89,0.32,583.7,5585,0.89,-0.07,8.47,10.45,0.247,0,nan,nan,6.4750000000000005,True,False,True,True,clean,
530,260408_120014325.jpg,5,301279.911537,6.76,0.2,598.5,5507,0.1,1.38,8.83,14.09,0.206,0,nan,nan,6.575,True,False,True,True,clean,
531,260408_120015068.jpg,5,301280.654938,6.52,0.64,605.4,5641,-0.06,0.16,9.15,10.87,0.259,0,nan,nan,5.625,True,False,True,True,clean,
532,260408_120015880.jpg,5,301281.467139,5.94,0.86,709.5,2757,-1.09,-0.2,9.92,10.31,0.203,0,nan,nan,5.7250000000000005,True,False,True,True,clean,
533,260408_120016845.jpg,5,301282.432241,5.27,0.15,847.1,1023,0.2,-3.43,10.24,12.94,0.087,0,nan,nan,4.175,True,False,True,True,clean,
534,260408_120017841.jpg,5,301283.428642,5.0,0.2,830.5,1174,0.14,-3.94,12.0,12.65,0.085,0,nan,nan,3.6750000000000003,True,False,True,True,clean,
535,260408_120018859.jpg,5,301284.446643,4.66,7.54,840.9,1077,-0.6,0.22,7.91,12.13,0.088,0,nan,nan,3.625,True,False,False,True,usable,turning
536,260408_120020101.jpg,5,301285.688345,3.71,16.29,648.0,1338,1.15,-0.78,9.72,8.41,0.124,0,nan,nan,3.5250000000000004,True,False,False,True,usable,turning
537,260408_120021773.jpg,5,301287.361247,3.28,17.7,485.5,3546,0.26,5.74,8.38,9.28,0.162,0,nan,nan,5.125,True,False,False,True,usable,turning
538,260408_120023122.jpg,5,301288.710088,3.9,13.97,627.3,3403,-0.44,-0.0,11.4,11.05,0.103,0,nan,nan,5.325,True,False,False,True,usable,turning
539,260408_120024226.jpg,5,301289.814046,4.64,7.53,692.2,3811,0.59,-0.41,9.76,11.31,0.135,0,nan,nan,4.275,True,False,False,True,usable,turning
540,260408_120025191.jpg,5,301290.779047,5.16,0.95,586.5,5564,0.17,0.13,9.26,10.12,0.173,0,nan,nan,3.7750000000000004,True,False,True,True,clean,
541,260408_120026105.jpg,5,301291.693648,5.45,0.88,510.6,6810,-0.32,0.42,8.83,11.58,0.164,0,nan,nan,3.875,True,False,True,True,clean,
542,260408_120026998.jpg,5,301292.587049,5.59,0.09,448.0,8263,0.47,0.61,8.83,10.16,0.214,0,nan,nan,3.975,True,False,True,True,clean,
543,260408_120027890.jpg,5,301293.47865,5.69,0.78,428.7,10801,-0.58,2.11,9.3,12.71,0.209,0,nan,nan,4.375,True,False,True,True,clean,
544,260408_120028754.jpg,5,301294.343251,5.75,0.43,524.7,7547,0.58,0.35,9.49,10.83,0.196,0,nan,nan,4.675,True,False,True,True,clean,
545,260408_120029614.jpg,5,301295.203052,5.8,0.13,493.8,5003,-0.3,0.76,7.42,12.3,0.173,0,nan,nan,4.275,True,False,True,True,clean,
546,260408_120030463.jpg,5,301296.052353,5.86,0.31,454.5,8049,0.04,-1.6,8.98,8.55,0.247,0,nan,nan,4.325,True,False,True,True,clean,
547,260408_120031324.jpg,5,301296.913054,5.76,0.56,358.9,8045,-0.53,-1.73,7.66,10.28,0.316,0,nan,nan,3.475,True,False,True,True,clean,
548,260408_120032227.jpg,5,301297.816256,5.55,0.48,345.5,7039,0.24,-7.75,8.56,13.87,0.202,0,nan,nan,3.4250000000000003,False,False,True,True,reject,geometry
549,260408_120033162.jpg,5,301298.751957,5.34,1.32,357.2,5760,-0.26,-0.46,8.39,11.06,0.2,0,nan,nan,3.7750000000000004,True,False,True,True,clean,
550,260408_120034126.jpg,5,301299.716058,5.1,7.91,374.1,6626,0.3,-0.38,9.6,10.35,0.228,0,nan,nan,3.7750000000000004,True,False,False,True,usable,turning
551,260408_120035149.jpg,5,301300.739259,4.85,13.3,447.5,3572,-0.31,-0.77,9.91,13.98,0.087,0,nan,nan,4.425,True,False,False,True,usable,turning
552,260408_120036216.jpg,5,301301.806361,4.69,12.6,546.8,3940,-0.32,1.85,10.04,11.06,0.119,0,nan,nan,3.875,True,False,False,True,usable,turning
553,260408_120037297.jpg,5,301302.887462,4.48,8.55,683.1,3018,-0.33,-0.64,7.84,12.1,0.138,0,nan,nan,5.775,True,False,False,True,usable,turning
554,260408_120038489.jpg,5,301304.079264,4.24,5.11,591.0,1957,-2.81,-0.19,6.35,10.46,0.096,0,nan,nan,7.375,True,False,False,True,usable,turning
555,260408_120039750.jpg,5,301305.341265,4.0,4.27,607.6,1383,0.7,0.68,5.37,17.36,0.123,0,nan,nan,6.125,False,False,True,True,reject,geometry
556,260408_120041066.jpg,5,301306.657167,3.71,5.96,536.9,779,-1.78,-2.09,11.98,8.09,0.115,0,nan,nan,5.9750000000000005,True,False,False,True,usable,turning
557,260408_120042544.jpg,5,301308.135469,3.43,8.35,372.1,730,-1.48,-1.98,16.71,18.0,0.04,0,nan,nan,4.9750000000000005,False,False,False,True,reject,geometry+turning
558,260408_120044043.jpg,5,301309.634671,3.33,8.64,294.8,3447,0.82,3.03,7.88,12.02,0.196,0,nan,nan,6.025,True,False,False,True,usable,turning
559,260408_120045536.jpg,5,301311.127372,3.44,4.89,235.5,6862,0.77,0.47,8.84,11.1,0.275,0,nan,nan,3.875,True,False,True,True,clean,
560,260408_120046926.jpg,5,301312.517674,3.6,1.16,211.3,7334,-0.19,-0.93,7.36,13.46,0.275,0,nan,nan,4.025,True,False,True,True,clean,
561,260408_120048289.jpg,5,301313.881456,3.65,1.66,195.3,6402,0.64,-4.51,6.85,10.5,0.24,0,nan,nan,3.7750000000000004,True,False,True,True,clean,
562,260408_120049602.jpg,5,301315.194157,3.64,3.56,202.6,7465,-0.02,-3.5,9.13,11.48,0.229,0,nan,nan,3.475,True,False,True,True,clean,
563,260408_120050999.jpg,5,301316.591459,3.35,0.37,224.8,6547,-3.39,-0.88,12.81,11.08,0.153,0,nan,nan,6.425000000000001,True,False,True,True,clean,
564,260408_120053352.jpg,5,301318.945262,2.34,7.62,287.3,4973,9.17,8.62,13.01,11.44,0.129,0,nan,nan,6.025,False,False,False,True,reject,geometry+slow+turning
565,260408_120056556.jpg,5,301322.149166,2.34,11.92,372.8,7653,-2.2,-6.2,2.56,8.8,0.309,0,nan,nan,7.4750000000000005,False,False,False,True,reject,geometry+slow+turning
566,260408_120058186.jpg,5,301323.779303,3.58,11.46,401.1,10615,-4.21,-1.71,15.76,12.9,0.192,0,nan,nan,5.4750000000000005,True,False,False,True,usable,turning
567,260408_120059380.jpg,5,301324.973904,4.64,4.91,462.0,3648,-1.68,-24.06,9.79,9.72,0.081,0,nan,nan,4.675,False,False,True,True,reject,geometry
568,260408_120100346.jpg,5,301325.940205,5.08,0.99,435.6,2632,-0.23,-5.42,8.66,14.43,0.114,0,nan,nan,5.175000000000001,True,False,True,True,clean,
569,260408_120101309.jpg,5,301326.903506,5.06,0.96,352.9,3389,0.18,-7.08,7.74,11.84,0.156,0,nan,nan,5.775,False,False,True,True,reject,geometry
570,260408_120102332.jpg,5,301327.926008,4.85,1.29,300.6,2157,1.95,0.67,7.15,11.98,0.162,0,nan,nan,6.075,True,False,True,True,clean,
571,260408_120103399.jpg,5,301328.993248,4.75,0.78,247.4,3252,-0.72,-7.51,10.13,12.73,0.081,0,nan,nan,4.375,False,False,True,True,reject,geometry
572,260408_120104406.jpg,5,301330.000249,4.76,0.43,238.0,2945,0.16,-0.39,8.31,12.75,0.119,0,nan,nan,5.075,True,False,True,True,clean,
573,260408_120105441.jpg,5,301331.035837,4.85,0.69,229.6,6217,-1.83,0.46,10.62,10.26,0.153,0,nan,nan,5.025,True,False,True,True,clean,
574,260408_120106457.jpg,5,301332.051839,5.0,0.33,224.2,7183,0.62,-6.1,6.53,11.37,0.203,0,nan,nan,4.625,False,False,True,True,reject,geometry
575,260408_120107442.jpg,5,301333.03724,5.1,0.23,210.8,5631,4.17,-10.31,12.87,9.93,0.143,0,nan,nan,4.025,False,False,True,True,reject,geometry
576,260408_120108420.jpg,5,301334.015141,5.21,0.05,210.6,6125,0.04,-5.59,2.75,10.06,0.351,0,nan,nan,4.125,True,False,True,True,clean,
577,260408_120109340.jpg,5,301334.935733,5.32,1.35,197.5,5481,-2.75,-11.44,12.43,8.78,0.137,77,-0.22,-11.69,4.125,False,False,True,True,reject,geometry
578,260408_120110258.jpg,5,301335.853934,5.45,0.73,198.5,3620,-0.25,0.32,4.27,8.47,0.3,144,-0.34,1.57,4.325,True,False,True,True,clean,
579,260408_120111146.jpg,5,301336.741735,5.56,0.04,198.8,2936,0.5,-0.24,5.93,10.13,0.192,486,0.25,-1.75,4.425,True,False,True,True,clean,
580,260408_120112034.jpg,5,301337.629736,5.68,0.3,190.8,3588,-0.88,-3.57,4.11,11.53,0.226,616,-0.72,2.0,4.325,True,False,True,True,clean,
581,260408_120112904.jpg,5,301338.500137,5.77,0.7,187.9,3692,0.65,-1.03,3.56,9.72,0.352,596,0.29,0.22,4.625,True,False,True,True,clean,
582,260408_120113757.jpg,5,301339.352896,5.84,0.9,190.5,2850,0.24,-3.66,7.59,12.63,0.229,544,-0.3,-2.31,4.175,True,False,True,True,clean,
583,260408_120114617.jpg,5,301340.213397,5.93,0.58,194.4,2665,0.24,-5.95,6.87,11.66,0.226,638,-0.0,-2.99,4.325,True,False,True,True,clean,
584,260408_120115466.jpg,5,301341.062098,5.97,0.25,193.8,2533,-0.21,-3.47,6.88,11.94,0.239,671,-0.27,-1.19,4.2250000000000005,True,False,True,True,clean,
585,260408_120116294.jpg,5,301341.890299,5.98,0.56,195.5,2337,0.57,-5.46,6.51,11.5,0.21,673,3.31,-10.15,4.275,True,True,True,True,usable,pass_conflict
586,260408_120117156.jpg,5,301342.7528,6.03,1.13,193.5,2470,-0.35,-0.24,8.15,14.84,0.203,969,-0.69,-5.12,4.275,True,False,True,True,clean,
587,260408_120117992.jpg,5,301343.588401,6.07,0.32,189.0,2233,-0.63,1.37,4.32,10.32,0.272,842,-0.27,9.53,4.075,True,True,True,True,usable,pass_conflict
588,260408_120118814.jpg,5,301344.410503,6.03,0.77,185.1,2158,0.01,0.52,7.27,11.96,0.252,1073,0.21,0.06,4.275,True,False,True,True,clean,
589,260408_120119644.jpg,5,301345.241104,5.92,0.74,184.3,2093,-0.57,0.35,5.66,11.1,0.299,860,-0.15,7.01,4.175,True,False,True,True,clean,
590,260408_120120534.jpg,5,301346.131305,5.65,1.01,185.2,1994,12.28,-2.44,12.21,9.96,0.186,884,0.33,0.36,4.625,False,False,True,True,reject,geometry
591,260408_120121469.jpg,5,301347.066306,5.35,1.3,193.8,698,-0.07,-4.66,6.64,9.67,0.164,729,-0.05,1.45,4.825,True,False,True,True,clean,
592,260408_120122424.jpg,5,301348.021907,5.13,0.15,211.9,677,0.45,5.99,4.98,14.03,0.182,851,0.58,0.81,3.825,True,False,True,True,clean,
593,260408_120123450.jpg,5,301349.048108,5.0,0.69,244.8,1063,-0.31,0.38,7.59,12.6,0.295,999,0.51,4.63,5.025,True,False,True,True,clean,
594,260408_120145893.jpg,6,301371.494331,5.42,3.82,291.7,426,0.64,-2.46,8.21,9.38,0.245,299,3.25,-2.52,4.675,True,False,True,True,clean,
595,260408_120146803.jpg,6,301372.404732,5.69,1.47,243.8,962,0.24,-3.33,6.07,6.39,0.399,495,-0.1,0.8,4.175,True,False,True,True,clean,
596,260408_120147655.jpg,6,301373.256533,5.96,0.92,206.6,678,0.15,0.94,3.65,6.69,0.426,811,-0.28,-3.1,4.375,True,False,True,True,clean,
597,260408_120148492.jpg,6,301374.093734,6.11,0.19,197.2,1034,0.05,0.64,4.66,13.59,0.265,1072,0.02,-4.4,6.375,True,False,True,True,clean,
598,260408_120149279.jpg,6,301374.881135,6.39,0.17,185.1,1206,0.11,-0.87,5.01,11.34,0.278,2112,0.78,-0.47,4.275,True,False,True,True,clean,
599,260408_120150044.jpg,6,301375.645536,6.65,0.88,188.6,1256,0.43,0.26,4.98,10.38,0.283,2022,0.57,2.7,4.125,True,False,True,True,clean,
600,260408_120150770.jpg,6,301376.371937,6.72,0.67,186.1,975,-0.44,-4.09,8.09,10.64,0.19,1854,-0.41,-0.35,3.825,True,False,True,True,clean,
601,260408_120151520.jpg,6,301377.122438,6.55,0.5,194.6,1203,-0.64,-3.23,4.0,15.85,0.189,2560,0.09,3.11,4.025,True,False,True,True,clean,
602,260408_120152315.jpg,6,301377.917639,6.41,0.13,198.9,640,-0.56,1.35,5.06,13.25,0.2,2316,-0.01,2.82,3.975,True,False,True,True,clean,
603,260408_120153109.jpg,6,301378.71094,6.28,0.58,197.1,533,0.29,3.02,7.25,20.84,0.096,1993,-0.15,4.28,3.825,False,False,True,True,reject,geometry
604,260408_120153945.jpg,6,301379.547841,6.04,0.48,197.5,693,0.28,-0.33,6.65,7.54,0.221,2563,0.26,0.43,3.9250000000000003,True,False,True,True,clean,
605,260408_120154798.jpg,6,301380.400442,5.91,0.01,192.5,1126,0.27,-0.1,8.54,12.85,0.254,3035,0.16,1.79,3.9250000000000003,True,False,True,True,clean,
606,260408_120155662.jpg,6,301381.264643,5.76,0.33,193.7,1239,-0.06,4.63,6.26,11.78,0.277,2272,0.65,-0.87,3.9250000000000003,True,False,True,True,clean,
607,260408_120156541.jpg,6,301382.143644,5.56,0.67,190.2,2709,-0.32,-1.29,4.07,10.04,0.203,2508,-0.01,-0.24,3.825,True,False,True,True,clean,
608,260408_120157465.jpg,6,301383.067745,5.44,0.4,197.2,1901,-0.08,-2.3,8.88,9.71,0.117,1942,-0.55,2.07,4.125,True,False,True,True,clean,
609,260408_120158406.jpg,6,301384.008947,5.39,0.01,201.5,1764,0.05,-3.67,4.96,14.41,0.089,1303,0.72,-0.49,4.025,True,False,True,True,clean,
610,260408_120159315.jpg,6,301384.918548,5.49,0.98,205.9,1565,0.48,1.38,7.15,10.46,0.094,985,-0.33,2.65,3.975,True,False,True,True,clean,
611,260408_120200208.jpg,6,301385.811449,5.57,1.16,207.5,772,-0.28,-4.61,5.57,12.1,0.097,426,0.16,-5.91,4.025,True,False,True,True,clean,
612,260408_120201107.jpg,6,301386.71025,5.59,1.7,221.9,1377,-3.77,-4.81,9.33,12.35,0.095,0,nan,nan,4.075,True,False,True,True,clean,
613,260408_120202010.jpg,6,301387.613951,5.65,4.0,224.2,1017,0.59,0.84,10.94,12.44,0.062,0,nan,nan,4.025,False,False,True,True,reject,geometry
614,260408_120202901.jpg,6,301388.504969,5.69,1.13,235.2,1214,-0.2,2.18,5.48,10.09,0.098,0,nan,nan,6.4750000000000005,True,False,True,True,clean,
615,260408_120203795.jpg,6,301389.39937,5.67,2.57,232.9,1797,-0.28,0.42,4.63,12.59,0.13,0,nan,nan,6.325,True,False,True,True,clean,
616,260408_120204672.jpg,6,301390.276271,5.6,3.56,244.0,2280,-0.25,-1.69,8.45,14.53,0.097,0,nan,nan,4.675,True,False,True,True,clean,
617,260408_120205586.jpg,6,301391.190172,5.49,1.44,255.0,3189,-0.3,0.23,9.34,9.96,0.136,0,nan,nan,7.675000000000001,True,False,True,True,clean,
618,260408_120206546.jpg,6,301392.150674,5.13,2.78,343.7,5336,8.03,4.82,7.67,13.42,0.18,0,nan,nan,6.025,False,False,True,True,reject,geometry
619,260408_120207651.jpg,6,301393.255475,4.4,4.7,446.2,7232,-2.43,1.79,10.79,11.32,0.213,0,nan,nan,5.525,True,False,True,True,clean,
620,260408_120209091.jpg,6,301394.696277,3.6,6.83,489.1,4866,0.16,5.32,9.36,13.24,0.145,0,nan,nan,6.275,True,False,False,True,usable,turning
621,260408_120210614.jpg,6,301396.218579,3.46,11.09,412.7,4882,-0.41,-3.0,3.25,10.39,0.261,0,nan,nan,7.2250000000000005,True,False,False,True,usable,turning
622,260408_120211936.jpg,6,301397.541281,3.78,15.2,321.1,3875,-4.93,-1.71,7.34,13.31,0.093,0,nan,nan,5.4750000000000005,True,False,False,True,usable,turning
623,260408_120213181.jpg,6,301398.785982,4.07,12.53,271.8,3123,0.48,-6.47,6.03,14.17,0.153,0,nan,nan,4.025,False,False,False,True,reject,geometry+turning
624,260408_120214405.jpg,6,301400.010184,4.12,4.3,236.4,2528,-0.53,-2.35,10.18,14.52,0.099,0,nan,nan,4.2250000000000005,True,False,True,True,clean,
625,260408_120215632.jpg,6,301401.237485,4.09,0.88,218.9,8403,-0.18,2.16,7.02,12.38,0.276,0,nan,nan,4.625,True,False,True,True,clean,
626,260408_120216837.jpg,6,301402.442987,4.08,1.0,211.0,5843,0.42,0.07,9.83,10.96,0.259,0,nan,nan,6.875,True,False,True,True,clean,
627,260408_120218107.jpg,6,301403.713088,3.87,2.11,218.6,8708,0.23,2.69,5.36,10.91,0.267,0,nan,nan,5.025,True,False,True,True,clean,
628,260408_120219581.jpg,6,301405.18699,3.44,0.94,246.2,6597,-3.31,0.08,13.48,12.1,0.184,0,nan,nan,5.275,True,False,True,True,clean,
629,260408_120221168.jpg,6,301406.774792,3.19,8.89,296.4,5348,3.99,6.02,12.27,12.63,0.18,0,nan,nan,4.675,False,False,False,True,reject,geometry+turning
630,260408_120222625.jpg,6,301408.231494,3.19,18.1,365.6,2062,-0.29,-4.56,6.02,17.72,0.175,0,nan,nan,3.575,False,False,False,True,reject,geometry+turning
631,260408_120224086.jpg,6,301409.69285,3.48,11.86,519.7,6186,-3.91,4.77,10.74,13.64,0.19,0,nan,nan,4.625,True,False,False,True,usable,turning
632,260408_120225413.jpg,6,301411.020252,3.84,0.2,638.0,2945,-2.48,-10.25,3.89,19.87,0.066,0,nan,nan,9.075000000000001,False,False,True,True,reject,geometry
633,260408_120226648.jpg,6,301412.255454,4.18,1.82,641.4,6492,0.01,-0.18,4.39,20.14,0.134,0,nan,nan,9.525,False,False,True,True,reject,geometry
634,260408_120227775.jpg,6,301413.382655,4.53,3.67,628.4,2312,1.27,4.92,9.14,11.3,0.049,0,nan,nan,7.2250000000000005,False,False,True,True,reject,geometry
635,260408_120228785.jpg,6,301414.392956,4.8,10.74,634.5,5124,0.22,-0.77,8.6,11.37,0.166,1451,0.42,-0.6,5.825,True,False,False,True,usable,turning
636,260408_120229791.jpg,6,301415.399257,5.03,15.11,535.7,6073,-0.1,-4.82,11.72,13.29,0.132,1820,0.08,-0.13,4.2250000000000005,True,False,False,True,usable,turning
637,260408_120230726.jpg,6,301416.334359,5.29,13.49,452.1,4371,-2.36,-0.01,12.79,12.55,0.112,2306,-0.77,-0.35,4.425,True,False,False,True,usable,turning
638,260408_120231617.jpg,6,301417.22566,5.57,6.28,387.2,7005,-0.04,-0.44,8.24,13.19,0.165,3224,-0.34,-0.26,4.525,True,False,False,True,usable,turning
639,260408_120232490.jpg,6,301418.098261,5.82,1.78,367.8,9884,-0.18,-0.48,7.07,8.68,0.311,4901,0.1,-0.22,3.975,True,False,True,True,clean,
640,260408_120233327.jpg,6,301418.935162,6.04,0.43,356.5,11405,-1.36,-0.64,8.6,11.24,0.269,4075,-0.46,0.34,4.175,True,False,True,True,clean,
641,260408_120234138.jpg,6,301419.747063,6.18,0.07,369.0,9080,-0.39,1.11,8.32,9.94,0.256,3954,0.49,1.28,4.425,True,False,True,True,clean,
642,260408_120234933.jpg,6,301420.541564,6.27,0.13,440.5,8934,-0.48,-2.39,8.19,11.1,0.233,3246,-0.51,0.65,4.925000000000001,True,False,True,True,clean,
643,260408_120235713.jpg,6,301421.322165,6.32,0.25,492.0,3337,-0.49,-0.2,8.01,11.33,0.186,2284,-0.11,0.74,5.075,True,False,True,True,clean,
644,260408_120236510.jpg,6,301422.118966,6.33,0.28,557.0,3758,-0.34,0.7,7.12,10.23,0.19,0,nan,nan,4.875,True,False,True,True,clean,
645,260408_120237307.jpg,6,301422.915967,6.22,1.39,468.1,6783,-0.6,0.65,8.3,9.43,0.294,0,nan,nan,4.825,True,False,True,True,clean,
646,260408_120238129.jpg,6,301423.738268,6.01,1.17,476.0,5395,-0.02,0.17,9.35,10.77,0.22,0,nan,nan,4.375,True,False,True,True,clean,
647,260408_120238979.jpg,6,301424.588569,5.8,1.8,564.9,4906,-0.84,0.77,8.71,10.75,0.204,0,nan,nan,4.7250000000000005,True,False,True,True,clean,
648,260408_120239878.jpg,6,301425.48737,5.35,5.72,621.3,4810,0.2,-0.82,9.47,11.53,0.221,0,nan,nan,5.025,True,False,False,True,usable,turning
649,260408_120240958.jpg,6,301426.567971,4.99,7.21,717.5,3998,0.63,-0.87,9.44,10.04,0.129,0,nan,nan,7.675000000000001,True,False,False,True,usable,turning
650,260408_120254578.jpg,7,301440.189597,6.39,0.19,404.0,771,0.07,0.06,6.97,11.0,0.182,581,1.43,1.92,3.225,True,False,True,True,clean,
651,260408_120255409.jpg,7,301441.020898,5.46,10.43,350.7,1678,0.0,1.81,10.82,13.14,0.154,0,nan,nan,3.725,True,False,False,True,usable,turning
652,260408_120257244.jpg,7,301442.8568,2.73,19.42,342.2,1898,7.57,-8.35,7.78,12.42,0.123,0,nan,nan,4.575,False,False,False,True,reject,geometry+slow+turning
653,260408_120259410.jpg,7,301445.022636,2.76,20.7,385.6,4398,4.02,-0.42,8.49,10.25,0.232,0,nan,nan,6.525,True,False,False,True,usable,slow+turning
654,260408_120300892.jpg,7,301446.504638,3.8,11.91,501.8,3898,-0.18,4.12,11.56,11.69,0.163,0,nan,nan,5.825,True,False,False,True,usable,turning
655,260408_120302028.jpg,7,301447.641239,4.82,2.96,465.8,5351,-1.34,-0.08,3.16,7.82,0.371,708,0.23,1.86,5.875,True,False,True,True,clean,
656,260408_120302945.jpg,7,301448.55874,5.75,0.77,493.8,4843,-0.26,2.32,6.87,14.06,0.217,691,0.61,0.99,6.025,True,False,True,True,clean,
657,260408_120303730.jpg,7,301449.343241,6.44,0.7,413.0,6772,-0.22,0.12,5.6,6.17,0.424,747,0.23,0.09,5.275,True,False,True,True,clean,
658,260408_120304466.jpg,7,301450.079342,7.08,0.34,402.3,4952,0.46,0.3,9.27,7.27,0.276,807,-0.63,1.61,4.325,True,False,True,True,clean,
659,260408_120305135.jpg,7,301450.749043,7.49,0.24,484.6,4174,0.08,0.11,8.27,8.1,0.18,776,-0.24,3.39,4.375,True,False,True,True,clean,
660,260408_120305802.jpg,7,301451.415367,7.75,0.1,472.3,3943,0.02,0.13,9.7,11.83,0.109,1427,-0.07,0.12,5.325,True,False,True,True,clean,
661,260408_120306429.jpg,7,301452.043068,8.09,0.21,419.9,4538,0.35,0.84,7.96,13.41,0.143,1431,0.12,-2.68,4.625,True,False,True,True,clean,
662,260408_120307033.jpg,7,301452.647068,8.24,0.18,464.8,4247,-0.16,0.64,10.38,12.45,0.104,1754,-0.19,-0.01,5.175000000000001,True,False,True,True,clean,
663,260408_120307650.jpg,7,301453.263869,8.21,0.31,390.6,5472,0.23,-0.32,6.96,13.24,0.183,3212,0.25,-0.45,4.675,True,False,True,True,clean,
664,260408_120308267.jpg,7,301453.88157,8.15,0.23,373.8,6705,0.11,1.78,8.79,14.16,0.179,4407,-0.37,-1.74,5.125,True,False,True,True,clean,
665,260408_120308896.jpg,7,301454.510371,7.98,0.24,400.2,6802,0.41,-2.7,10.16,10.57,0.176,3460,-0.62,-1.45,5.025,True,False,True,True,clean,
666,260408_120309542.jpg,7,301455.156271,7.82,0.39,420.6,9678,0.6,3.16,15.92,11.48,0.134,3456,-0.29,-0.85,4.375,True,False,True,True,clean,
667,260408_120310186.jpg,7,301455.800372,7.64,0.65,551.4,7107,-0.25,-0.58,10.53,11.21,0.177,3492,0.36,-0.67,4.525,True,False,True,True,clean,
668,260408_120310855.jpg,7,301456.469373,7.44,2.07,824.1,8453,0.31,0.79,8.34,8.74,0.262,4239,0.02,-0.01,5.275,True,False,True,True,clean,
669,260408_120311555.jpg,7,301457.169374,7.3,4.89,1224.1,3536,0.04,1.4,5.0,11.96,0.201,3721,-0.25,-0.75,5.2250000000000005,True,False,True,True,clean,
670,260408_120312277.jpg,7,301457.891475,7.22,6.46,1238.1,2420,0.89,0.63,6.96,12.53,0.163,3384,-0.2,-0.4,5.025,True,False,False,True,usable,turning
671,260408_120312969.jpg,7,301458.584276,7.35,3.8,421.7,1642,-6.65,-4.29,14.34,11.76,0.079,1858,0.32,-1.03,4.375,False,False,True,True,reject,geometry
672,260408_120313635.jpg,7,301459.249877,7.52,0.1,425.2,1908,0.26,-1.12,9.74,13.37,0.124,1861,0.02,0.33,3.875,True,False,True,True,clean,
673,260408_120314293.jpg,7,301459.908077,7.71,1.83,344.7,1538,0.77,0.29,7.91,11.92,0.131,1510,-0.07,-2.75,3.575,True,False,True,True,clean,
674,260408_120314940.jpg,7,301460.554878,7.88,1.79,247.8,1868,-0.15,-6.16,8.69,16.82,0.099,1429,-0.45,0.73,3.0250000000000004,False,False,True,True,reject,geometry
675,260408_120315565.jpg,7,301461.180079,7.91,0.78,221.9,2044,-0.03,-0.7,9.49,15.45,0.173,0,nan,nan,3.0250000000000004,True,False,True,True,clean,
676,260408_120316202.jpg,7,301461.81728,7.79,0.7,205.8,1482,-3.58,2.53,10.64,10.95,0.114,0,nan,nan,2.975,True,False,True,True,clean,
677,260408_120316868.jpg,7,301462.483081,7.65,0.57,193.9,3107,0.76,1.8,13.57,15.12,0.086,0,nan,nan,3.125,True,False,True,True,clean,
678,260408_120317522.jpg,7,301463.137283,7.57,0.5,187.6,2205,0.43,0.29,9.54,13.48,0.122,0,nan,nan,3.075,True,False,True,True,clean,
679,260408_120318189.jpg,7,301463.805083,7.59,0.27,181.2,2781,-0.07,3.03,10.13,13.09,0.174,0,nan,nan,3.0250000000000004,True,False,True,True,clean,
680,260408_120318844.jpg,7,301464.460184,7.62,0.01,181.9,2573,0.36,1.25,9.56,12.06,0.167,0,nan,nan,3.075,True,False,True,True,clean,
681,260408_120319494.jpg,7,301465.109885,7.66,0.3,181.9,1638,0.16,0.05,10.91,13.29,0.143,0,nan,nan,3.2750000000000004,True,False,True,True,clean,
682,260408_120320142.jpg,7,301465.758386,7.83,0.08,184.6,1497,0.09,-2.66,11.42,13.86,0.101,0,nan,nan,3.575,True,False,True,True,clean,
683,260408_120320774.jpg,7,301466.390387,7.92,0.01,183.8,1891,-0.31,-1.49,9.93,15.25,0.106,0,nan,nan,3.2750000000000004,True,False,True,True,clean,
684,260408_120321393.jpg,7,301467.009287,7.97,0.03,181.1,2155,-0.44,0.3,9.12,15.62,0.116,0,nan,nan,3.325,True,False,True,True,clean,
685,260408_120322012.jpg,7,301467.627888,7.96,0.36,178.1,2957,-0.16,7.24,10.13,12.7,0.126,0,nan,nan,3.325,False,False,True,True,reject,geometry
686,260408_120322661.jpg,7,301468.276889,7.93,1.31,180.1,3285,0.85,5.11,12.04,11.08,0.107,0,nan,nan,3.325,True,False,True,True,clean,
687,260408_120323290.jpg,7,301468.90679,7.88,0.93,183.2,4343,0.06,1.86,7.89,14.32,0.148,0,nan,nan,3.325,True,False,True,True,clean,
688,260408_120323930.jpg,7,301469.546691,7.74,0.0,184.9,2387,0.2,1.26,9.17,15.84,0.066,0,nan,nan,3.6750000000000003,False,False,True,True,reject,geometry
689,260408_120324584.jpg,7,301470.200492,7.63,1.54,187.5,2781,0.44,4.75,4.89,13.25,0.115,0,nan,nan,3.575,True,False,True,True,clean,
690,260408_120325248.jpg,7,301470.864792,7.36,4.08,192.2,1896,0.68,-3.41,8.12,14.54,0.081,0,nan,nan,3.7750000000000004,True,False,True,True,clean,
691,260408_120325956.jpg,7,301471.572693,6.83,6.15,199.2,2484,0.18,-0.01,10.03,9.37,0.147,0,nan,nan,4.4750000000000005,True,False,False,True,usable,turning
692,260408_120326749.jpg,7,301472.366294,6.2,3.25,227.4,2279,0.26,5.6,9.48,14.08,0.133,0,nan,nan,5.275,True,False,True,True,clean,
693,260408_120327639.jpg,7,301473.256095,5.66,5.76,393.4,3388,-0.37,-0.38,6.91,8.07,0.415,360,12.1,13.55,6.775,True,True,False,True,usable,pass_conflict+turning
694,260408_120328587.jpg,7,301474.204297,5.38,13.04,559.0,960,-0.79,-1.61,5.32,13.98,0.101,907,-6.58,0.5,5.025,True,False,False,True,usable,turning
695,260408_120329525.jpg,7,301475.142098,5.23,14.55,496.8,2354,0.15,-0.86,8.43,13.49,0.264,2087,-0.64,-2.08,4.275,True,False,False,True,usable,turning
696,260408_120330476.jpg,7,301476.094099,5.1,11.49,509.5,1420,-0.11,0.45,6.64,10.28,0.341,2659,-0.01,-1.01,5.825,True,False,False,True,usable,turning
697,260408_120331486.jpg,7,301477.1034,4.98,6.18,769.5,708,-0.75,0.31,5.2,10.83,0.294,2351,-0.6,-12.7,5.625,True,True,False,True,usable,pass_conflict+turning
698,260408_120332518.jpg,7,301478.135502,4.82,2.13,919.2,822,0.77,-10.25,5.47,10.21,0.245,2318,0.13,-4.05,5.7250000000000005,False,False,True,True,reject,geometry
699,260408_120333602.jpg,7,301479.219903,4.41,2.37,951.8,1131,-0.25,-0.42,1.18,7.21,0.341,2581,-0.08,-3.99,6.425000000000001,True,False,True,True,clean,
700,260408_120334923.jpg,7,301480.541405,3.74,6.41,923.1,1868,0.41,-0.61,8.12,10.59,0.252,6666,-0.29,-0.18,6.7250000000000005,True,False,False,True,usable,turning
701,260408_120336507.jpg,7,301482.126007,3.08,6.11,766.4,1055,0.56,2.49,9.96,13.77,0.088,2624,-0.14,0.01,6.375,True,False,False,True,usable,turning
702,260408_120338375.jpg,7,301483.994209,2.65,5.1,583.5,2509,-0.91,-0.23,9.11,11.58,0.211,3566,0.53,0.28,5.175000000000001,True,False,False,True,usable,slow+turning
703,260408_120340417.jpg,7,301486.036412,2.34,0.55,469.3,2139,-0.6,2.24,6.36,16.52,0.127,1025,-0.35,1.99,4.575,False,False,False,True,reject,geometry+slow
704,260408_120342687.jpg,7,301488.306415,2.21,5.78,366.0,2776,0.14,-0.82,7.36,14.12,0.173,1665,-0.21,0.48,7.175000000000001,True,False,False,True,usable,slow+turning
705,260408_120405702.jpg,8,301511.325594,2.41,0.48,287.1,2513,-0.27,-0.46,7.83,11.7,0.201,4057,-0.19,-2.91,5.575,True,False,False,True,usable,slow
706,260408_120407520.jpg,8,301513.142996,2.82,1.7,325.2,2139,0.39,2.74,4.62,12.03,0.268,3908,0.87,0.57,5.125,True,False,False,True,usable,slow
707,260408_120409032.jpg,8,301514.655198,3.31,1.92,401.6,1302,-0.41,0.52,8.58,13.16,0.122,3062,-0.31,0.81,5.925000000000001,True,False,True,True,clean,
708,260408_120410500.jpg,8,301516.12439,3.28,6.89,504.9,2215,-2.43,-10.05,7.96,11.95,0.105,1858,-0.18,0.19,5.175000000000001,False,False,False,True,reject,geometry+turning
709,260408_120412474.jpg,8,301518.098392,3.1,12.48,546.8,3784,0.94,-0.47,9.57,10.52,0.224,2407,0.57,0.77,5.775,True,False,False,True,usable,turning
710,260408_120445809.jpg,9,301551.438011,2.51,1.41,1108.9,639,0.75,-4.46,9.44,5.36,0.191,4112,-5.02,-6.99,6.625,True,False,False,True,usable,slow
711,260408_120447511.jpg,9,301553.141113,3.45,1.0,1157.4,1400,0.7,-0.51,7.6,8.25,0.288,4332,1.56,-5.05,6.425000000000001,True,False,True,True,clean,
712,260408_120448737.jpg,9,301554.367193,4.7,0.18,769.3,1249,0.24,-0.21,8.73,10.34,0.219,3141,0.39,2.9,7.9750000000000005,True,False,True,True,clean,
713,260408_120449702.jpg,9,301555.332494,5.33,0.14,607.8,1343,-0.11,-2.53,4.86,11.24,0.231,4865,-0.32,-0.56,5.025,True,False,True,True,clean,
714,260408_120450620.jpg,9,301556.249695,5.47,0.06,635.2,1485,-1.0,-0.67,8.12,10.04,0.184,3352,-0.33,-0.18,4.925000000000001,True,False,True,True,clean,
715,260408_120451548.jpg,9,301557.178654,5.29,0.35,799.6,1884,0.26,-1.11,7.88,10.06,0.216,3291,-0.45,-0.72,4.425,True,False,True,True,clean,
716,260408_120452583.jpg,9,301558.213855,4.84,6.28,933.1,3112,0.03,-0.1,5.74,6.28,0.351,4117,-0.52,0.56,5.525,True,False,False,True,usable,turning
717,260408_120453726.jpg,9,301559.357056,4.47,14.28,1006.1,2742,-0.19,0.1,6.11,8.78,0.33,4102,-0.48,-0.24,7.2250000000000005,True,False,False,True,usable,turning
718,260408_120454800.jpg,9,301560.430858,4.88,13.16,939.3,1702,-0.58,11.17,7.17,17.2,0.094,1342,-0.37,-0.94,6.875,False,False,False,True,reject,geometry+turning
719,260408_120455723.jpg,9,301561.353659,5.65,8.53,956.2,1030,0.75,15.45,10.18,18.26,0.097,2655,-0.55,-0.54,5.7250000000000005,False,False,False,True,reject,geometry+turning
720,260408_120456530.jpg,9,301562.16086,5.97,8.28,796.1,1397,0.12,-2.43,7.94,10.84,0.277,1120,-0.62,3.05,5.575,True,False,False,True,usable,turning
721,260408_120457376.jpg,9,301563.007561,5.87,12.86,533.7,910,-0.91,-10.59,9.27,18.96,0.128,2735,-0.04,-15.09,5.7250000000000005,False,True,False,True,reject,geometry+pass_conflict+turning
722,260408_120458243.jpg,9,301563.874662,5.84,16.81,465.8,1246,0.01,-1.91,5.22,10.5,0.354,1072,-0.46,-3.26,5.325,True,False,False,True,usable,turning
723,260408_120459080.jpg,9,301564.711763,6.26,14.14,564.6,893,-0.97,-1.36,6.52,11.66,0.195,1502,-0.23,-0.21,5.9750000000000005,True,False,False,True,usable,turning
724,260408_120459820.jpg,9,301565.451764,6.69,5.26,455.9,1508,0.47,-0.21,7.82,8.82,0.369,0,nan,nan,6.375,True,False,False,True,usable,turning
725,260408_120500532.jpg,9,301566.163965,7.03,2.57,247.6,2056,0.2,0.26,9.24,14.29,0.18,0,nan,nan,3.825,True,False,True,True,clean,
726,260408_120501229.jpg,9,301566.861166,7.35,4.61,208.5,1999,0.57,1.26,9.21,14.41,0.133,0,nan,nan,3.4250000000000003,True,False,True,True,clean,
727,260408_120501905.jpg,9,301567.537267,7.71,3.09,197.6,2150,0.09,1.63,6.56,13.26,0.15,0,nan,nan,3.5250000000000004,True,False,True,True,clean,
728,260408_120502533.jpg,9,301568.164767,8.09,1.63,189.7,2508,-0.04,4.34,8.06,15.32,0.12,0,nan,nan,3.625,True,False,True,True,clean,
729,260408_120503133.jpg,9,301568.765068,8.42,0.7,188.4,2146,2.05,0.51,12.65,14.13,0.091,0,nan,nan,4.2250000000000005,True,False,True,True,clean,
730,260408_120503711.jpg,9,301569.343669,8.78,0.02,186.9,1963,-2.91,1.48,10.79,12.06,0.088,0,nan,nan,4.425,True,False,True,True,clean,
731,260408_120504267.jpg,9,301569.89887,8.96,0.05,190.3,2145,0.02,-0.12,10.44,17.77,0.076,0,nan,nan,3.575,False,False,True,True,reject,geometry
732,260408_120504818.jpg,9,301570.44997,9.13,0.44,189.4,2986,-0.38,-2.55,6.37,13.85,0.163,0,nan,nan,3.375,True,False,True,True,clean,
733,260408_120505355.jpg,9,301570.987071,9.21,0.95,188.1,2140,-0.51,0.96,5.67,9.97,0.189,0,nan,nan,3.4250000000000003,True,False,True,True,clean,
734,260408_120505894.jpg,9,301571.526672,9.07,0.77,192.0,2072,0.75,-2.02,10.01,9.24,0.134,0,nan,nan,3.5250000000000004,True,False,True,True,clean,
735,260408_120506450.jpg,9,301572.082372,8.87,0.61,192.6,2995,0.09,0.42,12.3,11.35,0.165,0,nan,nan,4.075,True,False,True,True,clean,
736,260408_120507027.jpg,9,301572.659773,8.73,0.62,194.0,2100,0.45,1.89,8.5,10.07,0.147,0,nan,nan,3.7750000000000004,True,False,True,True,clean,
737,260408_120507618.jpg,9,301573.250374,8.85,0.4,193.9,1981,0.83,2.18,10.25,13.55,0.1,0,nan,nan,3.475,True,False,True,True,clean,
738,260408_120508177.jpg,9,301573.810274,8.94,0.18,193.5,2428,-0.16,0.8,11.36,14.31,0.119,0,nan,nan,3.5250000000000004,True,False,True,True,clean,
739,260408_120508737.jpg,9,301574.370175,9.07,0.12,198.6,2788,0.18,-5.66,7.52,13.29,0.177,0,nan,nan,3.475,True,False,True,True,clean,
740,260408_120509282.jpg,9,301574.915576,9.24,0.53,208.2,3194,0.22,1.71,6.91,10.39,0.25,0,nan,nan,3.725,True,False,True,True,clean,
741,260408_120509818.jpg,9,301575.450777,9.42,0.21,219.1,2484,-0.28,-0.24,10.2,12.09,0.175,0,nan,nan,3.9250000000000003,True,False,True,True,clean,
742,260408_120510340.jpg,9,301575.973677,9.53,1.87,236.1,2509,0.47,4.69,7.34,10.56,0.208,0,nan,nan,3.9250000000000003,True,False,True,True,clean,
743,260408_120510865.jpg,9,301576.498778,9.46,2.77,262.3,2063,-0.53,7.66,9.31,12.7,0.085,0,nan,nan,3.975,False,False,True,True,reject,geometry
744,260408_120511390.jpg,9,301577.023879,9.37,3.0,328.4,2527,0.41,2.54,10.44,10.73,0.143,0,nan,nan,4.925000000000001,True,False,True,True,clean,
745,260408_120511927.jpg,9,301577.560079,9.27,0.05,498.0,2283,-1.28,0.69,9.68,11.8,0.11,0,nan,nan,5.2250000000000005,True,False,True,True,clean,
746,260408_120512464.jpg,9,301578.09748,9.15,4.4,408.1,1400,1.3,0.3,10.84,10.28,0.117,0,nan,nan,5.375,True,False,True,True,clean,
747,260408_120513014.jpg,9,301578.647381,8.95,6.81,895.6,1513,1.69,1.67,9.37,12.47,0.111,0,nan,nan,6.325,True,False,False,True,usable,turning
748,260408_120513587.jpg,9,301579.220881,8.95,6.78,1391.9,1710,-0.2,-0.33,5.63,12.94,0.113,0,nan,nan,7.675000000000001,True,False,False,True,usable,turning
749,260408_120514145.jpg,9,301579.778482,9.02,4.46,968.7,8112,-2.18,-0.54,6.42,7.12,0.407,0,nan,nan,6.675000000000001,True,False,True,True,clean,
750,260408_120514711.jpg,9,301580.345083,8.97,1.56,702.3,6437,0.16,-0.03,9.31,11.19,0.207,0,nan,nan,8.125,True,False,True,True,clean,
751,260408_120515280.jpg,9,301580.913784,8.86,0.14,507.5,5725,-1.42,-2.7,8.97,11.82,0.171,0,nan,nan,6.625,True,False,True,True,clean,
752,260408_120515864.jpg,9,301581.497684,8.78,0.35,472.2,7803,-0.36,-0.87,5.97,9.66,0.31,0,nan,nan,7.075,True,False,True,True,clean,
753,260408_120516442.jpg,9,301582.076085,8.69,0.39,445.4,6388,-1.31,-1.22,10.04,11.96,0.17,431,-0.95,3.26,5.9750000000000005,True,False,True,True,clean,
754,260408_120517034.jpg,9,301582.667986,8.44,0.17,476.6,6354,-0.01,1.36,9.21,12.76,0.201,225,0.46,5.03,6.2250000000000005,True,False,True,True,clean,
755,260408_120517640.jpg,9,301583.274687,8.37,0.07,539.7,6780,-0.46,1.62,4.59,9.26,0.383,285,0.2,5.17,6.275,True,False,True,True,clean,
756,260408_120518248.jpg,9,301583.882787,8.31,0.03,492.2,4992,-2.24,-0.56,8.42,12.39,0.19,246,0.81,-11.73,6.825,True,False,True,True,clean,
757,260408_120518853.jpg,9,301584.487488,8.06,0.0,519.5,5408,-0.41,2.14,8.62,13.07,0.177,224,0.48,18.56,5.925000000000001,True,False,True,True,clean,
758,260408_120519489.jpg,9,301585.123889,7.95,0.15,572.6,4946,-0.22,0.95,6.78,16.32,0.129,65,-0.73,3.03,6.7250000000000005,False,False,True,True,reject,geometry
759,260408_120520128.jpg,9,301585.76259,7.83,0.48,491.4,6193,0.33,-0.58,9.31,10.67,0.201,183,8.61,-4.2,6.175000000000001,True,False,True,True,clean,
760,260408_120520780.jpg,9,301586.415191,7.64,0.84,473.0,6481,0.22,-0.01,5.88,9.71,0.265,115,0.36,11.19,6.425000000000001,True,False,True,True,clean,
761,260408_120521450.jpg,9,301587.084991,7.22,0.68,539.1,5138,0.42,2.34,9.29,12.85,0.166,117,10.23,9.3,7.375,True,False,True,True,clean,
762,260408_120522189.jpg,9,301587.824292,6.19,1.38,599.6,5690,2.38,-0.2,8.32,10.26,0.231,211,0.62,-0.67,7.375,True,False,True,True,clean,
763,260408_120523187.jpg,9,301588.822494,4.68,4.97,609.6,4039,0.66,1.35,5.02,11.25,0.275,518,5.68,12.56,8.075000000000001,True,True,True,True,usable,pass_conflict
764,260408_120526886.jpg,9,301592.521899,2.8,11.96,374.1,3880,6.42,16.32,6.09,10.82,0.137,0,nan,nan,10.125,False,False,False,True,reject,geometry+slow+turning
765,260408_120528639.jpg,9,301594.275501,4.56,15.88,303.2,3805,0.03,1.36,5.66,9.73,0.252,27,nan,nan,5.825,True,False,False,True,usable,turning
766,260408_120529743.jpg,9,301595.379802,5.6,3.55,284.6,3240,-2.34,0.03,7.46,11.55,0.139,147,-0.15,1.42,3.9250000000000003,True,False,True,True,clean,
767,260408_120530625.jpg,9,301596.261003,5.72,1.26,279.9,2711,-0.16,-0.41,11.12,11.74,0.082,70,-15.91,30.4,3.5250000000000004,True,False,True,True,clean,
768,260408_120531517.jpg,9,301597.154104,5.56,1.74,296.5,2681,-0.49,7.47,8.59,15.69,0.077,433,5.25,-6.48,3.2750000000000004,False,False,True,True,reject,geometry
769,260408_120532445.jpg,9,301598.082205,5.4,3.37,292.8,4549,0.46,2.72,8.28,12.26,0.19,943,-0.55,-4.84,3.2750000000000004,True,False,True,True,clean,
770,260408_120533406.jpg,9,301599.042807,5.24,2.53,289.6,2656,-2.07,-0.37,11.8,14.03,0.1,219,-0.47,2.2,3.9250000000000003,True,False,True,True,clean,
771,260408_120534402.jpg,9,301600.038608,4.69,0.26,293.9,2264,-0.96,-0.07,10.91,12.07,0.185,54,-35.67,-4.13,4.425,True,False,True,True,clean,
772,260408_120535816.jpg,9,301601.45301,4.03,0.39,310.8,2517,-0.48,-0.43,10.49,11.27,0.226,26,nan,nan,10.875,True,False,True,True,clean,
773,260408_120621549.jpg,10,301647.193457,1.75,0.32,510.8,2546,-0.34,-7.38,4.79,20.1,0.123,3724,-0.4,-3.74,10.125,False,False,False,True,reject,geometry+slow
774,260408_120623789.jpg,10,301649.43376,2.13,0.48,485.1,2786,0.47,-0.84,6.51,16.19,0.16,4349,-0.34,1.44,8.925,False,False,False,True,reject,geometry+slow
775,260408_120625918.jpg,10,301651.563262,2.38,0.92,500.4,3522,-0.39,-4.17,6.14,9.43,0.3,4496,0.64,0.29,9.775,True,False,False,True,usable,slow
776,260408_120628252.jpg,10,301653.897765,2.25,2.97,533.2,4528,0.87,-0.69,7.5,10.28,0.333,3782,-0.05,0.4,9.225,True,False,False,True,usable,slow
777,260408_120633377.jpg,11,301659.022972,1.93,20.31,531.3,4967,-0.24,0.29,7.32,9.27,0.367,11171,-0.17,-0.08,12.875,True,False,False,True,usable,slow+turning
778,260408_120635481.jpg,11,301661.127273,2.69,20.12,508.4,3696,0.06,0.29,5.41,13.0,0.292,4883,-0.22,-4.66,8.725,True,False,False,True,usable,slow+turning
779,260408_120636893.jpg,11,301662.539674,4.11,12.38,575.1,3920,-1.29,-0.11,3.82,15.14,0.177,3197,-0.82,0.05,6.2250000000000005,True,False,False,True,usable,turning
780,260408_120637984.jpg,11,301663.630676,5.05,2.59,485.6,5292,-1.82,0.63,16.14,11.17,0.171,1703,-0.41,-0.41,5.2250000000000005,False,False,True,True,reject,geometry
781,260408_120638907.jpg,11,301664.554277,5.59,2.12,413.8,3685,0.88,1.29,7.05,11.27,0.202,3886,-3.05,-4.21,4.9750000000000005,True,False,True,True,clean,
782,260408_120639762.jpg,11,301665.408878,5.91,1.23,389.1,4980,2.09,10.26,7.14,13.9,0.126,3212,0.33,10.14,4.7250000000000005,False,True,True,True,reject,geometry+pass_conflict
783,260408_120640583.jpg,11,301666.230979,6.08,0.62,394.4,5361,0.8,-5.92,6.17,10.0,0.183,1179,-1.3,0.22,4.9750000000000005,True,False,True,True,clean,
784,260408_120641394.jpg,11,301667.04178,6.11,0.09,423.4,8865,-0.0,-0.59,5.42,13.86,0.159,1186,-0.18,0.53,4.775,True,False,True,True,clean,
785,260408_120642215.jpg,11,301667.862981,5.96,0.86,450.5,7070,-0.73,-0.14,4.87,13.82,0.163,381,-0.38,-0.52,6.7250000000000005,True,False,True,True,clean,
786,260408_120643087.jpg,11,301668.734982,5.5,0.05,486.4,5902,-0.15,2.35,3.21,10.9,0.189,481,-0.05,-0.4,8.825000000000001,True,False,True,True,clean,
787,260408_120643971.jpg,11,301669.619183,4.51,12.37,548.6,7052,1.66,1.88,7.81,9.42,0.201,409,0.51,0.32,8.375,True,False,False,True,usable,turning
788,260408_120646928.jpg,11,301672.576074,1.98,15.8,421.8,7647,-0.26,-0.82,6.37,10.33,0.252,1249,-8.11,-0.42,7.425000000000001,True,True,False,True,usable,pass_conflict+slow+turning
789,260408_120649449.jpg,11,301675.097596,2.47,11.16,481.1,7233,0.24,0.85,8.15,11.18,0.247,1767,-0.01,-2.64,11.125,True,False,False,True,usable,slow+turning
790,260408_120651133.jpg,11,301676.781898,3.43,2.99,502.6,6642,0.5,-0.4,6.25,9.1,0.256,2176,0.96,0.52,7.375,True,False,True,True,clean,
791,260408_120652380.jpg,11,301678.0291,4.11,1.18,535.2,5693,0.39,1.5,7.69,11.86,0.215,1769,0.47,1.14,6.425000000000001,True,False,True,True,clean,
792,260408_120653464.jpg,11,301679.113901,4.58,0.28,526.4,5602,0.12,0.19,6.35,10.51,0.273,1357,-0.02,1.06,6.375,True,False,True,True,clean,
793,260408_120654493.jpg,11,301680.143003,4.88,0.27,569.7,5082,0.04,-1.0,7.56,11.64,0.279,557,-0.08,-0.04,7.325,True,False,True,True,clean,
794,260408_120655499.jpg,11,301681.149004,4.97,0.21,543.2,5502,0.05,-2.41,6.44,14.46,0.228,247,-0.37,4.61,6.4750000000000005,True,False,True,True,clean,
795,260408_120656510.jpg,11,301682.159505,5.06,0.15,415.5,5754,-0.13,-0.95,7.75,8.51,0.333,49,nan,nan,6.275,True,False,True,True,clean,
796,260408_120657480.jpg,11,301683.130006,5.22,0.58,418.9,6083,-0.04,-7.81,5.38,12.58,0.211,7,nan,nan,6.4750000000000005,False,False,True,True,reject,geometry
797,260408_120658426.jpg,11,301684.075808,5.38,0.38,438.6,5265,-0.36,0.18,6.31,11.01,0.182,9,nan,nan,6.4750000000000005,True,False,True,True,clean,
798,260408_120659336.jpg,11,301684.986009,5.58,0.32,428.2,5984,-2.81,1.31,7.7,11.03,0.165,162,-0.73,8.98,6.7250000000000005,True,False,True,True,clean,
799,260408_120700210.jpg,11,301685.86081,5.66,0.47,421.5,5662,-0.63,1.92,7.78,12.42,0.158,464,-0.19,12.18,7.275,True,True,True,True,usable,pass_conflict
800,260408_120701083.jpg,11,301686.733511,5.62,0.07,429.1,6275,3.22,4.19,7.54,14.47,0.104,365,-0.24,22.01,6.2250000000000005,True,True,True,True,usable,pass_conflict
801,260408_120701981.jpg,11,301687.632212,5.61,0.2,436.0,4502,2.19,-4.76,11.12,10.29,0.163,252,0.47,-7.04,6.2250000000000005,True,False,True,True,clean,
802,260408_120702877.jpg,11,301688.527613,5.63,0.32,426.4,3988,0.2,-2.02,6.21,9.48,0.216,324,-0.57,21.55,6.325,True,True,True,True,usable,pass_conflict
803,260408_120703774.jpg,11,301689.424914,5.52,0.46,396.7,4764,-0.6,0.39,5.27,6.68,0.348,720,-4.15,1.3,7.875,True,False,True,True,clean,
804,260408_120704732.jpg,11,301690.383516,4.94,0.24,353.1,6622,0.13,-1.37,5.18,8.22,0.381,159,-8.52,4.8,6.575,True,False,True,True,clean,
805,260408_120705974.jpg,11,301691.625117,4.15,0.32,315.8,8868,0.44,-0.55,7.96,12.0,0.268,0,nan,nan,5.075,True,False,True,True,clean,
806,260408_120707292.jpg,11,301692.943519,3.85,0.39,302.6,7684,0.52,2.62,6.65,12.68,0.242,0,nan,nan,4.775,True,False,True,True,clean,
807,260408_120708666.jpg,11,301694.318021,3.72,0.47,299.2,7621,-0.11,1.22,4.46,8.5,0.244,0,nan,nan,4.925000000000001,True,False,True,True,clean,
808,260408_120710074.jpg,11,301695.726623,3.61,0.55,302.6,8231,0.02,-1.14,5.69,10.54,0.301,0,nan,nan,4.575,True,False,True,True,clean,
809,260408_120711559.jpg,11,301697.211025,3.45,0.61,307.5,7106,0.0,-0.69,6.16,8.09,0.377,0,nan,nan,4.875,True,False,True,True,clean,
810,260408_120713050.jpg,11,301698.702726,3.27,0.67,312.0,3774,-0.2,-3.73,7.31,12.24,0.171,0,nan,nan,5.275,True,False,True,True,clean,
811,260408_120714727.jpg,11,301700.379829,3.04,1.06,312.7,4722,0.45,-3.5,5.8,10.11,0.321,0,nan,nan,5.9750000000000005,True,False,True,True,clean,
812,260408_120716431.jpg,11,301702.084431,3.02,0.8,299.6,2077,-1.07,-4.53,9.51,11.17,0.108,0,nan,nan,5.775,True,False,True,True,clean,
813,260408_120717961.jpg,11,301703.614133,3.29,0.06,295.2,2360,0.88,-10.41,4.66,9.97,0.088,0,nan,nan,5.625,False,False,True,True,reject,geometry
814,260408_120719380.jpg,11,301705.033935,3.43,0.25,299.8,2218,7.18,-4.13,10.86,16.14,0.102,0,nan,nan,4.875,False,False,True,True,reject,geometry
815,260408_120720811.jpg,11,301706.465036,3.37,0.58,318.6,6016,3.94,-2.65,7.34,13.48,0.151,0,nan,nan,4.575,True,False,True,True,clean,
816,260408_120722286.jpg,11,301707.939738,3.3,0.29,311.7,5950,-0.3,-3.75,4.22,14.65,0.14,0,nan,nan,4.575,True,False,True,True,clean,
817,260408_120723865.jpg,11,301709.51954,3.24,0.49,316.0,5118,0.87,3.17,11.78,13.83,0.089,111,-0.05,-0.51,4.775,True,False,True,True,clean,
818,260408_120725353.jpg,11,301711.007448,3.35,0.37,318.0,2340,1.39,10.86,4.78,16.47,0.054,1,nan,nan,4.825,False,False,True,True,reject,geometry
819,260408_120726771.jpg,11,301712.42595,3.44,0.49,354.9,2512,1.66,-5.81,2.44,17.56,0.096,27,nan,nan,5.625,False,False,True,True,reject,geometry
820,260408_120728255.jpg,11,301713.909652,3.3,1.08,494.3,1750,-26.92,-0.99,0.78,17.26,0.002,0,nan,nan,6.7250000000000005,False,False,True,True,reject,geometry
821,260408_120729940.jpg,11,301715.595254,2.99,0.53,763.0,42,nan,nan,nan,nan,nan,0,nan,nan,6.875,False,False,False,True,usable,few_edges+slow
822,260408_120732080.jpg,11,301717.735924,2.53,0.3,440.5,33,nan,nan,nan,nan,nan,6,nan,nan,9.475,False,False,False,True,usable,few_edges+slow
823,260408_120734473.jpg,11,301720.128927,2.06,1.17,398.1,100,2.52,-0.87,4.44,10.26,0.01,25,nan,nan,7.075,False,False,False,True,usable,few_edges+slow
824,260408_120737349.jpg,11,301723.005531,1.84,2.56,403.9,673,-0.12,-18.92,0.79,12.94,0.055,56,0.65,2.13,8.125,False,False,False,True,reject,geometry+slow
825,260408_120923117.jpg,12,301828.789666,1.23,2.76,528.3,818,0.11,-9.33,12.05,13.42,0.024,0,nan,nan,7.125,False,False,False,True,reject,geometry+slow
826,260408_120925981.jpg,12,301831.65487,1.32,0.88,522.0,804,0.2,-11.74,3.12,11.21,0.038,0,nan,nan,7.025,False,False,False,True,reject,geometry+slow
827,260408_120929448.jpg,12,301835.121874,1.7,1.83,485.6,1584,0.08,10.01,8.79,10.14,0.107,0,nan,nan,8.675,False,False,False,True,reject,geometry+slow
828,260408_120931957.jpg,12,301837.631718,2.08,8.0,476.7,2978,-0.07,-2.71,6.48,12.83,0.243,0,nan,nan,11.075000000000001,True,False,False,True,usable,slow+turning
829,260408_120934208.jpg,12,301839.882921,2.05,16.69,418.1,1476,0.28,-4.66,8.78,6.45,0.335,0,nan,nan,6.875,True,False,False,True,usable,slow+turning
830,260408_120936462.jpg,12,301842.137076,2.17,11.24,424.1,1040,-2.53,5.62,11.49,7.34,0.206,0,nan,nan,6.2250000000000005,True,False,False,True,usable,slow+turning
831,260408_120938684.jpg,12,301844.358979,2.15,2.09,461.2,476,-5.49,4.37,18.45,4.7,0.116,0,nan,nan,9.775,False,False,False,True,reject,geometry+slow
832,260408_120940955.jpg,12,301846.630582,1.76,9.04,441.9,1131,-3.04,9.56,8.98,13.12,0.103,0,nan,nan,11.975000000000001,False,False,False,True,reject,geometry+slow+turning
833,260408_120944374.jpg,12,301850.050086,1.45,11.0,416.1,2799,-0.01,0.19,3.9,12.26,0.262,0,nan,nan,10.425,True,False,False,True,usable,slow+turning
834,260408_120947749.jpg,12,301853.42559,2.08,6.57,395.5,1736,-0.68,3.75,7.41,19.58,0.058,0,nan,nan,6.9750000000000005,False,False,False,True,reject,geometry+slow+turning
835,260408_120949815.jpg,12,301855.492542,2.46,1.53,377.2,4095,-0.2,-0.61,4.55,14.77,0.151,0,nan,nan,5.575,True,False,False,True,usable,slow
836,260408_120951804.jpg,12,301857.481101,2.53,0.9,373.9,3840,0.23,-0.72,5.95,28.35,0.071,0,nan,nan,5.425000000000001,False,False,False,True,reject,geometry+slow
837,260408_120953806.jpg,12,301859.483904,2.62,0.41,365.2,3685,-0.01,4.2,5.5,18.32,0.089,0,nan,nan,5.525,False,False,False,True,reject,geometry+slow
838,260408_120955769.jpg,12,301861.447255,2.78,0.45,385.2,2710,-0.68,-0.69,6.97,15.27,0.128,0,nan,nan,5.825,True,False,False,True,usable,slow
839,260408_120957561.jpg,12,301863.239857,2.6,8.07,397.4,4876,0.57,3.84,7.57,11.98,0.376,0,nan,nan,6.025,True,False,False,True,usable,slow+turning
840,260408_120959867.jpg,12,301865.54586,2.37,16.32,341.5,2422,1.99,2.12,7.56,23.64,0.067,0,nan,nan,5.925000000000001,False,False,False,True,reject,geometry+slow+turning
841,260408_121001676.jpg,12,301867.355063,2.7,12.68,307.0,3906,-0.58,-0.98,13.0,16.22,0.113,0,nan,nan,5.025,False,False,False,True,reject,geometry+slow+turning
842,260408_121003336.jpg,12,301869.015265,2.95,2.12,280.1,3555,0.44,9.94,6.93,6.07,0.175,0,nan,nan,4.525,False,False,False,True,reject,geometry+slow
843,260408_121004997.jpg,12,301870.676467,3.07,0.87,272.4,3613,0.26,-6.52,5.67,13.72,0.125,0,nan,nan,4.525,False,False,True,True,reject,geometry
844,260408_121006561.jpg,12,301872.240903,3.02,10.3,274.2,1938,0.33,-0.88,4.82,15.35,0.207,0,nan,nan,5.2250000000000005,True,False,False,True,usable,turning
845,260408_121008137.jpg,12,301873.817305,2.8,18.61,274.6,1495,-0.76,0.91,6.88,7.48,0.216,0,nan,nan,5.575,True,False,False,True,usable,slow+turning
846,260408_121009686.jpg,12,301875.366107,3.2,16.05,275.4,1917,1.46,-4.44,6.58,6.26,0.357,0,nan,nan,5.025,True,False,False,True,usable,turning
847,260408_121011010.jpg,12,301876.690409,3.74,10.34,283.1,1013,8.13,-2.94,9.81,17.77,0.074,0,nan,nan,5.025,False,False,False,True,reject,geometry+turning
848,260408_121012208.jpg,12,301877.888411,4.06,6.08,293.1,1510,-0.64,8.78,3.35,12.49,0.188,0,nan,nan,5.275,False,False,False,True,reject,geometry+turning
849,260408_121013399.jpg,12,301879.080212,4.26,3.84,297.1,1638,-0.13,-5.85,4.56,16.82,0.22,0,nan,nan,5.525,False,False,True,True,reject,geometry
850,260408_121014516.jpg,12,301880.197214,4.52,2.43,313.6,1157,-0.25,-6.53,3.27,6.53,0.461,0,nan,nan,5.425000000000001,False,False,True,True,reject,geometry
851,260408_121015551.jpg,12,301881.232315,4.84,0.83,347.1,451,-0.2,12.17,3.93,13.71,0.321,0,nan,nan,5.775,False,False,True,True,reject,geometry
852,260408_121016512.jpg,12,301882.193416,5.11,0.78,413.7,490,5.53,9.93,4.15,13.51,0.293,0,nan,nan,5.875,False,False,True,True,reject,geometry
853,260408_121017481.jpg,12,301883.162817,5.09,0.72,554.6,239,-3.52,4.6,15.66,18.06,0.029,0,nan,nan,5.675000000000001,False,False,True,True,unverified,few_edges
854,260408_121018515.jpg,12,301884.196619,4.79,0.22,703.4,905,0.36,-6.83,5.29,13.09,0.215,0,nan,nan,5.925000000000001,False,False,True,True,reject,geometry
855,260408_121019612.jpg,12,301885.29372,4.54,0.3,555.3,1400,-0.1,-4.08,2.82,12.0,0.348,0,nan,nan,6.2250000000000005,True,False,True,True,clean,
856,260408_121020751.jpg,12,301886.433021,4.37,0.39,409.3,1039,1.75,-0.97,9.51,6.68,0.332,0,nan,nan,5.675000000000001,True,False,True,True,clean,
857,260408_121021920.jpg,12,301887.602623,4.31,1.57,345.1,1162,0.63,-0.01,4.42,6.68,0.435,0,nan,nan,5.325,True,False,True,True,clean,
858,260408_121023084.jpg,12,301888.766924,4.38,0.6,326.5,1725,0.31,-0.95,3.54,9.85,0.534,0,nan,nan,5.175000000000001,True,False,True,True,clean,
859,260408_121024205.jpg,12,301889.887326,4.48,1.21,330.5,1353,-0.53,6.09,4.53,14.43,0.322,0,nan,nan,5.375,False,False,True,True,reject,geometry
860,260408_121025287.jpg,12,301890.970127,4.5,0.83,331.2,1079,0.22,0.56,5.38,9.07,0.433,0,nan,nan,5.275,True,False,True,True,clean,
861,260408_121026444.jpg,12,301892.126829,4.32,0.51,360.1,1187,-2.05,-1.86,2.96,7.39,0.356,0,nan,nan,5.325,True,False,True,True,clean,
862,260408_121027721.jpg,12,301893.40423,3.97,0.68,330.5,1145,-9.75,-9.68,7.52,9.31,0.321,0,nan,nan,5.625,False,False,True,True,reject,geometry
863,260408_121029067.jpg,12,301894.750632,3.7,4.94,328.8,1886,2.69,3.44,3.13,5.83,0.593,0,nan,nan,5.325,True,False,True,True,clean,
864,260408_121030484.jpg,12,301896.168034,3.45,14.2,322.1,1297,3.17,7.34,9.92,15.32,0.192,0,nan,nan,5.375,False,False,False,True,reject,geometry+turning
865,260408_121031975.jpg,12,301897.658736,3.42,17.45,320.4,290,-0.24,-16.48,1.23,8.44,0.065,0,nan,nan,4.9750000000000005,False,False,False,True,usable,few_edges+turning
866,260408_121033288.jpg,12,301898.972011,3.86,10.03,344.2,690,-7.23,-13.11,13.26,13.9,0.053,0,nan,nan,5.875,False,False,False,True,reject,geometry+turning
867,260408_121034460.jpg,12,301900.144613,4.31,1.85,369.5,236,-8.25,0.81,8.46,13.41,0.024,0,nan,nan,5.425000000000001,False,False,True,True,unverified,few_edges
868,260408_121035577.jpg,12,301901.261814,4.62,0.42,392.7,557,7.44,9.02,9.92,9.53,0.042,0,nan,nan,5.425000000000001,False,False,True,True,reject,geometry
869,260408_121036646.jpg,12,301902.331038,4.72,0.48,374.4,1301,-0.05,-6.16,11.22,25.38,0.068,0,nan,nan,6.175000000000001,False,False,True,True,reject,geometry
870,260408_121037703.jpg,12,301903.387339,4.75,0.56,376.0,1571,-0.32,-4.45,15.84,5.11,0.139,0,nan,nan,5.9750000000000005,True,False,True,True,clean,
871,260408_121038753.jpg,12,301904.437641,4.66,0.57,377.4,1891,-1.7,-0.76,10.47,11.0,0.19,0,nan,nan,6.025,True,False,True,True,clean,
872,260408_121039889.jpg,12,301905.574142,4.32,0.07,395.2,1419,1.51,-3.61,6.27,7.37,0.245,0,nan,nan,6.175000000000001,True,False,True,True,clean,
873,260408_121041166.jpg,12,301906.850844,3.67,12.78,401.0,1087,0.71,-16.46,5.05,13.84,0.14,0,nan,nan,7.125,False,False,False,True,reject,geometry+turning
874,260408_121042761.jpg,12,301908.446046,2.99,24.13,378.1,2638,0.03,-0.06,6.37,4.25,0.501,0,nan,nan,7.275,True,False,False,True,usable,slow+turning
875,260408_121044207.jpg,12,301909.892848,3.47,14.55,364.4,2146,0.61,6.15,7.38,9.32,0.25,0,nan,nan,6.4750000000000005,False,False,False,True,reject,geometry+turning
876,260408_121045467.jpg,12,301911.152949,4.08,0.21,364.8,2311,-0.32,6.15,8.77,13.12,0.165,0,nan,nan,5.675000000000001,False,False,True,True,reject,geometry
877,260408_121046570.jpg,12,301912.256151,4.52,1.63,355.9,2360,1.07,-6.01,11.14,10.71,0.172,0,nan,nan,5.825,False,False,True,True,reject,geometry
878,260408_121047641.jpg,12,301913.327352,4.79,0.16,346.8,3131,-0.53,7.9,7.59,8.23,0.331,0,nan,nan,5.625,False,False,True,True,reject,geometry
879,260408_121048679.jpg,12,301914.365953,4.89,1.43,349.4,2226,-0.46,-8.37,9.6,14.44,0.201,0,nan,nan,5.925000000000001,False,False,True,True,reject,geometry
880,260408_121049697.jpg,12,301915.383455,4.79,1.13,347.7,2362,0.25,-0.82,5.94,13.03,0.263,0,nan,nan,6.175000000000001,True,False,True,True,clean,
881,260408_121050785.jpg,12,301916.471856,4.57,0.08,349.0,3203,3.41,-10.53,7.08,13.28,0.112,0,nan,nan,6.675000000000001,False,False,True,True,reject,geometry
882,260408_121051960.jpg,12,301917.646657,4.19,0.49,360.4,2474,0.19,15.67,9.43,12.81,0.115,0,nan,nan,5.2250000000000005,False,False,True,True,reject,geometry
883,260408_121053330.jpg,12,301919.016959,3.58,2.43,412.5,1626,-0.23,-0.0,3.43,8.08,0.264,0,nan,nan,5.625,True,False,True,True,clean,
884,260408_121054997.jpg,12,301920.684903,3.07,8.98,418.3,2030,-0.24,-0.48,10.55,7.65,0.261,0,nan,nan,5.7250000000000005,True,False,False,True,usable,turning
885,260408_121056646.jpg,12,301922.333405,3.2,14.94,356.1,1773,1.49,0.95,9.48,11.97,0.227,0,nan,nan,5.375,True,False,False,True,usable,turning
886,260408_121058070.jpg,12,301923.758343,3.61,13.13,304.2,2027,-0.32,-0.29,7.36,11.17,0.218,0,nan,nan,4.525,True,False,False,True,usable,turning
887,260408_121059409.jpg,12,301925.097288,3.72,8.22,300.6,2149,-0.14,-1.8,8.88,10.67,0.232,0,nan,nan,4.875,True,False,False,True,usable,turning
888,260408_121100803.jpg,12,301926.49158,3.74,4.14,319.5,3211,-0.05,-0.79,9.2,12.69,0.248,0,nan,nan,5.325,True,False,True,True,clean,
889,260408_121102070.jpg,12,301927.758582,4.03,0.2,350.0,3554,-1.94,0.53,10.78,13.15,0.16,0,nan,nan,5.675000000000001,True,False,True,True,clean,
890,260408_121103220.jpg,12,301928.908983,4.34,0.11,356.3,4944,-0.51,4.66,9.26,9.75,0.297,0,nan,nan,5.525,True,False,True,True,clean,
891,260408_121104316.jpg,12,301930.005185,4.49,2.15,350.6,4896,-0.33,-0.6,7.83,11.96,0.253,0,nan,nan,5.625,True,False,True,True,clean,
892,260408_121105394.jpg,12,301931.083086,4.52,1.37,311.9,4199,-0.5,-1.46,6.49,13.18,0.239,0,nan,nan,5.175000000000001,True,False,True,True,clean,
893,260408_121106531.jpg,12,301932.220588,4.45,0.72,278.0,2539,-0.53,0.21,6.23,8.83,0.328,0,nan,nan,5.175000000000001,True,False,True,True,clean,
894,260408_121107689.jpg,12,301933.378089,4.29,0.69,262.1,1779,-0.86,-1.09,6.09,11.34,0.247,0,nan,nan,6.075,True,False,True,True,clean,
895,260408_121108909.jpg,12,301934.599091,4.16,0.67,280.9,2150,0.11,-1.15,5.17,10.18,0.335,0,nan,nan,5.575,True,False,True,True,clean,
896,260408_121110110.jpg,12,301935.800192,4.07,2.47,334.8,1089,0.07,-5.48,9.79,13.24,0.193,0,nan,nan,5.325,True,False,True,True,clean,
897,260408_121111398.jpg,12,301937.088194,3.94,0.6,361.7,1435,0.56,-1.6,7.26,8.65,0.301,0,nan,nan,4.875,True,False,True,True,clean,
898,260408_121112756.jpg,12,301938.446595,3.79,3.04,326.4,1467,-0.7,-2.98,4.54,14.23,0.29,0,nan,nan,4.775,True,False,True,True,clean,
899,260408_121114108.jpg,12,301939.798197,3.63,0.47,396.4,524,-0.72,21.59,7.34,8.83,0.104,0,nan,nan,4.525,False,False,True,True,reject,geometry
900,260408_121115580.jpg,12,301941.270699,3.39,0.12,475.8,1139,-11.02,-20.9,8.71,3.82,0.101,0,nan,nan,4.375,False,False,True,True,reject,geometry
901,260408_121117208.jpg,12,301942.898701,3.25,0.07,283.9,2580,-0.6,3.26,7.35,17.74,0.192,0,nan,nan,4.625,False,False,True,True,reject,geometry
902,260408_121118802.jpg,12,301944.492861,3.14,1.29,228.1,1809,-0.45,-10.79,6.79,12.34,0.1,0,nan,nan,4.9750000000000005,False,False,True,True,reject,geometry
903,260408_121120428.jpg,12,301946.119863,2.95,0.0,213.6,1365,0.38,2.16,8.23,12.17,0.146,0,nan,nan,4.4750000000000005,True,False,False,True,usable,slow
904,260408_121122229.jpg,12,301947.921165,2.97,0.34,206.5,3419,8.1,-4.93,7.22,11.39,0.268,0,nan,nan,4.2250000000000005,False,False,False,True,reject,geometry+slow
905,260408_121123736.jpg,12,301949.428267,3.22,0.2,214.6,2213,-0.11,0.1,6.24,16.31,0.185,0,nan,nan,4.325,False,False,True,True,reject,geometry
906,260408_121125282.jpg,12,301950.973969,3.36,0.09,211.9,1358,0.49,-10.33,8.3,10.43,0.101,0,nan,nan,4.2250000000000005,False,False,True,True,reject,geometry
907,260408_121126731.jpg,12,301952.423071,3.25,0.45,214.9,1657,9.34,-6.74,9.38,11.39,0.099,0,nan,nan,4.175,False,False,True,True,reject,geometry
908,260408_121128646.jpg,12,301954.338673,2.99,2.64,203.7,697,-0.36,-18.94,5.52,7.54,0.03,0,nan,nan,4.075,False,False,False,True,reject,geometry+slow
909,260408_121130372.jpg,12,301956.064676,2.78,7.33,191.0,296,-2.9,-1.08,9.11,12.65,0.031,0,nan,nan,3.9250000000000003,False,False,False,True,usable,few_edges+slow+turning
910,260408_121132169.jpg,12,301957.862078,2.83,9.22,186.1,354,-0.53,-17.77,7.69,10.83,0.032,0,nan,nan,3.725,False,False,False,True,reject,geometry+slow+turning
911,260408_121133705.jpg,12,301959.39828,3.21,7.25,186.6,558,-0.69,0.49,9.28,14.8,0.071,0,nan,nan,3.7750000000000004,False,False,False,True,reject,geometry+turning
912,260408_121135084.jpg,12,301960.777482,3.76,3.51,185.9,793,0.12,-8.84,7.94,15.52,0.095,0,nan,nan,3.725,False,False,True,True,reject,geometry
913,260408_121136278.jpg,12,301961.971683,4.2,0.21,182.1,1232,-0.59,3.22,7.56,20.22,0.139,0,nan,nan,3.625,False,False,True,True,reject,geometry
914,260408_121137422.jpg,12,301963.115885,4.15,6.51,182.2,502,0.19,-6.95,2.38,11.58,0.106,0,nan,nan,3.725,False,False,False,True,reject,geometry+turning
915,260408_121138752.jpg,12,301964.446086,3.87,3.62,180.8,726,-0.21,-4.11,4.51,20.69,0.096,0,nan,nan,4.325,False,False,True,True,reject,geometry
916,260408_121140039.jpg,12,301965.733088,3.83,6.11,179.9,261,0.27,-5.56,1.09,9.29,0.095,0,nan,nan,4.075,False,False,False,True,usable,few_edges+turning
917,260408_121141296.jpg,12,301966.990989,3.91,8.13,179.8,267,-0.15,-0.72,2.17,19.73,0.071,0,nan,nan,3.7750000000000004,False,False,False,True,usable,few_edges+turning
918,260408_121142516.jpg,12,301968.210491,4.12,4.54,176.8,387,0.48,-6.33,8.03,10.1,0.106,0,nan,nan,3.6750000000000003,False,False,True,True,reject,geometry
919,260408_121143639.jpg,12,301969.334092,4.35,2.24,178.7,646,-2.52,9.38,5.72,17.32,0.096,0,nan,nan,3.625,False,False,True,True,reject,geometry
920,260408_121144761.jpg,12,301970.456794,4.21,0.96,177.6,111,-0.32,-9.9,2.37,7.37,0.214,0,nan,nan,3.725,False,False,True,True,unverified,few_edges
921,260408_121146137.jpg,12,301971.832656,3.63,2.71,181.0,163,0.66,1.73,3.97,7.36,0.109,0,nan,nan,4.025,False,False,True,True,unverified,few_edges
922,260408_121147718.jpg,12,301973.413758,3.13,2.92,183.8,214,-0.37,7.96,7.01,11.19,0.15,0,nan,nan,4.525,False,False,True,True,unverified,few_edges
923,260408_121149491.jpg,12,301975.186561,2.7,8.27,186.2,406,0.46,2.03,13.51,19.42,0.074,0,nan,nan,4.925000000000001,False,False,False,True,reject,geometry+slow+turning
924,260408_121152687.jpg,12,301978.383465,1.48,16.19,182.5,408,-0.4,5.31,8.61,13.93,0.151,0,nan,nan,9.425,True,False,False,True,usable,slow+turning
925,260408_121155953.jpg,12,301981.650299,2.05,23.77,185.0,336,0.1,0.38,10.67,20.6,0.036,0,nan,nan,8.825000000000001,False,False,False,True,reject,geometry+slow+turning
926,260408_121157498.jpg,12,301983.1956,3.51,22.55,189.7,622,-0.57,-4.67,6.07,12.82,0.185,0,nan,nan,6.075,True,False,False,True,usable,turning
927,260408_121158597.jpg,12,301984.294602,4.8,6.01,185.8,506,0.18,-13.09,7.47,12.71,0.163,0,nan,nan,5.025,False,False,False,True,reject,geometry+turning
928,260408_121159494.jpg,12,301985.191703,5.77,0.97,184.7,286,0.21,-11.92,10.7,10.51,0.182,0,nan,nan,4.175,False,False,True,True,unverified,few_edges
929,260408_121200272.jpg,12,301985.969755,6.45,1.34,184.8,176,-0.05,-14.15,0.72,11.62,0.254,0,nan,nan,3.725,False,False,True,True,unverified,few_edges
930,260408_121200995.jpg,12,301986.692956,6.83,0.47,182.3,59,0.87,-20.57,14.64,13.25,0.003,0,nan,nan,3.825,False,False,True,True,unverified,few_edges
931,260408_121201709.jpg,12,301987.407357,6.99,0.41,182.4,64,-6.9,-21.74,13.95,7.95,0.005,0,nan,nan,3.7750000000000004,False,False,True,True,unverified,few_edges
932,260408_121202409.jpg,12,301988.106758,7.07,0.7,183.5,37,nan,nan,nan,nan,nan,0,nan,nan,3.975,False,False,True,True,unverified,few_edges
933,260408_121203108.jpg,12,301988.806159,7.27,0.55,181.1,84,15.87,-30.52,0.7,4.62,0.0,0,nan,nan,3.7750000000000004,False,False,True,True,unverified,few_edges
934,260408_121203788.jpg,12,301989.486559,7.46,0.29,178.4,18,nan,nan,nan,nan,nan,0,nan,nan,3.875,False,False,True,True,unverified,few_edges
935,260408_121204446.jpg,12,301990.144623,7.64,0.17,172.0,12,nan,nan,nan,nan,nan,0,nan,nan,3.725,False,False,True,True,unverified,few_edges
936,260408_121205078.jpg,12,301990.776118,7.84,0.19,167.2,54,-18.36,-12.43,11.8,11.71,0.037,0,nan,nan,3.5250000000000004,False,False,True,True,unverified,few_edges
937,260408_121205698.jpg,12,301991.396619,7.94,0.43,167.8,70,-0.21,-17.06,4.34,5.55,0.071,0,nan,nan,3.625,False,False,True,True,unverified,few_edges
938,260408_121206318.jpg,12,301992.01702,8.01,0.07,167.9,79,-3.69,14.16,10.03,3.84,0.07,0,nan,nan,3.725,False,False,True,True,unverified,few_edges
939,260408_121206940.jpg,12,301992.638421,8.04,0.54,164.6,97,-7.27,-10.66,13.53,2.96,0.04,0,nan,nan,3.725,False,False,True,True,unverified,few_edges
940,260408_121207568.jpg,12,301993.267022,7.9,0.58,164.5,76,-16.04,-1.2,12.88,4.46,0.065,0,nan,nan,3.725,False,False,True,True,unverified,few_edges
941,260408_121208211.jpg,12,301993.909722,7.76,0.27,163.8,13,nan,nan,nan,nan,nan,0,nan,nan,3.6750000000000003,False,False,True,True,unverified,few_edges
942,260408_121208875.jpg,12,301994.573923,7.66,0.18,165.0,535,0.66,1.15,6.01,13.49,0.19,0,nan,nan,3.575,True,False,True,True,clean,
943,260408_121209536.jpg,12,301995.235324,7.58,0.31,166.5,514,-0.02,-0.27,4.44,13.58,0.136,0,nan,nan,3.625,True,False,True,True,clean,
944,260408_121210196.jpg,12,301995.894911,7.49,0.3,170.9,696,-0.42,-12.66,8.71,21.35,0.09,0,nan,nan,3.6750000000000003,False,False,True,True,reject,geometry
945,260408_121210877.jpg,12,301996.576312,7.36,0.07,176.0,269,0.94,14.05,7.08,13.46,0.046,0,nan,nan,3.7750000000000004,False,False,True,True,unverified,few_edges
946,260408_121211565.jpg,12,301997.264313,7.27,0.5,184.1,1,nan,nan,nan,nan,nan,0,nan,nan,3.9250000000000003,False,False,True,True,unverified,few_edges
947,260408_121212272.jpg,12,301997.971414,7.16,0.44,199.8,122,6.46,1.27,9.99,18.24,0.04,0,nan,nan,4.325,False,False,True,True,unverified,few_edges
948,260408_121212976.jpg,12,301998.676215,7.03,0.28,222.1,33,nan,nan,nan,nan,nan,0,nan,nan,5.325,False,False,True,True,unverified,few_edges
949,260408_121213707.jpg,12,301999.407276,6.9,0.39,239.3,1,nan,nan,nan,nan,nan,0,nan,nan,4.525,False,False,True,True,unverified,few_edges
950,260408_121214430.jpg,12,302000.130177,6.73,0.19,217.8,3,nan,nan,nan,nan,nan,0,nan,nan,5.525,False,False,True,True,unverified,few_edges
951,260408_121215215.jpg,12,302000.915078,6.56,0.39,199.6,137,4.83,-16.04,6.3,11.59,0.049,0,nan,nan,5.125,False,False,True,True,unverified,few_edges
952,260408_121216003.jpg,12,302001.703679,6.42,0.6,181.5,185,-0.58,-6.05,11.99,10.46,0.07,0,nan,nan,4.275,False,False,True,True,unverified,few_edges
953,260408_121216804.jpg,12,302002.50478,6.23,0.04,168.6,608,0.15,-7.18,11.24,15.11,0.065,0,nan,nan,3.975,False,False,True,True,reject,geometry
954,260408_121217621.jpg,12,302003.320981,6.06,0.17,159.6,962,-0.14,0.39,7.9,9.95,0.241,0,nan,nan,3.7750000000000004,True,False,True,True,clean,
955,260408_121218466.jpg,12,302004.166582,5.88,0.08,155.3,877,-0.82,7.19,7.19,15.27,0.089,0,nan,nan,3.5250000000000004,False,False,True,True,reject,geometry
956,260408_121219324.jpg,12,302005.024583,5.83,0.25,150.8,1070,-0.58,1.48,11.22,11.21,0.258,0,nan,nan,3.625,True,False,True,True,clean,
957,260408_121220170.jpg,12,302005.870684,5.99,0.33,148.8,1388,-0.74,-0.69,5.7,11.24,0.284,0,nan,nan,3.475,True,False,True,True,clean,
958,260408_121220985.jpg,12,302006.686485,6.23,0.43,148.7,33,nan,nan,nan,nan,nan,0,nan,nan,3.5250000000000004,False,False,True,True,unverified,few_edges
959,260408_121221775.jpg,12,302007.475886,6.39,0.05,150.2,24,nan,nan,nan,nan,nan,0,nan,nan,3.375,False,False,True,True,unverified,few_edges
960,260408_121222543.jpg,12,302008.244287,6.53,0.15,150.6,32,nan,nan,nan,nan,nan,0,nan,nan,3.5250000000000004,False,False,True,True,unverified,few_edges
961,260408_121223301.jpg,12,302009.002488,6.62,0.06,151.9,40,nan,nan,nan,nan,nan,0,nan,nan,3.5250000000000004,False,False,True,True,unverified,few_edges
962,260408_121224052.jpg,12,302009.752989,6.65,0.17,151.9,7,nan,nan,nan,nan,nan,0,nan,nan,3.7750000000000004,False,False,True,True,unverified,few_edges
963,260408_121224796.jpg,12,302010.49779,6.51,0.08,152.3,6,nan,nan,nan,nan,nan,0,nan,nan,3.7750000000000004,False,False,True,True,unverified,few_edges
964,260408_121225594.jpg,12,302011.295691,6.24,0.64,155.6,0,nan,nan,nan,nan,nan,0,nan,nan,3.6750000000000003,False,False,True,True,unverified,few_edges
965,260408_121226421.jpg,12,302012.122792,5.78,0.44,154.3,19,nan,nan,nan,nan,nan,0,nan,nan,3.6750000000000003,False,False,True,True,unverified,few_edges
966,260408_121227418.jpg,12,302013.119793,4.69,1.09,157.0,28,nan,nan,nan,nan,nan,0,nan,nan,4.075,False,False,True,True,unverified,few_edges
967,260408_121229040.jpg,12,302014.742195,3.58,1.75,159.0,39,nan,nan,nan,nan,nan,0,nan,nan,4.7250000000000005,False,False,True,True,unverified,few_edges
968,260408_121342254.jpg,13,302087.967293,9.43,1.44,201.9,19,nan,nan,nan,nan,nan,0,nan,nan,3.7750000000000004,False,False,True,True,unverified,few_edges
969,260408_121342776.jpg,13,302088.489694,9.39,0.81,197.7,54,0.03,3.94,0.65,0.88,0.34,0,nan,nan,3.9250000000000003,False,False,True,True,unverified,few_edges
970,260408_121343309.jpg,13,302089.022894,9.26,0.08,195.6,56,1.35,-37.96,3.1,0.83,0.0,0,nan,nan,3.9250000000000003,False,False,True,True,unverified,few_edges
971,260408_121343854.jpg,13,302089.568395,8.84,0.32,197.0,13,nan,nan,nan,nan,nan,0,nan,nan,4.125,False,False,True,True,unverified,few_edges
972,260408_121344463.jpg,13,302090.176796,8.03,0.98,203.5,10,nan,nan,nan,nan,nan,0,nan,nan,4.425,False,False,True,True,unverified,few_edges
973,260408_121345132.jpg,13,302090.846397,7.31,7.06,215.3,177,5.14,-6.49,6.58,1.72,0.099,0,nan,nan,5.425000000000001,False,False,False,True,usable,few_edges+turning
974,260408_121345837.jpg,13,302091.551598,6.62,13.27,234.7,308,-0.42,-16.0,0.55,17.63,0.065,0,nan,nan,5.825,False,False,False,True,reject,geometry+turning
975,260408_121346677.jpg,13,302092.391899,5.49,15.45,234.2,420,-16.27,23.05,9.47,7.58,0.014,0,nan,nan,5.9750000000000005,False,False,False,True,reject,geometry+turning
976,260408_121347843.jpg,13,302093.5573,4.06,18.85,222.8,564,-2.09,0.89,8.44,24.22,0.111,0,nan,nan,5.275,False,False,False,True,reject,geometry+turning
977,260408_121349226.jpg,13,302094.941102,3.49,14.72,237.4,286,12.54,-14.71,13.05,5.83,0.034,0,nan,nan,5.925000000000001,False,False,False,True,usable,few_edges+turning
978,260408_121350595.jpg,13,302096.310004,3.4,5.73,231.8,140,11.44,3.34,12.22,4.32,0.057,0,nan,nan,5.425000000000001,False,False,False,True,usable,few_edges+turning
979,260408_121352113.jpg,13,302097.828806,3.18,1.98,216.8,221,-0.42,-19.21,2.4,8.76,0.031,0,nan,nan,5.925000000000001,False,False,True,True,unverified,few_edges
980,260408_121353795.jpg,13,302099.510308,3.08,0.23,235.8,316,0.26,-7.43,0.94,16.73,0.064,0,nan,nan,6.175000000000001,False,False,True,True,reject,geometry
981,260408_121355307.jpg,13,302101.02271,3.42,0.06,370.5,132,0.28,-38.76,4.4,1.85,0.001,0,nan,nan,6.325,False,False,True,True,unverified,few_edges
982,260408_121356732.jpg,13,302102.447759,4.17,0.28,256.0,316,-6.09,-0.97,8.35,6.8,0.101,0,nan,nan,5.125,False,False,True,True,reject,geometry
983,260408_121357787.jpg,13,302103.50346,4.8,0.51,194.8,38,nan,nan,nan,nan,nan,0,nan,nan,4.775,False,False,True,True,unverified,few_edges
984,260408_121358725.jpg,13,302104.440861,5.29,0.29,192.0,157,9.42,-2.27,8.81,24.05,0.007,0,nan,nan,4.825,False,False,True,True,unverified,few_edges
985,260408_121359623.jpg,13,302105.339262,5.62,0.36,208.6,177,-12.55,-5.63,11.59,5.38,0.032,0,nan,nan,5.025,False,False,True,True,unverified,few_edges
986,260408_121400491.jpg,13,302106.208063,5.74,0.23,297.6,322,-17.29,-1.82,10.56,6.34,0.052,0,nan,nan,6.825,False,False,True,True,reject,geometry
987,260408_121401369.jpg,13,302107.086264,5.74,0.74,440.5,562,-10.6,-4.57,12.45,8.01,0.136,0,nan,nan,5.925000000000001,False,False,True,True,reject,geometry
988,260408_121402235.jpg,13,302107.951966,5.72,0.18,379.2,493,-3.16,-14.38,6.01,15.45,0.119,0,nan,nan,5.2250000000000005,False,False,True,True,reject,geometry
989,260408_121403112.jpg,13,302108.829167,5.64,0.03,511.7,644,-0.45,-2.67,3.85,5.61,0.588,0,nan,nan,6.075,True,False,True,True,clean,
990,260408_121404005.jpg,13,302109.722168,5.48,0.05,287.4,16,nan,nan,nan,nan,nan,0,nan,nan,5.7250000000000005,False,False,True,True,unverified,few_edges
991,260408_121404920.jpg,13,302110.637569,5.31,0.14,213.0,154,-0.27,-7.92,3.95,9.27,0.076,0,nan,nan,5.325,False,False,True,True,unverified,few_edges
992,260408_121405862.jpg,13,302111.57937,5.24,0.23,192.0,305,-0.72,-0.4,3.75,15.61,0.105,0,nan,nan,4.9750000000000005,True,False,True,True,clean,
993,260408_121406816.jpg,13,302112.534071,5.24,0.01,185.5,471,0.27,-1.74,8.39,13.07,0.143,0,nan,nan,5.4750000000000005,True,False,True,True,clean,
994,260408_121407771.jpg,13,302113.488773,5.13,0.28,183.1,542,-0.07,3.59,4.74,10.25,0.233,251,-0.53,-10.23,5.425000000000001,True,False,True,True,clean,
995,260408_121408830.jpg,13,302114.547974,4.67,0.04,184.1,1057,-0.78,8.87,9.11,13.49,0.125,1127,2.55,-1.66,5.025,False,False,True,True,reject,geometry
996,260408_121410052.jpg,13,302115.770175,4.01,0.29,189.4,1150,-0.38,3.84,8.98,15.51,0.1,332,0.68,15.6,4.675,True,True,True,True,usable,pass_conflict
997,260408_121411440.jpg,13,302117.158277,3.58,0.12,197.2,1429,-0.28,12.14,8.21,13.07,0.104,443,-0.22,8.19,4.825,False,True,True,True,reject,geometry+pass_conflict
998,260408_121412860.jpg,13,302118.578199,3.23,0.67,213.4,1035,-0.55,3.45,6.59,19.11,0.058,435,-0.03,0.25,5.775,False,False,True,True,reject,geometry
999,260408_121415120.jpg,13,302120.839102,2.24,0.53,245.3,777,0.07,-1.65,3.33,23.14,0.059,553,-0.04,2.63,6.275,False,False,False,True,reject,geometry+slow
1000,260408_121419689.jpg,13,302125.408208,1.12,0.12,291.7,491,-0.19,4.98,5.28,12.64,0.086,300,0.98,12.64,6.375,True,True,False,True,usable,pass_conflict+slow
1001,260408_121446782.jpg,14,302152.505642,0.88,6.96,302.7,123,-0.54,14.36,5.33,9.16,0.07,830,-0.2,1.57,7.2250000000000005,False,False,False,True,usable,few_edges+slow+turning
1002,260408_121449714.jpg,14,302155.438746,2.12,10.76,333.3,394,1.31,5.13,5.97,14.89,0.127,1304,0.35,0.34,7.175000000000001,True,False,False,True,usable,slow+turning
1003,260408_121451401.jpg,14,302157.125348,3.6,10.45,298.0,650,-0.14,6.61,8.56,16.98,0.186,803,0.17,1.88,4.875,False,False,False,True,reject,geometry+turning
1004,260408_121452603.jpg,14,302158.327749,4.48,0.43,267.0,574,-0.44,3.46,9.76,14.81,0.133,962,-0.22,5.59,5.275,True,False,True,True,clean,
1005,260408_121453603.jpg,14,302159.327932,5.1,0.04,220.6,738,-0.08,4.17,11.12,17.29,0.044,1054,-0.97,7.0,4.875,False,False,True,True,reject,geometry
1006,260408_121454497.jpg,14,302160.222133,5.62,0.05,200.7,962,-0.83,-0.14,10.46,14.78,0.087,1172,0.62,-0.58,4.325,True,False,True,True,clean,
1007,260408_121455323.jpg,14,302161.048134,6.05,0.15,179.8,996,-0.48,-1.18,7.67,15.64,0.093,1312,-0.87,0.4,4.025,True,False,True,True,clean,
1008,260408_121456107.jpg,14,302161.832235,6.44,0.06,178.8,1084,-0.67,-2.93,14.27,10.27,0.108,707,0.71,6.25,4.025,True,False,True,True,clean,
1009,260408_121456851.jpg,14,302162.576636,6.84,0.54,167.8,763,0.23,-1.68,8.57,13.31,0.083,277,0.56,-3.28,3.875,True,False,True,True,clean,
1010,260408_121457550.jpg,14,302163.275337,7.17,0.31,170.9,442,-0.08,-0.92,2.52,13.6,0.207,0,nan,nan,4.4750000000000005,True,False,True,True,clean,
1011,260408_121458222.jpg,14,302163.947438,7.35,0.19,169.0,414,-0.25,-0.63,4.9,16.51,0.143,4,nan,nan,3.975,False,False,True,True,reject,geometry
1012,260408_121458878.jpg,14,302164.603639,7.58,0.26,178.0,336,-0.5,-11.8,6.75,13.17,0.114,118,0.15,-26.27,3.825,False,False,True,True,reject,geometry
1013,260408_121459511.jpg,14,302165.23714,7.86,0.24,183.1,301,5.04,-15.63,6.98,9.73,0.127,240,8.17,-21.27,3.9250000000000003,False,False,True,True,reject,geometry
1014,260408_121500148.jpg,14,302165.87394,7.92,0.22,240.5,118,0.19,-13.7,17.24,5.63,0.063,0,nan,nan,4.2250000000000005,False,False,True,True,unverified,few_edges
1015,260408_121500802.jpg,14,302166.528141,7.81,0.03,498.9,65,14.5,13.79,3.61,6.91,0.053,0,nan,nan,4.425,False,False,True,True,unverified,few_edges
1016,260408_121501454.jpg,14,302167.179842,7.69,0.4,406.9,313,-3.66,14.62,15.92,8.7,0.054,0,nan,nan,4.425,False,False,True,True,reject,geometry
1017,260408_121502105.jpg,14,302167.831543,7.59,0.11,451.0,95,3.43,-13.38,9.11,4.89,0.052,0,nan,nan,4.375,False,False,True,True,unverified,few_edges
1018,260408_121502768.jpg,14,302168.494844,7.47,0.51,312.8,258,-2.26,-1.37,13.41,20.15,0.007,0,nan,nan,4.4750000000000005,False,False,True,True,unverified,few_edges
1019,260408_121503442.jpg,14,302169.168844,7.34,0.07,196.2,466,-3.05,1.2,17.86,8.89,0.159,0,nan,nan,3.875,False,False,True,True,reject,geometry
1020,260408_121504127.jpg,14,302169.854045,7.24,0.68,175.1,550,6.1,-10.9,4.69,10.38,0.195,0,nan,nan,3.875,False,False,True,True,reject,geometry
1021,260408_121504840.jpg,14,302170.566546,7.1,0.59,170.4,224,-0.48,-11.98,4.44,12.15,0.098,0,nan,nan,3.725,False,False,True,True,unverified,few_edges
1022,260408_121505564.jpg,14,302171.291147,6.73,0.53,230.2,332,-0.31,-10.21,7.9,14.76,0.03,0,nan,nan,3.9250000000000003,False,False,True,True,reject,geometry
1023,260408_121506357.jpg,14,302172.084248,6.1,1.13,335.1,213,-1.28,-9.46,2.69,10.8,0.056,0,nan,nan,4.175,False,False,True,True,unverified,few_edges
1024,260408_121507265.jpg,14,302172.991849,5.26,0.28,201.4,307,-0.16,-9.57,4.06,16.93,0.069,0,nan,nan,4.925000000000001,False,False,True,True,reject,geometry
1025,260408_121508386.jpg,14,302174.113651,4.04,2.48,167.8,70,-33.1,-0.8,5.39,4.92,0.005,0,nan,nan,4.425,False,False,True,True,unverified,few_edges
1026,260408_121509508.jpg,14,302175.235452,3.13,7.16,172.6,32,nan,nan,nan,nan,nan,0,nan,nan,4.925000000000001,False,False,False,True,usable,few_edges+turning
1027,260408_121511683.jpg,14,302177.410725,2.48,11.81,175.5,247,-0.8,7.63,11.6,12.04,0.099,0,nan,nan,6.425000000000001,False,False,False,True,usable,few_edges+slow+turning
1028,260408_121513473.jpg,14,302179.200627,3.02,17.57,168.1,430,0.33,4.5,6.03,13.33,0.222,0,nan,nan,5.4750000000000005,True,False,False,True,usable,turning
1029,260408_121514810.jpg,14,302180.538229,4.34,15.26,170.9,234,-3.32,-20.72,6.43,12.19,0.052,0,nan,nan,4.775,False,False,False,True,usable,few_edges+turning
1030,260408_121515849.jpg,14,302181.57723,5.96,4.05,178.6,681,-0.11,10.52,12.2,16.0,0.05,0,nan,nan,3.975,False,False,True,True,reject,geometry
1031,260408_121516682.jpg,14,302182.410931,7.49,0.28,174.9,848,-0.38,1.35,2.21,10.59,0.358,0,nan,nan,3.625,True,False,True,True,clean,
1032,260408_121517407.jpg,14,302183.135932,8.89,1.25,178.0,1049,0.39,7.83,6.44,14.18,0.318,0,nan,nan,3.875,False,False,True,True,reject,geometry
1033,260408_121518006.jpg,14,302183.735033,9.91,0.27,177.2,186,-1.38,-0.47,1.75,1.99,0.146,0,nan,nan,3.6750000000000003,False,False,True,True,unverified,few_edges
1034,260408_121518512.jpg,14,302184.240999,10.52,0.22,183.3,287,-14.77,23.71,1.28,3.46,0.021,0,nan,nan,3.825,False,False,True,True,unverified,few_edges
1035,260408_121518975.jpg,14,302184.704,10.71,0.37,181.1,186,4.84,-1.1,4.68,19.27,0.16,0,nan,nan,3.9250000000000003,False,False,True,True,unverified,few_edges
1036,260408_121519438.jpg,14,302185.167,10.64,0.36,180.7,268,0.64,-4.8,1.51,11.9,0.167,0,nan,nan,3.975,False,False,True,True,unverified,few_edges
1037,260408_121519901.jpg,14,302185.630001,10.57,0.44,181.3,430,0.87,3.06,2.5,8.76,0.259,0,nan,nan,3.825,True,False,True,True,clean,
1038,260408_121520374.jpg,14,302186.103302,10.5,0.15,186.6,624,4.68,6.28,5.48,9.95,0.19,0,nan,nan,3.625,False,False,True,True,reject,geometry
1039,260408_121520847.jpg,14,302186.576602,10.44,0.26,187.4,563,15.27,1.47,14.77,12.55,0.066,0,nan,nan,3.375,False,False,True,True,reject,geometry
1040,260408_121521321.jpg,14,302187.049903,10.37,0.12,199.2,566,0.05,-1.56,9.62,11.38,0.135,0,nan,nan,3.9250000000000003,True,False,True,True,clean,
1041,260408_121521805.jpg,14,302187.534003,10.3,0.09,213.2,443,-0.13,1.54,5.82,19.75,0.112,0,nan,nan,4.075,False,False,True,True,reject,geometry
1042,260408_121522289.jpg,14,302188.018104,10.23,0.09,262.9,439,-0.78,-5.09,8.69,14.44,0.161,0,nan,nan,4.075,True,False,True,True,clean,
1043,260408_121522773.jpg,14,302188.502205,10.17,0.24,248.1,381,-0.51,-6.15,10.41,14.73,0.096,0,nan,nan,3.9250000000000003,False,False,True,True,reject,geometry
1044,260408_121523257.jpg,14,302188.986305,10.1,0.23,232.4,1533,1.47,2.45,7.72,6.7,0.117,0,nan,nan,3.725,True,False,True,True,clean,
1045,260408_121523751.jpg,14,302189.480706,10.01,0.72,235.2,2019,0.21,0.78,13.46,12.03,0.081,0,nan,nan,3.475,True,False,True,True,clean,
1046,260408_121524245.jpg,14,302189.975106,9.95,1.11,208.0,2590,10.65,-0.05,10.35,13.13,0.086,0,nan,nan,3.4250000000000003,False,False,True,True,reject,geometry
1047,260408_121524740.jpg,14,302190.469507,9.76,0.38,205.6,4166,-1.21,-0.24,6.43,9.96,0.209,0,nan,nan,3.475,True,False,True,True,clean,
1048,260408_121525271.jpg,14,302191.000608,9.06,0.39,214.9,2797,-0.05,3.38,8.08,12.78,0.259,0,nan,nan,3.725,True,False,True,True,clean,
1049,260408_121525870.jpg,14,302191.600109,7.75,2.84,217.0,2017,0.46,0.2,8.33,9.37,0.265,0,nan,nan,3.725,True,False,True,True,clean,
1050,260408_121526640.jpg,14,302192.37011,5.98,8.24,208.3,1484,0.07,0.9,0.98,8.96,0.274,0,nan,nan,4.575,True,False,False,True,usable,turning
1051,260408_121527776.jpg,14,302193.506811,4.13,13.66,201.6,2715,-1.93,3.4,5.82,13.21,0.231,0,nan,nan,4.675,True,False,False,True,usable,turning
1052,260408_121529250.jpg,14,302194.980313,3.26,18.11,197.4,2764,0.22,2.44,5.6,11.38,0.202,0,nan,nan,6.625,True,False,False,True,usable,turning
1053,260408_121530733.jpg,14,302196.463515,3.57,17.63,218.1,1553,-0.45,-6.84,2.61,11.91,0.14,0,nan,nan,5.7250000000000005,False,False,False,True,reject,geometry+turning
1054,260408_121531918.jpg,14,302197.648816,4.35,10.65,225.9,1870,0.07,11.81,0.82,13.93,0.293,0,nan,nan,5.875,False,False,False,True,reject,geometry+turning
1055,260408_121532952.jpg,14,302198.683218,4.94,3.89,247.7,1317,-0.14,-4.08,2.91,13.0,0.198,0,nan,nan,8.925,True,False,True,True,clean,
1056,260408_121533902.jpg,14,302199.633319,5.16,0.21,286.2,1034,0.66,3.37,7.13,10.73,0.236,0,nan,nan,5.275,True,False,True,True,clean,
1057,260408_121534846.jpg,14,302200.57782,5.35,0.25,363.0,2163,-2.44,-0.04,6.57,11.18,0.194,0,nan,nan,5.4750000000000005,True,False,True,True,clean,
1058,260408_121535756.jpg,14,302201.487621,5.55,1.95,527.7,1953,-0.76,0.28,11.99,15.2,0.06,0,nan,nan,7.425000000000001,False,False,True,True,reject,geometry
1059,260408_121536645.jpg,14,302202.376422,5.63,2.48,720.5,3345,2.3,0.18,12.69,6.76,0.095,0,nan,nan,8.925,True,False,True,True,clean,
1060,260408_121537544.jpg,14,302203.275423,5.54,1.39,575.1,5557,-2.4,-17.94,6.31,16.72,0.122,0,nan,nan,6.425000000000001,False,False,True,True,reject,geometry
1061,260408_121538465.jpg,14,302204.197424,5.37,2.34,534.6,6737,0.46,-0.51,7.58,11.57,0.312,0,nan,nan,5.125,True,False,True,True,clean,
1062,260408_121539422.jpg,14,302205.153726,4.81,8.33,435.1,6117,0.5,1.43,5.13,8.35,0.351,0,nan,nan,4.825,True,False,False,True,usable,turning
1063,260408_121540749.jpg,14,302206.481827,3.52,14.48,355.8,6700,-0.11,0.48,10.89,8.49,0.309,0,nan,nan,6.175000000000001,True,False,False,True,usable,turning
1064,260408_121542754.jpg,14,302208.48683,2.37,16.51,259.4,6557,0.41,-3.02,7.65,10.04,0.272,0,nan,nan,5.7250000000000005,True,False,False,True,usable,slow+turning
1065,260408_121544941.jpg,14,302210.674033,1.96,11.04,230.3,4576,-0.06,0.38,8.44,13.25,0.144,0,nan,nan,5.4750000000000005,True,False,False,True,usable,slow+turning
1066,260408_121548865.jpg,14,302214.598838,1.38,4.57,266.3,4727,-0.68,-0.38,9.93,11.53,0.165,0,nan,nan,10.475000000000001,True,False,False,True,usable,slow
1067,260408_121553622.jpg,14,302219.355952,2.03,4.69,271.5,4493,-0.17,0.6,9.38,11.23,0.149,0,nan,nan,8.125,True,False,False,True,usable,slow
1068,260408_121555783.jpg,14,302221.518154,2.79,15.58,295.9,5090,0.57,0.96,9.97,11.09,0.178,0,nan,nan,7.675000000000001,True,False,False,True,usable,slow+turning
1069,260408_121557302.jpg,14,302223.036556,3.4,14.81,332.5,3215,0.06,5.64,9.76,9.86,0.158,0,nan,nan,5.775,True,False,False,True,usable,turning
1070,260408_121558638.jpg,14,302224.373267,3.74,5.02,337.6,2864,0.52,-2.84,7.14,14.89,0.139,0,nan,nan,4.575,True,False,False,True,usable,turning
1071,260408_121559932.jpg,14,302225.667269,3.8,2.07,353.3,4810,-0.21,-5.63,5.89,8.13,0.25,0,nan,nan,4.625,True,False,True,True,clean,
1072,260408_121601246.jpg,14,302226.982071,3.79,4.54,337.2,7002,0.36,1.54,10.28,10.13,0.203,0,nan,nan,5.275,True,False,True,True,clean,
1073,260408_121602510.jpg,14,302228.245972,3.79,9.07,342.3,13882,2.48,1.35,13.6,9.77,0.206,0,nan,nan,5.525,True,False,False,True,usable,turning
1074,260408_121603796.jpg,14,302229.532474,3.61,8.1,356.6,6852,0.57,-0.08,6.04,10.11,0.231,0,nan,nan,5.875,True,False,False,True,usable,turning
1075,260408_121605244.jpg,14,302230.979975,3.29,2.34,361.1,5556,0.75,2.23,8.47,10.62,0.191,0,nan,nan,10.175,True,False,True,True,clean,
1076,260408_121606935.jpg,14,302232.671377,3.03,6.27,330.9,5190,0.26,2.51,6.54,10.88,0.194,0,nan,nan,5.775,True,False,False,True,usable,turning
1077,260408_121608618.jpg,14,302234.355079,2.95,11.56,300.7,2244,-0.1,4.14,4.79,10.51,0.277,0,nan,nan,5.825,True,False,False,True,usable,slow+turning
1078,260408_121610307.jpg,14,302236.044081,2.88,9.66,279.8,1114,-0.66,-2.83,11.12,15.57,0.088,0,nan,nan,4.9750000000000005,True,False,False,True,usable,slow+turning
1079,260408_121612273.jpg,14,302238.010783,2.66,14.4,266.1,2256,0.38,5.48,15.17,17.08,0.067,0,nan,nan,7.175000000000001,False,False,False,True,reject,geometry+slow+turning
1080,260408_121613990.jpg,14,302239.727586,3.13,24.55,236.9,3760,-2.93,-0.78,5.43,7.88,0.28,0,nan,nan,9.575000000000001,True,False,False,True,usable,turning
1081,260408_121615268.jpg,14,302241.005887,4.51,19.0,239.3,4958,0.25,0.76,4.01,10.9,0.364,0,nan,nan,4.7250000000000005,True,False,False,True,usable,turning
1082,260408_121616264.jpg,14,302242.001988,5.14,6.25,242.6,5982,-0.79,-1.02,8.74,10.67,0.323,0,nan,nan,5.9750000000000005,True,False,False,True,usable,turning
1083,260408_121704990.jpg,15,302290.735254,0.97,10.23,196.3,1037,-0.47,0.48,7.79,5.19,0.387,0,nan,nan,5.125,True,False,False,True,usable,slow+turning
1084,260408_121708323.jpg,15,302294.069658,1.19,12.59,196.5,993,-0.06,3.63,8.86,13.88,0.119,0,nan,nan,6.575,True,False,False,True,usable,slow+turning
1085,260408_121711175.jpg,15,302296.921962,1.87,8.94,214.3,1805,0.31,2.48,8.58,12.32,0.191,318,33.03,-3.28,5.025,True,True,False,True,usable,pass_conflict+slow+turning
1086,260408_121713323.jpg,15,302299.069964,2.45,0.08,220.7,571,0.08,-0.5,17.47,9.88,0.044,220,-6.79,4.36,4.325,False,False,False,True,reject,geometry+slow
1087,260408_121715129.jpg,15,302300.876427,2.87,0.3,235.0,1193,-0.48,-0.48,8.36,11.64,0.152,131,1.03,-0.37,4.375,True,False,False,True,usable,slow
1088,260408_121716734.jpg,15,302302.481629,3.07,0.31,224.1,2039,0.06,3.75,6.08,11.32,0.256,210,8.88,-0.54,4.375,True,False,True,True,clean,
1089,260408_121718517.jpg,15,302304.265232,2.93,1.5,233.1,1860,11.35,0.01,11.97,13.49,0.132,70,7.4,-7.34,4.525,False,False,False,True,reject,geometry+slow
1090,260408_121720336.jpg,15,302306.084234,2.69,4.14,230.9,734,-0.06,0.91,7.36,13.4,0.22,118,7.68,6.12,3.875,True,False,False,True,usable,slow
1091,260408_121722232.jpg,15,302307.980636,2.51,12.56,218.8,1703,-0.94,-5.89,3.84,15.27,0.157,334,13.05,-24.83,4.675,True,True,False,True,usable,pass_conflict+slow+turning
1092,260408_121724281.jpg,15,302310.029739,2.34,18.83,198.8,1966,0.05,0.4,8.5,7.94,0.199,768,4.45,-10.09,4.4750000000000005,True,True,False,True,usable,pass_conflict+slow+turning
1093,260408_121726178.jpg,15,302311.927441,2.81,12.91,204.8,3170,-0.95,2.13,12.41,11.48,0.131,847,-0.77,-0.22,4.325,True,False,False,True,usable,slow+turning
1094,260408_121727694.jpg,15,302313.443328,3.27,2.66,185.4,3225,-0.14,-6.64,9.31,16.15,0.124,539,-9.54,13.37,3.7750000000000004,False,True,True,True,reject,geometry+pass_conflict
1095,260408_121729114.jpg,15,302314.86333,3.54,1.99,184.2,4274,-0.01,2.38,12.81,12.9,0.127,359,-12.53,1.67,3.725,True,True,True,True,usable,pass_conflict
1096,260408_121730421.jpg,15,302316.171132,3.79,1.88,178.4,6561,0.14,-3.94,8.35,9.44,0.303,11,nan,nan,3.5250000000000004,True,False,True,True,clean,
1097,260408_121731682.jpg,15,302317.431533,4.01,0.39,181.9,8100,-3.47,-3.84,11.18,6.68,0.29,22,nan,nan,3.375,True,False,True,True,clean,
1098,260408_121732946.jpg,15,302318.696335,3.89,1.36,178.3,1031,-0.92,-0.99,10.96,23.88,0.015,33,nan,nan,3.375,False,False,True,True,reject,geometry
1099,260408_121734411.jpg,15,302320.160937,3.5,0.11,184.7,542,-0.82,-6.64,9.83,19.59,0.043,0,nan,nan,3.5250000000000004,False,False,True,True,reject,geometry
1100,260408_121736006.jpg,15,302321.756139,3.21,0.17,182.1,941,0.14,-0.86,6.38,7.35,0.111,22,nan,nan,3.5250000000000004,True,False,True,True,clean,
1101,260408_121737693.jpg,15,302323.444241,2.94,11.41,182.0,403,-2.27,-20.08,12.25,6.34,0.018,18,nan,nan,3.825,False,False,False,True,reject,geometry+slow+turning
1102,260408_121739398.jpg,15,302325.149543,2.82,23.29,180.0,471,-13.02,-13.25,12.93,11.24,0.046,0,nan,nan,3.475,False,False,False,True,reject,geometry+slow+turning
1103,260408_121740923.jpg,15,302326.674045,3.36,19.92,180.7,1125,0.85,-2.14,12.12,4.39,0.306,0,nan,nan,3.475,True,False,False,True,usable,turning
1104,260408_121742207.jpg,15,302327.958846,3.99,8.32,178.3,769,-0.43,-11.89,6.01,10.59,0.146,0,nan,nan,3.325,False,False,False,True,reject,geometry+turning
1105,260408_121743376.jpg,15,302329.127348,4.24,2.85,181.8,1043,-0.19,7.12,4.68,11.63,0.311,0,nan,nan,3.5250000000000004,False,False,True,True,reject,geometry
1106,260408_121831136.jpg,16,302376.894987,7.56,2.76,265.7,3166,-0.03,-0.53,8.56,11.2,0.184,0,nan,nan,3.375,True,False,True,True,clean,
1107,260408_121831795.jpg,16,302377.554688,7.42,3.07,301.7,1729,0.83,-6.96,5.97,12.89,0.069,0,nan,nan,2.6750000000000003,False,False,True,True,reject,geometry
1108,260408_121832492.jpg,16,302378.251589,6.77,0.59,260.0,1871,-0.44,-5.0,5.35,17.48,0.098,0,nan,nan,2.9250000000000003,False,False,True,True,reject,geometry
1109,260408_121833365.jpg,16,302379.12459,5.32,10.96,247.1,1805,0.01,0.99,10.65,12.35,0.067,0,nan,nan,4.825,False,False,False,True,reject,geometry+turning
1110,260408_121834679.jpg,16,302380.438592,3.57,22.98,240.0,3258,-0.51,1.04,5.19,6.95,0.224,0,nan,nan,4.275,True,False,False,True,usable,turning
1111,260408_121836289.jpg,16,302382.049494,3.21,23.24,262.1,4548,4.59,0.55,14.65,12.69,0.08,0,nan,nan,6.425000000000001,True,False,False,True,usable,turning
1112,260408_121837653.jpg,16,302383.413096,3.83,12.19,269.9,7791,0.54,-0.59,8.48,13.97,0.204,0,nan,nan,3.7750000000000004,True,False,False,True,usable,turning
1113,260408_121838767.jpg,16,302384.527397,4.57,2.7,261.8,9452,0.43,2.42,6.0,13.52,0.256,0,nan,nan,3.375,True,False,True,True,clean,
1114,260408_121839737.jpg,16,302385.497598,5.23,0.46,275.8,5879,-0.23,0.24,6.67,13.73,0.184,0,nan,nan,3.875,True,False,True,True,clean,
1115,260408_121840616.jpg,16,302386.377099,5.73,1.32,306.6,4492,-0.76,3.65,7.09,12.68,0.215,0,nan,nan,4.525,True,False,True,True,clean,
1116,260408_121841436.jpg,16,302387.1966,6.02,4.07,407.2,5557,0.37,0.59,2.52,10.85,0.318,0,nan,nan,5.325,True,False,True,True,clean,
1117,260408_121842257.jpg,16,302388.018001,6.14,3.8,602.2,10667,0.35,-0.27,4.37,10.3,0.365,0,nan,nan,4.9750000000000005,True,False,True,True,clean,
1118,260408_121843068.jpg,16,302388.828602,6.24,0.44,686.7,7144,-0.22,-2.07,5.69,13.23,0.16,0,nan,nan,6.2250000000000005,True,False,True,True,clean,
1119,260408_121843855.jpg,16,302389.616003,6.39,1.78,685.6,7452,-0.4,2.54,9.43,13.36,0.124,0,nan,nan,6.675000000000001,True,False,True,True,clean,
1120,260408_121844631.jpg,16,302390.392304,6.51,1.32,750.1,5219,-0.37,0.88,6.79,10.44,0.228,0,nan,nan,6.2250000000000005,True,False,True,True,clean,
1121,260408_121845396.jpg,16,302391.157205,6.5,1.49,599.5,4339,0.11,2.69,8.83,15.19,0.256,0,nan,nan,5.825,True,False,True,True,clean,
1122,260408_121846172.jpg,16,302391.933506,6.37,0.93,518.7,2329,-0.21,7.87,5.55,8.06,0.187,0,nan,nan,6.175000000000001,False,False,True,True,reject,geometry
1123,260408_121846960.jpg,16,302392.721507,6.27,0.24,527.3,2478,5.03,-6.14,15.86,13.37,0.128,0,nan,nan,6.125,False,False,True,True,reject,geometry
1124,260408_121847758.jpg,16,302393.519508,6.12,0.37,697.7,4662,3.53,-0.42,9.77,7.68,0.22,0,nan,nan,5.375,True,False,True,True,clean,
1125,260408_121848619.jpg,16,302394.381409,5.58,3.27,650.7,7624,0.1,-1.31,1.97,14.35,0.279,0,nan,nan,5.375,True,False,True,True,clean,
1126,260408_121849673.jpg,16,302395.43471,4.52,12.5,475.1,4987,-0.06,-1.41,9.88,13.44,0.174,0,nan,nan,7.425000000000001,True,False,False,True,usable,turning
1127,260408_121850968.jpg,16,302396.730112,3.74,19.54,406.7,7684,0.98,0.64,8.34,13.66,0.23,0,nan,nan,4.075,True,False,False,True,usable,turning
1128,260408_121852324.jpg,16,302398.086814,3.8,20.61,384.5,6812,0.04,0.52,6.81,12.23,0.187,0,nan,nan,4.775,True,False,False,True,usable,turning
1129,260408_121853511.jpg,16,302399.273915,4.37,14.71,390.2,6628,-0.63,-0.74,7.64,14.0,0.187,0,nan,nan,3.9250000000000003,True,False,False,True,usable,turning
1130,260408_121854528.jpg,16,302400.290416,5.06,5.37,404.3,4944,-0.46,1.57,7.03,13.7,0.162,0,nan,nan,3.575,True,False,False,True,usable,turning
1131,260408_121855431.jpg,16,302401.194017,5.6,1.07,418.5,5542,-0.48,2.6,8.27,13.81,0.198,0,nan,nan,3.9250000000000003,True,False,True,True,clean,
1132,260408_121856281.jpg,16,302402.044218,5.91,0.66,457.4,3594,-0.05,-0.09,6.11,7.61,0.214,0,nan,nan,3.9250000000000003,True,False,True,True,clean,
1133,260408_121857121.jpg,16,302402.883819,6.0,0.38,452.0,5349,0.15,0.45,10.12,9.85,0.191,622,-0.71,8.69,4.425,True,True,True,True,usable,pass_conflict
1134,260408_121857960.jpg,16,302403.723421,5.96,0.16,453.7,3518,0.85,0.45,9.77,9.82,0.213,671,6.35,15.02,4.375,True,True,True,True,usable,pass_conflict
1135,260408_121858812.jpg,16,302404.575122,5.83,0.06,613.2,4688,0.39,0.01,8.11,10.24,0.306,199,-0.47,13.06,4.575,True,False,True,True,clean,
1136,260408_121859684.jpg,16,302405.447223,5.57,0.09,569.6,2622,0.42,-0.68,9.84,12.32,0.199,723,-0.74,7.3,4.325,True,False,True,True,clean,
1137,260408_121900654.jpg,16,302406.417624,5.02,0.13,404.2,3321,-0.63,0.06,10.53,12.37,0.212,307,3.29,11.29,4.825,True,True,True,True,usable,pass_conflict
1138,260408_121901805.jpg,16,302407.569225,4.21,0.52,670.7,2309,-0.75,-0.01,15.62,12.91,0.16,231,0.66,0.32,4.7250000000000005,True,False,True,True,clean,
1139,260408_121903289.jpg,16,302409.053127,3.36,4.66,767.9,2408,0.41,0.23,12.75,11.46,0.165,222,0.04,0.07,5.275,True,False,True,True,clean,
1140,260408_121905381.jpg,16,302411.14603,2.93,8.43,762.3,3292,-0.03,-0.8,7.28,10.39,0.282,320,-0.45,-2.44,7.825,True,False,False,True,usable,slow+turning
1141,260408_121959342.jpg,17,302465.115489,1.78,9.87,904.9,798,6.28,0.51,13.24,7.86,0.136,0,nan,nan,6.375,False,False,False,True,reject,geometry+slow+turning
1142,260408_122001518.jpg,17,302467.291092,2.7,5.34,1052.9,1084,-7.1,12.1,4.67,10.98,0.196,1979,0.23,6.92,5.675000000000001,False,False,False,True,reject,geometry+slow+turning
1143,260408_122003053.jpg,17,302468.826621,3.77,0.76,989.6,1048,9.47,-0.91,12.17,12.06,0.069,2233,-0.75,6.88,5.125,False,False,True,True,reject,geometry
1144,260408_122004285.jpg,17,302470.059129,4.27,0.03,791.1,2823,-0.28,-0.48,7.07,6.69,0.316,2295,1.78,-0.09,4.075,True,False,True,True,clean,
1145,260408_122005404.jpg,17,302471.17763,4.47,0.2,727.6,3222,0.11,-0.4,7.61,7.26,0.348,3788,-0.69,-1.43,4.075,True,False,True,True,clean,
1146,260408_122006528.jpg,17,302472.302531,4.2,0.5,747.4,3427,-0.84,-1.31,9.91,14.05,0.173,4364,0.02,-4.25,4.025,True,False,True,True,clean,
1147,260408_122007957.jpg,17,302473.731733,3.38,0.61,744.0,7536,-0.22,3.4,7.74,13.13,0.214,3685,0.34,-2.28,7.9750000000000005,True,False,True,True,clean,
1148,260408_122010062.jpg,17,302475.836436,2.68,1.26,738.7,6109,0.63,-0.32,7.04,13.17,0.201,3837,-0.11,-1.05,8.025,True,False,False,True,usable,slow
1149,260408_122012065.jpg,17,302477.840238,3.29,2.49,723.1,6854,-0.0,0.11,6.17,8.46,0.27,3756,-0.29,-0.53,5.175000000000001,True,False,True,True,clean,
1150,260408_122013432.jpg,17,302479.207285,3.63,0.63,787.4,5472,0.85,-1.79,10.81,11.59,0.186,3495,-0.06,-0.08,5.275,True,False,True,True,clean,
1151,260408_122014996.jpg,17,302480.771887,3.13,1.94,402.0,4630,-0.57,-3.07,7.72,12.03,0.252,3181,-0.4,0.92,4.9750000000000005,True,False,True,True,clean,
1152,260408_122017425.jpg,17,302483.20129,2.56,2.3,529.9,5695,-0.38,-0.6,8.49,9.7,0.305,2706,0.25,1.14,6.925000000000001,True,False,False,True,usable,slow
1153,260408_122043725.jpg,18,302509.504793,1.04,1.07,502.2,2406,0.99,-0.85,5.45,11.36,0.298,5585,0.44,-0.43,7.075,True,False,False,True,usable,slow
1154,260408_122046611.jpg,18,302512.391196,1.88,0.96,532.0,1776,-0.77,2.85,8.16,10.7,0.192,6239,-0.96,-0.25,5.525,True,False,False,True,usable,slow
1155,260408_122048529.jpg,18,302514.309598,2.28,0.15,610.3,2505,0.31,-0.6,7.46,12.42,0.266,5222,-0.38,-0.13,4.575,True,False,False,True,usable,slow
1156,260408_122051926.jpg,18,302517.707503,1.77,3.93,489.3,3098,-0.02,-0.48,7.56,9.68,0.291,6622,-0.86,0.82,7.625,True,False,False,True,usable,slow
1157,260408_122054699.jpg,18,302520.480906,1.89,11.65,539.6,3466,0.28,1.18,7.44,11.33,0.262,3921,0.01,-0.51,6.575,True,False,False,True,usable,slow+turning
1158,260408_122056932.jpg,18,302522.714109,2.26,16.3,751.0,4484,0.64,-1.59,8.53,15.8,0.205,3770,0.03,-2.24,5.925000000000001,True,False,False,True,usable,slow+turning
1159,260408_122127253.jpg,19,302553.039822,0.78,1.17,974.8,3215,-0.23,-0.24,9.34,11.11,0.198,9693,-1.9,-0.21,10.125,True,False,False,True,usable,slow
1160,260408_122130372.jpg,19,302556.158967,1.54,0.17,935.6,3195,-1.39,2.26,8.8,10.33,0.215,9702,-0.11,0.93,9.225,True,False,False,True,usable,slow
1161,260408_122132732.jpg,19,302558.51927,2.45,7.42,831.8,4615,-0.38,0.63,8.66,9.62,0.286,5490,-0.72,-0.02,10.175,True,False,False,True,usable,slow+turning
1162,260408_122134368.jpg,19,302560.156342,3.14,16.88,757.4,4279,0.46,-0.01,7.85,8.73,0.324,5243,-0.35,-0.02,10.125,True,False,False,True,usable,turning
1163,260408_122135638.jpg,19,302561.426043,4.06,12.89,772.8,6572,-0.37,-0.69,6.25,10.17,0.339,9214,0.3,0.26,8.875,True,False,False,True,usable,turning
1164,260408_122136676.jpg,19,302562.464431,4.97,4.61,888.3,5041,-0.09,0.0,8.0,12.04,0.23,8299,-0.73,-0.28,6.875,True,False,True,True,clean,
1165,260408_122137562.jpg,19,302563.350532,5.55,0.86,656.4,5022,0.34,0.17,9.22,11.0,0.262,14295,-0.27,1.23,9.675,True,False,True,True,clean,
1166,260408_122138433.jpg,19,302564.221533,5.72,0.05,480.7,3852,-0.37,-0.18,7.37,10.01,0.34,11472,-1.28,0.09,5.275,True,False,True,True,clean,
1167,260408_122139304.jpg,19,302565.092534,5.68,0.36,644.0,3721,-0.45,0.41,8.2,12.59,0.243,7061,0.69,-0.95,9.275,True,False,True,True,clean,
1168,260408_122140185.jpg,19,302565.974035,5.43,1.2,750.3,5233,0.14,1.42,7.24,10.97,0.325,8540,-0.47,0.4,6.275,True,False,True,True,clean,
1169,260408_122141191.jpg,19,302566.979937,5.18,2.51,470.9,3835,0.61,-0.13,9.09,10.31,0.26,8113,-0.04,-1.7,7.4750000000000005,True,False,True,True,clean,
1170,260408_122200979.jpg,20,302586.771461,1.3,16.21,562.6,7788,0.45,0.83,7.67,12.35,0.336,4458,0.24,0.7,8.375,True,False,False,True,usable,slow+turning
1171,260408_122204115.jpg,20,302589.908112,1.84,17.77,633.3,4676,-0.06,2.07,10.79,12.6,0.146,3210,0.08,-0.07,19.325000000000003,True,False,False,True,usable,slow+turning
1172,260408_122206143.jpg,20,302591.935491,2.97,12.08,747.9,7223,-0.42,-0.28,7.72,8.48,0.339,4468,-0.15,0.02,7.175000000000001,True,False,False,True,usable,slow+turning
1173,260408_122207597.jpg,20,302593.389739,3.72,0.38,789.3,5732,-0.61,0.21,7.85,10.07,0.299,4398,0.06,0.18,7.4750000000000005,True,False,True,True,clean,
1174,260408_122208826.jpg,20,302594.61924,3.89,0.17,826.3,6365,-0.32,-0.74,7.54,8.9,0.329,3855,0.17,0.53,9.575000000000001,True,False,True,True,clean,
1175,260408_122210075.jpg,20,302595.86839,4.03,2.24,795.2,4505,-0.66,-0.69,7.45,7.91,0.317,3243,-0.13,2.26,13.225000000000001,True,False,True,True,clean,
1176,260408_122211183.jpg,20,302596.976491,4.51,1.39,789.8,6108,-1.59,-0.66,9.45,13.37,0.195,3035,-0.44,0.39,13.025,True,False,True,True,clean,
1177,260408_122212191.jpg,20,302597.985374,4.96,2.91,706.2,5253,-1.21,-0.52,9.31,9.47,0.243,2734,-0.6,0.12,12.875,True,False,True,True,clean,
1178,260408_122213159.jpg,20,302598.953175,5.15,2.24,806.9,7582,0.1,-1.93,8.86,10.93,0.295,2826,-0.64,-0.49,11.775,True,False,True,True,clean,
1179,260408_122214162.jpg,20,302599.956476,4.93,0.52,769.9,9400,-0.5,-0.76,4.28,11.12,0.281,2121,-0.83,-1.18,9.925,True,False,True,True,clean,
1180,260408_122215260.jpg,20,302601.054278,4.56,0.28,725.8,8826,-0.17,-2.74,6.35,13.17,0.238,1594,-0.13,2.96,8.775,True,False,True,True,clean,
1181,260408_122216440.jpg,20,302602.234479,4.26,0.13,667.9,7216,-0.21,-1.43,7.88,10.83,0.254,0,nan,nan,10.525,True,False,True,True,clean,
1182,260408_122217710.jpg,20,302603.504781,4.02,0.37,687.8,7067,-0.01,0.01,7.77,13.32,0.215,0,nan,nan,12.475000000000001,True,False,True,True,clean,
1183,260408_122219033.jpg,20,302604.827582,3.75,0.67,745.3,7054,0.02,-0.51,8.47,11.38,0.276,0,nan,nan,10.875,True,False,True,True,clean,
1184,260408_122220473.jpg,20,302606.267884,3.62,0.3,818.6,9726,0.48,1.6,6.78,9.16,0.292,0,nan,nan,9.225,True,False,True,True,clean,
1185,260408_122221833.jpg,20,302607.628086,3.76,1.1,846.7,8334,-0.17,-2.78,8.92,10.96,0.271,0,nan,nan,7.925000000000001,True,False,True,True,clean,
1186,260408_122223103.jpg,20,302608.898687,3.91,0.3,712.0,6943,-0.13,-0.29,9.95,10.28,0.197,0,nan,nan,7.2250000000000005,True,False,True,True,clean,
1187,260408_122224360.jpg,20,302610.155789,3.87,0.17,622.5,6838,0.13,-3.69,8.34,10.41,0.256,0,nan,nan,7.325,True,False,True,True,clean,
1188,260408_122225709.jpg,20,302611.505276,3.66,0.53,564.5,9284,-0.46,-0.59,6.99,10.46,0.277,0,nan,nan,6.775,True,False,True,True,clean,
1189,260408_122227165.jpg,20,302612.961412,3.6,1.01,485.4,12073,-0.09,0.04,6.95,11.1,0.327,0,nan,nan,7.075,True,False,True,True,clean,
1190,260408_122228544.jpg,20,302614.340814,3.63,1.1,447.8,14148,0.08,-0.51,6.31,10.58,0.341,0,nan,nan,7.775,True,False,True,True,clean,
1191,260408_122229962.jpg,20,302615.758515,3.43,0.36,420.3,16596,0.12,-0.47,6.42,10.87,0.351,0,nan,nan,7.275,True,False,True,True,clean,
1192,260408_122231516.jpg,20,302617.312517,3.0,0.54,394.6,15732,-0.03,-2.71,6.36,13.21,0.305,0,nan,nan,6.775,True,False,True,True,clean,
1193,260408_122233758.jpg,20,302619.55522,2.42,2.18,364.2,15816,0.13,-0.53,4.96,10.16,0.401,0,nan,nan,8.425,True,False,False,True,usable,slow
1194,260408_122235984.jpg,20,302621.78122,2.64,3.52,354.1,15352,0.12,-1.94,4.46,8.97,0.329,0,nan,nan,7.625,True,False,False,True,usable,slow
1195,260408_122237616.jpg,20,302623.414422,2.78,6.77,354.0,9812,-0.16,-7.53,3.5,11.57,0.291,0,nan,nan,7.2250000000000005,False,False,False,True,reject,geometry+slow+turning
1196,260408_122239733.jpg,20,302625.531325,2.21,15.62,349.8,15309,-0.38,-0.29,5.45,11.62,0.373,0,nan,nan,7.075,True,False,False,True,usable,slow+turning
1197,260408_122241718.jpg,20,302627.516527,2.35,18.87,352.7,9154,0.45,0.9,8.81,9.22,0.277,0,nan,nan,6.125,True,False,False,True,usable,slow+turning
1198,260408_122243313.jpg,20,302629.111729,2.9,11.22,361.6,7708,0.01,1.66,6.56,9.53,0.335,0,nan,nan,6.875,True,False,False,True,usable,slow+turning
1199,260408_122244961.jpg,20,302630.759731,3.03,2.84,389.1,4838,0.24,-9.07,8.21,10.87,0.154,0,nan,nan,7.2250000000000005,False,False,True,True,reject,geometry
1200,260408_122246682.jpg,20,302632.481528,2.9,2.29,405.7,7982,0.69,-3.56,5.72,9.95,0.325,0,nan,nan,7.2250000000000005,True,False,False,True,usable,slow
1201,260408_122248498.jpg,20,302634.297531,2.63,3.15,426.7,5091,-0.07,1.8,6.44,10.38,0.267,0,nan,nan,7.125,True,False,False,True,usable,slow
1202,260408_122251309.jpg,20,302637.108634,1.79,13.3,449.4,4157,-0.4,2.98,10.85,13.51,0.164,0,nan,nan,7.9750000000000005,True,False,False,True,usable,slow+turning
1203,260408_122254022.jpg,20,302639.822465,2.41,18.05,437.3,4661,-0.08,-3.6,6.37,10.48,0.32,0,nan,nan,5.775,True,False,False,True,usable,slow+turning
1204,260408_122255608.jpg,20,302641.409012,3.02,9.52,487.8,2940,-0.35,0.21,6.47,11.99,0.236,0,nan,nan,5.925000000000001,True,False,False,True,usable,turning
1205,260408_122257297.jpg,20,302643.098214,2.9,2.4,532.3,3253,-0.07,-2.53,8.38,9.39,0.28,0,nan,nan,5.9750000000000005,True,False,False,True,usable,slow
1206,260408_122259227.jpg,20,302645.028266,2.62,1.1,599.7,4727,0.07,-4.24,5.95,12.46,0.25,0,nan,nan,7.025,True,False,False,True,usable,slow
1207,260408_122301200.jpg,20,302647.001241,2.65,3.76,745.6,5121,1.11,2.05,9.42,10.85,0.237,0,nan,nan,6.925000000000001,True,False,False,True,usable,slow
1208,260408_122303015.jpg,20,302648.817144,2.84,2.16,939.3,2683,0.34,1.71,6.34,9.61,0.143,0,nan,nan,7.125,True,False,False,True,usable,slow
1209,260408_122304654.jpg,20,302650.456674,3.27,5.79,911.3,2440,0.24,5.16,4.8,14.22,0.092,0,nan,nan,6.825,True,False,False,True,usable,turning
1210,260408_122306003.jpg,20,302651.805776,3.77,5.2,924.5,4940,0.15,-14.6,5.48,15.44,0.141,0,nan,nan,6.925000000000001,False,False,False,True,reject,geometry+turning
1211,260408_122307232.jpg,20,302653.034777,3.8,1.89,880.6,4263,0.44,-7.22,7.4,15.53,0.194,0,nan,nan,6.7250000000000005,False,False,True,True,reject,geometry
1212,260408_122308729.jpg,20,302654.532079,3.37,3.08,867.7,4926,0.04,-0.52,5.23,10.14,0.397,0,nan,nan,6.775,True,False,True,True,clean,
1213,260408_122310292.jpg,20,302656.095281,3.28,0.22,859.1,6125,-0.78,-1.06,8.31,12.58,0.284,0,nan,nan,7.2250000000000005,True,False,True,True,clean,
1214,260408_122311690.jpg,20,302657.493438,3.6,8.06,909.8,4105,-2.49,-2.59,10.97,11.77,0.124,0,nan,nan,7.9750000000000005,True,False,False,True,usable,turning
1215,260408_122312957.jpg,20,302658.760467,4.02,12.0,832.9,7462,-0.12,-1.19,7.51,13.97,0.19,0,nan,nan,10.225000000000001,True,False,False,True,usable,turning
1216,260408_122314115.jpg,20,302659.919068,4.46,7.89,694.3,6051,0.82,-2.78,8.06,11.13,0.213,0,nan,nan,10.175,True,False,False,True,usable,turning
1217,260408_122315173.jpg,20,302660.97687,4.66,3.38,656.8,6017,-0.01,0.56,8.75,11.31,0.214,0,nan,nan,11.275,True,False,True,True,clean,
1218,260408_122316241.jpg,20,302662.045471,4.58,1.0,644.2,5450,-0.67,-2.77,9.39,10.97,0.146,0,nan,nan,10.375,True,False,True,True,clean,
1219,260408_122317390.jpg,20,302663.193872,4.32,0.15,688.3,7062,-0.18,-2.58,6.59,10.05,0.243,0,nan,nan,7.675000000000001,True,False,True,True,clean,
1220,260408_122318664.jpg,20,302664.468474,4.08,0.33,702.9,8867,0.0,-0.15,8.13,7.88,0.283,2914,0.06,-0.41,8.725,True,False,True,True,clean,
1221,260408_122319897.jpg,20,302665.701975,4.01,1.59,718.0,11700,-0.26,1.03,6.29,10.71,0.322,1902,-0.36,-0.37,10.925,True,False,True,True,clean,
1222,260408_122321169.jpg,20,302666.973977,3.89,1.33,659.5,8742,1.22,2.31,7.86,10.21,0.295,2161,0.44,-2.95,9.125,True,False,True,True,clean,
1223,260408_122322480.jpg,20,302668.285179,3.57,0.2,682.8,9225,0.29,-0.2,6.56,6.87,0.464,3282,-0.06,-1.0,10.325000000000001,True,False,True,True,clean,
1224,260408_122323989.jpg,20,302669.79378,3.26,0.57,701.5,7048,-0.48,0.1,10.35,10.86,0.193,7853,-1.02,1.55,9.425,True,False,True,True,clean,
1225,260408_122325569.jpg,20,302671.374882,3.06,1.14,681.7,10832,-1.17,0.27,8.59,8.83,0.338,6902,-0.25,-1.42,8.225,True,False,True,True,clean,
1226,260408_122327239.jpg,20,302673.044584,2.89,0.67,654.8,8810,-0.58,0.23,6.85,12.27,0.257,9724,-0.02,-0.51,6.625,True,False,False,True,usable,slow
1227,260408_122329158.jpg,20,302674.963787,2.51,7.37,602.7,14152,-0.25,-0.37,8.09,8.93,0.339,14509,0.07,-1.96,6.125,True,False,False,True,usable,slow+turning
1228,260408_122331898.jpg,20,302677.70449,1.88,12.32,552.9,13152,0.11,0.4,7.41,10.37,0.326,15254,0.07,-2.66,10.325000000000001,True,False,False,True,usable,slow+turning
1229,260408_122334161.jpg,20,302679.968333,2.17,11.6,480.5,12766,-0.06,0.87,9.23,10.07,0.288,13668,-0.31,0.03,9.075000000000001,True,False,False,True,usable,slow+turning
1230,260408_122336073.jpg,20,302681.880636,3.07,5.33,425.4,11189,0.71,-0.68,8.32,10.17,0.278,12242,0.01,-0.49,5.175000000000001,True,False,False,True,usable,turning
1231,260408_122337585.jpg,20,302683.392737,3.66,0.29,441.3,11573,-0.85,-0.23,8.13,12.21,0.28,12081,-0.0,-0.37,5.675000000000001,True,False,True,True,clean,
1232,260408_122338919.jpg,20,302684.726639,3.63,3.01,448.1,11478,0.16,-0.03,7.92,13.09,0.244,10317,0.08,-0.21,8.625,True,False,True,True,clean,
1233,260408_122340486.jpg,20,302686.294141,3.44,4.53,432.6,10882,-0.49,0.93,8.38,11.4,0.241,8459,-0.26,0.08,11.075000000000001,True,False,True,True,clean,
1234,260408_122404662.jpg,21,302710.473171,2.58,4.83,579.0,5125,-0.31,3.12,7.06,9.5,0.339,9059,-0.38,0.41,8.375,True,False,False,True,usable,slow
1235,260408_122406281.jpg,21,302712.092865,3.08,1.46,577.7,4212,-0.06,0.22,8.42,12.61,0.244,8675,-0.53,0.35,6.4750000000000005,True,False,True,True,clean,
1236,260408_122407740.jpg,21,302713.551867,3.44,3.78,518.1,5895,-0.49,-0.5,8.31,10.62,0.249,11977,0.37,0.59,5.825,True,False,True,True,clean,
1237,260408_122409304.jpg,21,302715.116669,3.15,12.5,502.2,7402,-0.22,1.23,8.27,8.7,0.266,12098,-0.47,1.07,9.625,True,False,False,True,usable,turning
1238,260408_122410873.jpg,21,302716.685171,3.18,22.36,473.5,8973,0.11,0.1,7.16,8.21,0.39,14549,0.45,-1.38,6.025,True,False,False,True,usable,turning
1239,260408_122412239.jpg,21,302718.051872,3.7,18.48,478.6,6561,0.25,-0.91,8.97,11.74,0.249,20659,-0.73,-0.09,6.775,True,False,False,True,usable,turning
1240,260408_122413457.jpg,21,302719.270074,4.14,3.77,530.1,6330,-0.01,0.13,9.84,11.05,0.24,15825,-0.28,0.03,6.075,True,False,True,True,clean,
1241,260408_122414643.jpg,21,302720.455775,4.18,3.64,536.6,5740,-0.36,-0.33,7.82,10.84,0.234,14166,-0.13,-1.25,7.4750000000000005,True,False,True,True,clean,
1242,260408_122415896.jpg,21,302721.709477,3.94,2.02,479.7,6895,0.22,-1.22,8.0,9.35,0.301,12848,-0.11,0.64,5.775,True,False,True,True,clean,
1243,260408_122417307.jpg,21,302723.120979,3.39,0.11,458.5,9250,-0.06,-0.95,7.08,9.13,0.323,13762,-0.16,-0.41,6.925000000000001,True,False,True,True,clean,
1244,260408_122419533.jpg,21,302725.347382,2.88,0.13,456.7,13909,-0.14,-0.45,6.98,9.62,0.326,12282,-0.12,-0.15,11.075000000000001,True,False,False,True,usable,slow
1245,260408_122452859.jpg,22,302758.677734,2.16,0.47,622.0,4650,-0.22,0.55,6.89,12.03,0.195,13029,-0.29,1.26,10.625,True,False,False,True,usable,slow
1246,260408_122455220.jpg,22,302761.039637,2.11,2.23,806.3,4013,-0.33,2.62,9.33,11.72,0.153,13937,-0.72,0.7,8.375,True,False,False,True,usable,slow
1247,260408_122457780.jpg,22,302763.60004,1.81,13.53,628.7,6503,0.15,0.83,6.04,12.08,0.264,10742,-0.08,0.08,10.975000000000001,True,False,False,True,usable,slow+turning
1248,260408_122500176.jpg,22,302765.996437,2.01,18.45,618.8,6866,-0.15,1.47,8.06,10.37,0.27,9727,-0.31,0.19,13.325000000000001,True,False,False,True,usable,slow+turning
1249,260408_122502135.jpg,22,302767.955629,2.61,6.85,517.8,6037,0.07,-0.19,8.28,10.3,0.338,8740,0.41,-0.14,6.625,True,False,False,True,usable,slow+turning
1250,260408_122503871.jpg,22,302769.691831,2.83,0.06,483.9,5786,0.43,-0.22,8.3,10.73,0.323,7252,-0.86,0.23,9.175,True,False,False,True,usable,slow
1251,260408_122525348.jpg,23,302791.172563,2.13,3.73,398.1,4033,0.34,-0.76,7.81,9.51,0.196,4264,-0.46,2.28,7.375,True,False,False,True,usable,slow
1252,260408_122527263.jpg,23,302793.087265,2.35,1.47,411.5,4318,-0.15,-0.47,6.79,8.31,0.282,3932,0.44,0.2,5.4750000000000005,True,False,False,True,usable,slow
1253,260408_122529336.jpg,23,302795.160967,2.22,19.2,386.3,4100,0.4,4.21,8.46,13.81,0.208,3631,-0.05,0.03,6.325,True,False,False,True,usable,slow+turning
1254,260408_122531179.jpg,23,302797.004444,2.86,28.84,287.7,5953,-0.17,0.26,6.52,9.91,0.381,4623,0.41,-0.57,7.075,True,False,False,True,usable,slow+turning
1255,260408_122532416.jpg,23,302798.241635,4.27,12.45,299.2,6232,0.18,1.54,6.67,11.93,0.325,6743,-0.24,0.39,7.175000000000001,True,False,False,True,usable,turning
1256,260408_122533413.jpg,23,302799.238336,5.41,0.85,309.6,5304,0.26,-0.3,6.48,12.32,0.273,8128,-0.57,-2.68,6.275,True,False,True,True,clean,
1257,260408_122534232.jpg,23,302800.057637,6.27,0.46,381.3,10648,-0.11,1.0,6.77,6.79,0.447,9484,-0.19,1.28,5.525,True,False,True,True,clean,
1258,260408_122534969.jpg,23,302800.795238,6.82,0.51,449.6,14745,-0.52,-1.3,5.58,8.4,0.529,13427,-0.65,-0.43,5.675000000000001,True,False,True,True,clean,
1259,260408_122535682.jpg,23,302801.507839,6.94,0.44,522.9,13198,0.05,-0.69,5.07,11.67,0.352,12424,0.72,-0.01,4.775,True,False,True,True,clean,
1260,260408_122536409.jpg,23,302802.23524,6.86,0.23,518.4,10139,-3.51,-3.41,10.22,11.61,0.221,9216,0.19,-1.46,4.675,True,False,True,True,clean,
1261,260408_122537136.jpg,23,302802.962641,6.85,0.36,563.5,9419,0.12,-0.95,10.0,12.77,0.207,5611,0.13,0.04,6.4750000000000005,True,False,True,True,clean,
1262,260408_122537864.jpg,23,302803.690042,6.88,0.26,531.7,9115,0.11,-0.54,5.14,8.36,0.33,3671,0.26,-0.7,4.425,True,False,True,True,clean,
1263,260408_122538591.jpg,23,302804.417443,6.9,0.01,378.3,7343,0.83,-2.66,4.95,11.44,0.272,3076,0.46,0.35,5.4750000000000005,True,False,True,True,clean,
1264,260408_122539318.jpg,23,302805.144843,6.91,0.26,327.3,7269,0.66,-2.69,6.36,11.75,0.256,0,nan,nan,5.575,True,False,True,True,clean,
1265,260408_122540046.jpg,23,302805.872244,6.87,0.59,386.3,6032,-0.2,1.96,5.12,8.08,0.274,0,nan,nan,5.075,True,False,True,True,clean,
1266,260408_122540773.jpg,23,302806.599645,6.75,0.13,550.2,7305,-0.06,3.22,7.2,10.88,0.31,0,nan,nan,4.275,True,False,True,True,clean,
1267,260408_122541523.jpg,23,302807.349746,6.58,0.27,555.0,6266,-0.65,4.19,8.42,12.38,0.176,0,nan,nan,4.9750000000000005,True,False,True,True,clean,
1268,260408_122542299.jpg,23,302808.126247,6.42,0.16,505.8,6448,0.57,3.02,4.46,9.56,0.341,0,nan,nan,6.575,True,False,True,True,clean,
1269,260408_122543092.jpg,23,302808.918748,6.29,0.19,443.3,8238,-0.34,3.11,5.47,8.2,0.422,0,nan,nan,7.025,True,False,True,True,clean,
1270,260408_122543894.jpg,23,302809.721349,6.17,0.53,439.7,6275,-1.42,-0.08,11.73,11.2,0.221,0,nan,nan,6.925000000000001,True,False,True,True,clean,
1271,260408_122544708.jpg,23,302810.53525,5.98,1.37,528.0,7630,-0.15,2.13,8.05,10.18,0.277,0,nan,nan,6.7250000000000005,True,False,True,True,clean,
1272,260408_122545576.jpg,23,302811.403051,5.55,1.5,477.7,3848,0.22,-0.03,10.79,14.27,0.135,0,nan,nan,5.9750000000000005,True,False,True,True,clean,
1273,260408_122546592.jpg,23,302812.419352,4.75,0.06,324.5,6199,-3.15,-0.9,9.33,7.56,0.3,0,nan,nan,7.375,True,False,True,True,clean,
1274,260408_122547962.jpg,23,302813.790254,3.68,2.55,297.4,8148,0.77,0.77,8.68,12.82,0.28,0,nan,nan,8.125,True,False,True,True,clean,
1275,260408_122549620.jpg,23,302815.448256,3.04,4.41,298.2,6893,-0.84,0.22,8.71,9.79,0.206,0,nan,nan,6.525,True,False,True,True,clean,
1276,260408_122551333.jpg,23,302817.161758,2.85,10.36,425.1,7860,0.15,-0.72,6.89,10.06,0.289,0,nan,nan,6.625,True,False,False,True,usable,slow+turning
1277,260408_122553084.jpg,23,302818.91286,2.88,14.89,584.2,5087,-0.11,-0.4,8.95,10.87,0.203,0,nan,nan,7.875,True,False,False,True,usable,slow+turning
1278,260408_122554623.jpg,23,302820.452082,3.22,9.24,901.4,1087,-1.42,-2.29,8.04,10.97,0.15,0,nan,nan,8.825000000000001,True,False,False,True,usable,turning
1279,260408_122556031.jpg,23,302821.860031,3.65,3.28,971.8,1323,-2.62,0.64,8.0,8.75,0.341,0,nan,nan,6.125,True,False,True,True,clean,
1280,260408_122557376.jpg,23,302823.205032,4.14,1.63,783.4,889,1.76,1.0,10.98,14.85,0.104,0,nan,nan,7.275,True,False,True,True,clean,
1281,260408_122558484.jpg,23,302824.313334,4.41,0.41,664.0,1121,4.21,-2.42,10.92,10.46,0.124,0,nan,nan,5.825,True,False,True,True,clean,
1282,260408_122559569.jpg,23,302825.398435,4.59,0.37,733.2,3356,-0.28,-0.02,10.06,8.5,0.27,0,nan,nan,7.2250000000000005,True,False,True,True,clean,
1283,260408_122600626.jpg,23,302826.455736,4.63,0.74,809.9,2735,0.08,0.77,8.06,10.37,0.149,0,nan,nan,7.2250000000000005,True,False,True,True,clean,
1284,260408_122601714.jpg,23,302827.543938,4.46,0.9,952.7,3214,0.19,0.54,7.24,10.23,0.131,0,nan,nan,6.925000000000001,True,False,True,True,clean,
1285,260408_122602916.jpg,23,302828.746539,4.08,0.58,959.0,4458,-1.02,0.01,8.17,10.13,0.161,0,nan,nan,7.075,True,False,True,True,clean,
1286,260408_122604247.jpg,23,302830.077778,3.81,0.24,775.1,5516,0.5,-0.8,7.34,10.39,0.259,0,nan,nan,6.875,True,False,True,True,clean,
1287,260408_122605563.jpg,23,302831.39358,3.67,0.9,771.3,3406,-0.72,-0.39,7.32,9.22,0.234,0,nan,nan,6.4750000000000005,True,False,True,True,clean,
1288,260408_122607043.jpg,23,302832.873881,3.27,0.72,850.1,2894,0.21,-0.31,9.77,9.8,0.233,0,nan,nan,7.175000000000001,True,False,True,True,clean,
1289,260408_122609176.jpg,23,302835.006784,2.47,1.29,985.3,1666,0.1,0.38,9.97,5.42,0.192,0,nan,nan,6.325,True,False,False,True,usable,slow
1290,260408_122612065.jpg,23,302837.897088,2.11,0.07,947.0,956,-0.1,-3.38,10.41,15.73,0.038,808,-0.75,-0.25,6.325,False,False,False,True,reject,geometry+slow
1291,260408_122613956.jpg,23,302839.78749,2.75,0.08,1110.7,1864,0.92,-3.05,6.68,8.84,0.108,1208,-0.34,0.46,5.575,True,False,False,True,usable,slow
1292,260408_122615392.jpg,23,302841.224153,3.62,1.13,1123.9,1788,0.12,-0.12,8.35,8.63,0.101,1166,-0.13,1.86,5.425000000000001,True,False,True,True,clean,
1293,260408_122616551.jpg,23,302842.38313,4.3,1.47,767.5,4095,-0.67,-0.41,10.05,11.93,0.12,7284,0.3,-1.55,5.125,True,False,True,True,clean,
1294,260408_122617652.jpg,23,302843.484732,4.7,0.49,593.5,5570,-0.32,-0.26,8.34,11.46,0.226,7105,-0.56,-2.32,5.2250000000000005,True,False,True,True,clean,
1295,260408_122618710.jpg,23,302844.543133,4.36,0.28,649.0,4045,-0.13,-1.95,8.71,9.47,0.175,6488,1.06,-2.97,6.325,True,False,True,True,clean,
1296,260408_122620275.jpg,23,302846.107735,3.27,1.4,925.6,3473,-0.16,0.09,8.72,11.46,0.124,3709,-0.64,0.12,6.775,True,False,True,True,clean,
1297,260408_122622073.jpg,23,302847.906037,2.67,2.43,1044.5,1435,-0.18,-7.55,8.8,17.56,0.031,979,0.72,1.19,7.625,False,False,False,True,reject,geometry+slow
1298,260408_122624133.jpg,23,302849.966634,2.46,1.96,844.3,1960,-0.33,-3.83,7.93,12.33,0.153,1891,-0.52,-3.46,8.775,True,False,False,True,usable,slow
1299,260408_122626166.jpg,23,302851.999537,2.39,1.62,771.2,1960,-0.29,-0.86,9.71,13.19,0.23,1202,0.39,0.93,9.225,True,False,False,True,usable,slow
1300,260408_122656026.jpg,24,302881.864543,1.22,13.82,854.1,1823,0.46,-0.45,4.32,5.98,0.299,1240,0.17,1.27,10.275,True,False,False,True,usable,slow+turning
1301,260408_122659267.jpg,24,302885.105847,1.74,14.12,810.6,2602,-2.07,-0.87,10.66,9.22,0.247,2714,-0.65,1.06,8.975,True,False,False,True,usable,slow+turning
1302,260408_122701358.jpg,24,302887.197049,2.55,11.19,816.7,2753,0.21,-1.46,7.28,14.14,0.233,3368,-0.0,0.56,7.525,True,False,False,True,usable,slow+turning
1303,260408_122703035.jpg,24,302888.874551,3.09,6.02,696.3,2472,0.44,-0.6,9.78,14.06,0.133,2322,0.07,0.36,6.275,True,False,False,True,usable,turning
1304,260408_122704504.jpg,24,302890.343853,3.53,3.72,602.2,4358,0.65,-0.58,9.92,12.2,0.156,5708,-0.99,-0.35,6.425000000000001,True,False,True,True,clean,
1305,260408_122705752.jpg,24,302891.592455,4.01,0.88,572.2,6970,0.01,-0.57,9.78,9.29,0.207,8983,0.26,0.26,6.575,True,False,True,True,clean,
1306,260408_122706893.jpg,24,302892.733656,4.34,0.07,638.7,8158,-2.17,-0.37,8.19,10.88,0.207,10106,-0.52,0.31,6.875,True,False,True,True,clean,
1307,260408_122708021.jpg,24,302893.861557,4.26,0.21,737.5,5338,-1.6,1.33,9.33,12.66,0.155,7716,0.64,0.81,7.9750000000000005,True,False,True,True,clean,
1308,260408_122709338.jpg,24,302895.178259,3.81,0.32,1057.7,3616,-0.08,0.52,4.61,5.57,0.273,4606,1.26,0.88,9.125,True,False,True,True,clean,
1309,260408_122710786.jpg,24,302896.627061,3.38,1.67,1105.2,916,4.28,-0.47,5.75,6.78,0.324,53,-0.97,-11.72,8.825000000000001,True,False,True,True,clean,
1310,260408_122712312.jpg,24,302898.153063,3.38,1.47,899.1,862,0.13,-0.77,5.92,8.45,0.464,0,nan,nan,8.175,True,False,True,True,clean,
1311,260408_122713620.jpg,24,302899.460894,3.85,1.34,768.9,622,-4.36,-0.67,11.66,12.7,0.074,0,nan,nan,8.425,False,False,True,True,reject,geometry
1312,260408_122714789.jpg,24,302900.630495,4.28,2.88,653.5,1253,1.73,4.05,9.14,11.62,0.176,0,nan,nan,7.375,True,False,True,True,clean,
1313,260408_122715895.jpg,24,302901.737192,4.48,2.18,591.4,2252,0.42,-0.91,8.31,11.09,0.23,0,nan,nan,6.625,True,False,True,True,clean,
1314,260408_122716971.jpg,24,302902.812994,4.51,0.86,544.8,2736,-0.39,-0.62,11.39,11.25,0.178,0,nan,nan,6.425000000000001,True,False,True,True,clean,
1315,260408_122718090.jpg,24,302903.931595,4.45,0.01,537.5,3153,-0.45,-0.27,7.06,12.46,0.252,0,nan,nan,6.675000000000001,True,False,True,True,clean,
1316,260408_122719205.jpg,24,302905.047696,4.48,0.27,514.0,3193,-0.23,0.27,8.79,14.76,0.181,0,nan,nan,6.675000000000001,True,False,True,True,clean,
1317,260408_122720258.jpg,24,302906.099998,4.6,0.32,483.4,2800,-0.87,0.51,9.46,9.57,0.235,0,nan,nan,6.675000000000001,True,False,True,True,clean,
1318,260408_122721333.jpg,24,302907.175699,4.62,1.5,435.1,3121,0.89,-0.17,9.82,11.87,0.206,0,nan,nan,6.275,True,False,True,True,clean,
1319,260408_122722422.jpg,24,302908.2643,4.39,1.81,408.2,1421,-0.79,-0.03,7.63,12.85,0.218,0,nan,nan,6.075,True,False,True,True,clean,
1320,260408_122723662.jpg,24,302909.504802,3.89,1.96,402.7,1426,0.02,-0.82,9.23,9.59,0.324,0,nan,nan,6.4750000000000005,True,False,True,True,clean,
1321,260408_122725072.jpg,24,302910.915204,3.64,1.66,429.4,1586,-0.83,-0.32,7.7,6.93,0.448,0,nan,nan,6.675000000000001,True,False,True,True,clean,
1322,260408_122726376.jpg,24,302912.219805,3.87,1.3,431.5,3072,-0.35,1.05,10.47,8.75,0.281,0,nan,nan,6.4750000000000005,True,False,True,True,clean,
1323,260408_122727531.jpg,24,302913.374207,4.17,1.27,436.8,2855,-0.21,3.4,10.0,8.72,0.282,0,nan,nan,6.575,True,False,True,True,clean,
1324,260408_122728685.jpg,24,302914.528908,4.38,1.49,435.5,4264,-0.44,-0.23,8.63,11.03,0.243,0,nan,nan,6.275,True,False,True,True,clean,
1325,260408_122729880.jpg,24,302915.72441,4.17,1.31,428.6,4722,-0.16,0.47,8.48,10.09,0.26,0,nan,nan,6.075,True,False,True,True,clean,
1326,260408_122731280.jpg,24,302917.124111,3.71,1.14,444.3,5141,0.52,5.68,9.07,9.18,0.246,0,nan,nan,6.825,True,False,True,True,clean,
1327,260408_122732603.jpg,24,302918.447713,3.7,0.75,463.5,4846,2.09,-0.53,7.32,9.73,0.335,0,nan,nan,6.9750000000000005,True,False,True,True,clean,
1328,260408_122733966.jpg,24,302919.810415,3.68,0.26,466.8,4293,1.79,-0.35,9.27,7.76,0.303,0,nan,nan,6.675000000000001,True,False,True,True,clean,
1329,260408_122735383.jpg,24,302921.227924,3.49,0.92,528.6,4545,-0.03,-0.05,5.66,7.61,0.462,0,nan,nan,6.775,True,False,True,True,clean,
1330,260408_122736833.jpg,24,302922.677725,3.53,3.94,619.5,1074,-2.66,-0.38,8.84,8.58,0.4,0,nan,nan,6.825,True,False,True,True,clean,
1331,260408_122738159.jpg,24,302924.003727,3.84,1.53,514.6,2201,-0.24,-0.2,7.13,8.84,0.349,0,nan,nan,6.175000000000001,True,False,True,True,clean,
1332,260408_122739391.jpg,24,302925.236128,3.98,2.61,401.7,2653,-0.46,0.29,9.14,10.07,0.221,0,nan,nan,5.525,True,False,True,True,clean,
1333,260408_122740714.jpg,24,302926.55993,3.7,1.33,373.1,2932,0.27,1.92,7.13,9.67,0.274,0,nan,nan,5.575,True,False,True,True,clean,
1334,260408_122742339.jpg,24,302928.184632,3.1,0.96,372.7,3430,0.29,0.68,6.44,11.12,0.226,0,nan,nan,6.025,True,False,True,True,clean,
1335,260408_122744331.jpg,24,302930.177335,2.73,1.37,386.2,3110,0.15,-4.05,7.09,12.4,0.221,0,nan,nan,6.2250000000000005,True,False,False,True,usable,slow
1336,260408_122915543.jpg,25,303021.403646,3.76,3.81,836.8,644,0.02,2.76,5.3,13.4,0.104,0,nan,nan,7.375,True,False,True,True,clean,
1337,260408_122917032.jpg,25,303022.892403,4.25,1.32,856.5,251,0.6,-11.0,11.01,10.84,0.012,0,nan,nan,5.075,False,False,True,True,unverified,few_edges
1338,260408_122918172.jpg,25,303024.032874,4.89,1.72,739.9,1956,-0.33,-0.36,6.08,8.58,0.175,0,nan,nan,5.075,True,False,True,True,clean,
1339,260408_122919125.jpg,25,303024.985775,5.02,0.08,610.1,2100,3.56,-1.28,8.8,11.66,0.12,0,nan,nan,4.675,True,False,True,True,clean,
1340,260408_122920216.jpg,25,303026.076977,4.6,0.57,581.8,2757,-0.38,-4.42,9.47,11.75,0.157,0,nan,nan,4.825,True,False,True,True,clean,
1341,260408_122921510.jpg,25,303027.371278,3.84,0.14,932.9,2685,0.76,-0.24,11.33,12.46,0.086,0,nan,nan,5.9750000000000005,True,False,True,True,clean,
1342,260408_122923098.jpg,25,303028.95958,3.16,0.62,1113.9,1652,0.28,-1.19,10.08,10.19,0.087,0,nan,nan,4.9750000000000005,True,False,True,True,clean,
1343,260408_122924832.jpg,25,303030.694082,2.82,0.95,950.5,1521,-0.43,2.35,12.79,12.19,0.063,0,nan,nan,5.825,False,False,False,True,reject,geometry+slow
1344,260408_122926590.jpg,25,303032.452084,2.93,1.17,920.7,827,0.43,-4.85,11.66,15.41,0.045,0,nan,nan,5.675000000000001,False,False,False,True,reject,geometry+slow
1345,260408_122928107.jpg,25,303033.969686,3.39,1.12,859.7,1111,0.41,-0.51,8.34,12.33,0.125,0,nan,nan,6.425000000000001,True,False,True,True,clean,
1346,260408_122929427.jpg,25,303035.289488,3.77,0.04,829.9,2276,-1.84,-0.68,8.09,8.56,0.2,0,nan,nan,6.625,True,False,True,True,clean,
1347,260408_122930689.jpg,25,303036.551889,3.98,0.46,814.2,3021,0.21,0.29,8.48,8.25,0.209,0,nan,nan,6.2250000000000005,True,False,True,True,clean,
1348,260408_122931906.jpg,25,303037.769591,4.04,0.67,829.6,4641,-0.37,-0.82,8.33,8.24,0.255,0,nan,nan,6.4750000000000005,True,False,True,True,clean,
1349,260408_122933163.jpg,25,303039.026792,4.09,0.92,1016.9,4318,0.23,-0.09,8.1,9.17,0.214,0,nan,nan,6.275,True,False,True,True,clean,
1350,260408_122934368.jpg,25,303040.231394,4.05,0.56,891.3,3190,0.28,1.26,8.8,11.63,0.115,0,nan,nan,5.875,True,False,True,True,clean,
1351,260408_122935668.jpg,25,303041.531696,3.85,0.02,868.6,3153,1.57,-0.08,8.72,8.36,0.184,0,nan,nan,5.625,True,False,True,True,clean,
1352,260408_122937019.jpg,25,303042.882697,3.66,0.55,771.4,3506,-0.52,0.6,10.72,12.34,0.166,0,nan,nan,5.375,True,False,True,True,clean,
1353,260408_122938442.jpg,25,303044.306099,3.39,0.47,777.2,1444,-1.56,-0.87,8.09,11.02,0.133,0,nan,nan,5.775,True,False,True,True,clean,
1354,260408_122940105.jpg,25,303045.969729,3.09,1.25,1040.9,1116,-4.09,-0.73,11.2,11.92,0.118,0,nan,nan,6.525,True,False,True,True,clean,
1355,260408_122941745.jpg,25,303047.610031,2.85,3.42,1187.6,2602,5.24,1.28,13.18,9.24,0.16,0,nan,nan,6.425000000000001,True,False,False,True,usable,slow
1356,260408_122943733.jpg,25,303049.597533,2.74,5.02,1035.6,2863,0.55,0.38,10.3,13.47,0.124,0,nan,nan,9.575000000000001,True,False,False,True,usable,slow+turning
1357,260408_122945413.jpg,25,303051.278535,3.01,1.73,677.6,5331,0.24,-0.28,6.51,10.01,0.206,0,nan,nan,10.575000000000001,True,False,True,True,clean,
1358,260408_122946882.jpg,25,303052.747274,3.54,8.38,413.4,6674,-0.73,-0.49,9.71,12.88,0.17,0,nan,nan,4.175,True,False,False,True,usable,turning
1359,260408_122948097.jpg,25,303053.962875,4.4,14.65,320.5,7664,-0.15,-0.91,7.56,11.51,0.24,0,nan,nan,3.625,True,False,False,True,usable,turning
1360,260408_122949058.jpg,25,303054.924276,5.39,11.19,322.5,7841,0.34,-0.92,8.22,12.69,0.184,0,nan,nan,4.325,True,False,False,True,usable,turning
1361,260408_122949881.jpg,25,303055.747214,6.17,4.33,351.2,8618,0.14,-0.94,6.67,11.53,0.228,0,nan,nan,4.025,True,False,True,True,clean,
1362,260408_122950639.jpg,25,303056.504903,6.75,1.31,342.1,5674,0.04,-1.89,8.57,12.7,0.163,0,nan,nan,4.025,True,False,True,True,clean,
1363,260408_122951340.jpg,25,303057.206204,7.2,0.46,379.1,4348,0.39,-0.33,8.84,10.91,0.208,0,nan,nan,4.625,True,False,True,True,clean,
1364,260408_122952017.jpg,25,303057.882905,7.44,1.22,411.0,3291,-0.24,0.46,8.26,12.53,0.186,0,nan,nan,4.4750000000000005,True,False,True,True,clean,
1365,260408_122952683.jpg,25,303058.549606,7.41,1.65,471.4,3468,-0.22,0.37,7.03,12.23,0.235,0,nan,nan,4.4750000000000005,True,False,True,True,clean,
1366,260408_122953360.jpg,25,303059.226506,7.3,2.11,490.5,5367,-0.56,0.66,7.99,11.24,0.176,0,nan,nan,4.4750000000000005,True,False,True,True,clean,
1367,260408_122954047.jpg,25,303059.913707,7.18,4.62,445.5,7797,-0.79,-0.32,7.79,11.18,0.269,0,nan,nan,4.2250000000000005,True,False,True,True,clean,
1368,260408_122954745.jpg,25,303060.611608,6.94,2.41,405.6,9482,-0.3,-5.07,9.75,11.5,0.206,0,nan,nan,3.9250000000000003,True,False,True,True,clean,
1369,260408_122955508.jpg,25,303061.375309,6.29,0.7,477.4,13288,-0.21,0.08,7.5,11.89,0.263,0,nan,nan,4.2250000000000005,True,False,True,True,clean,
1370,260408_122956437.jpg,25,303062.30431,5.3,0.52,589.6,15032,0.05,1.07,7.41,9.45,0.299,0,nan,nan,4.175,True,False,True,True,clean,
1371,260408_122957489.jpg,25,303063.356112,4.7,0.53,472.1,8775,0.2,2.29,8.55,10.92,0.209,0,nan,nan,3.875,True,False,True,True,clean,
1372,260408_122958578.jpg,25,303064.445013,4.34,2.3,510.1,5351,0.61,-0.09,8.05,12.92,0.178,0,nan,nan,4.275,True,False,True,True,clean,
1373,260408_122959966.jpg,25,303065.834015,3.31,6.54,569.2,4137,1.72,1.33,9.14,10.63,0.186,0,nan,nan,5.375,True,False,False,True,usable,turning
1374,260408_123002658.jpg,25,303068.526418,2.26,16.38,591.9,3096,3.71,1.8,11.14,12.55,0.126,0,nan,nan,6.2250000000000005,True,False,False,True,usable,slow+turning
1375,260408_123004452.jpg,25,303070.31982,3.63,22.73,587.8,2594,-0.6,-5.72,8.48,13.46,0.138,0,nan,nan,5.2250000000000005,True,False,False,True,usable,turning
1376,260408_123005752.jpg,25,303071.620022,5.57,8.25,589.1,3231,0.18,-0.11,8.07,11.46,0.184,0,nan,nan,4.125,True,False,False,True,usable,turning
1377,260408_123006736.jpg,25,303072.604523,6.86,0.51,581.9,3947,-0.62,-0.58,8.86,11.07,0.225,0,nan,nan,4.175,True,False,True,True,clean,
1378,260408_123007539.jpg,25,303073.407524,7.57,0.6,725.1,4622,-1.76,-2.37,8.84,10.25,0.226,0,nan,nan,3.825,True,False,True,True,clean,
1379,260408_123008217.jpg,25,303074.085917,7.71,0.43,1002.5,7624,3.77,0.3,7.81,8.45,0.252,0,nan,nan,3.7750000000000004,True,False,True,True,clean,
1380,260408_123008872.jpg,25,303074.740618,7.62,0.14,620.6,11997,-0.78,-0.5,7.4,7.35,0.319,0,nan,nan,3.825,True,False,True,True,clean,
1381,260408_123009537.jpg,25,303075.406118,7.52,0.12,695.0,14583,-0.42,-2.45,9.59,9.02,0.268,0,nan,nan,5.425000000000001,True,False,True,True,clean,
1382,260408_123010202.jpg,25,303076.071619,7.4,0.32,1158.1,11039,0.24,-3.37,11.34,12.01,0.13,0,nan,nan,4.925000000000001,True,False,True,True,clean,
1383,260408_123010889.jpg,25,303076.75802,7.27,0.02,537.3,8237,1.44,0.25,10.1,9.82,0.193,0,nan,nan,4.275,True,False,True,True,clean,
1384,260408_123011586.jpg,25,303077.455621,6.94,0.25,407.1,8550,-0.11,0.67,8.65,10.68,0.235,0,nan,nan,3.825,True,False,True,True,clean,
1385,260408_123012375.jpg,25,303078.244022,5.89,3.87,391.4,6625,-0.97,-0.5,7.65,10.35,0.249,0,nan,nan,5.025,True,False,True,True,clean,
1386,260408_123013689.jpg,25,303079.559124,3.88,12.95,389.9,3848,0.32,0.43,9.32,12.89,0.149,0,nan,nan,5.775,True,False,False,True,usable,turning
1387,260408_123015280.jpg,25,303081.150226,2.91,20.08,491.1,4061,-0.08,0.2,7.16,6.89,0.264,0,nan,nan,5.325,True,False,False,True,usable,slow+turning
1388,260408_123017181.jpg,25,303083.051511,2.77,12.15,660.5,3141,-0.36,1.31,7.36,8.96,0.299,0,nan,nan,6.025,True,False,False,True,usable,slow+turning
1389,260408_123019004.jpg,25,303084.875005,2.71,0.79,829.8,2074,2.52,-0.81,8.65,11.89,0.155,0,nan,nan,5.925000000000001,True,False,False,True,usable,slow
1390,260408_123020830.jpg,25,303086.700831,2.7,3.23,1078.7,2379,-0.05,-2.5,6.82,11.3,0.238,0,nan,nan,6.7250000000000005,True,False,False,True,usable,slow
1391,260408_123022860.jpg,25,303088.731234,2.36,3.73,1660.9,2567,0.29,-2.12,8.29,8.97,0.233,0,nan,nan,8.925,True,False,False,True,usable,slow
1392,260408_123025445.jpg,25,303091.316237,2.01,2.6,891.1,1381,-0.24,-3.93,8.15,16.7,0.106,0,nan,nan,8.975,False,False,False,True,reject,geometry+slow
1393,260408_123114863.jpg,26,303140.741835,2.08,0.99,742.8,1592,0.37,-1.92,8.39,14.67,0.165,0,nan,nan,6.375,True,False,False,True,usable,slow
1394,260408_123116888.jpg,26,303142.767837,2.26,2.0,637.8,1224,-0.32,-0.8,7.47,11.2,0.166,2616,0.07,12.59,5.2250000000000005,True,True,False,True,usable,pass_conflict+slow
1395,260408_123119092.jpg,26,303144.972239,2.21,6.97,711.4,1369,0.44,0.13,9.08,12.28,0.212,4883,-0.53,-5.16,6.775,True,False,False,True,usable,slow+turning
1396,260408_123121559.jpg,26,303147.439743,1.73,16.06,786.6,813,-4.01,1.1,12.92,12.21,0.112,4663,0.9,5.62,11.725000000000001,True,False,False,True,usable,slow+turning
1397,260408_123123999.jpg,26,303149.880146,1.78,23.23,1697.4,775,-5.89,-0.97,13.45,7.77,0.135,3560,-2.39,-11.66,8.675,True,True,False,True,usable,pass_conflict+slow+turning
1398,260408_123159338.jpg,27,303185.224427,2.53,3.75,267.5,3764,-0.33,1.56,6.85,12.09,0.178,3973,0.39,0.48,8.125,True,False,False,True,usable,slow
1399,260408_123201018.jpg,27,303186.904129,3.11,4.08,292.9,4636,-0.17,0.75,9.02,10.46,0.181,6130,-0.41,3.09,6.525,True,False,True,True,clean,
1400,260408_123202376.jpg,27,303188.26253,3.74,4.25,293.5,4927,0.58,-0.81,7.0,15.33,0.178,6119,-0.18,0.56,4.875,True,False,True,True,clean,
1401,260408_123203667.jpg,27,303189.553532,3.82,3.28,346.0,5008,0.55,-0.03,11.79,11.85,0.149,4249,-0.54,-2.08,4.4750000000000005,True,False,True,True,clean,
1402,260408_123205031.jpg,27,303190.918134,3.31,6.75,412.9,4546,0.3,-3.06,7.96,12.04,0.181,2136,0.16,0.57,4.525,True,False,False,True,usable,turning
1403,260408_123207561.jpg,27,303193.448251,1.88,20.87,534.8,5837,-0.23,-5.25,8.83,13.71,0.121,996,0.23,1.54,8.575000000000001,True,False,False,True,usable,slow+turning
1404,260408_123209843.jpg,27,303195.730873,2.07,29.42,540.3,9566,-0.43,-0.15,8.66,8.31,0.253,0,nan,nan,10.925,True,False,False,True,usable,slow+turning
1405,260408_123211456.jpg,27,303197.344475,3.16,15.26,421.2,8997,-1.47,-0.97,10.73,12.22,0.146,0,nan,nan,5.575,True,False,False,True,usable,turning
1406,260408_123212719.jpg,27,303198.607777,3.97,2.0,348.7,11640,0.07,-0.53,5.53,12.06,0.246,0,nan,nan,5.2250000000000005,True,False,True,True,clean,
1407,260408_123213851.jpg,27,303199.739278,4.32,2.12,295.1,19429,0.12,-0.16,7.58,9.55,0.313,0,nan,nan,4.825,True,False,True,True,clean,
1408,260408_123215001.jpg,27,303200.890079,4.23,0.2,304.0,21884,-0.17,-1.25,4.12,8.53,0.369,0,nan,nan,5.025,True,False,True,True,clean,
1409,260408_123216281.jpg,27,303202.169981,3.94,1.02,369.1,12816,-0.45,-1.86,9.17,9.4,0.19,0,nan,nan,4.825,True,False,True,True,clean,
1410,260408_123217583.jpg,27,303203.471783,3.75,0.5,418.4,14341,1.29,-0.53,9.85,8.6,0.217,0,nan,nan,5.275,True,False,True,True,clean,
1411,260408_123218949.jpg,27,303204.838312,3.57,5.38,366.1,8034,0.04,-4.33,9.39,11.38,0.11,0,nan,nan,5.675000000000001,True,False,False,True,usable,turning
1412,260408_123220484.jpg,27,303206.373214,3.02,17.39,528.2,12572,0.63,-1.67,6.37,10.53,0.291,0,nan,nan,5.425000000000001,True,False,False,True,usable,turning
1413,260408_123222365.jpg,27,303208.255216,2.53,19.7,888.1,8144,1.4,-4.53,7.12,12.01,0.173,0,nan,nan,5.025,True,False,False,True,usable,slow+turning
1414,260408_123224487.jpg,27,303210.377319,2.58,8.34,629.2,5876,0.13,0.5,8.7,9.89,0.244,0,nan,nan,4.925000000000001,True,False,False,True,usable,slow+turning
1415,260408_123226300.jpg,27,303212.190821,2.8,0.58,452.9,8240,-0.2,-6.64,5.34,14.89,0.305,0,nan,nan,4.575,False,False,False,True,reject,geometry+slow
1416,260408_123227909.jpg,27,303213.799882,3.12,2.29,474.7,8499,-0.38,-5.71,4.25,16.0,0.263,0,nan,nan,5.275,True,False,True,True,clean,
1417,260408_123229374.jpg,27,303215.264884,3.6,0.03,579.9,6379,-0.06,-0.85,6.58,14.22,0.207,0,nan,nan,6.925000000000001,True,False,True,True,clean,
1418,260408_123230601.jpg,27,303216.492085,3.95,1.71,757.0,7400,-0.06,0.86,7.0,9.58,0.257,0,nan,nan,7.2250000000000005,True,False,True,True,clean,
1419,260408_123231890.jpg,27,303217.781887,3.92,0.15,548.2,4906,-0.74,-0.99,6.55,10.58,0.306,0,nan,nan,8.625,True,False,True,True,clean,
1420,260408_123233145.jpg,27,303219.036588,4.16,0.02,549.4,4736,-0.71,0.48,8.19,8.32,0.275,0,nan,nan,5.925000000000001,True,False,True,True,clean,
1421,260408_123234204.jpg,27,303220.09539,4.59,0.65,633.8,5460,0.0,0.7,10.28,9.32,0.206,0,nan,nan,5.375,True,False,True,True,clean,
1422,260408_123235263.jpg,27,303221.155391,4.7,0.81,617.9,4437,-0.44,-0.13,8.46,10.1,0.231,0,nan,nan,5.425000000000001,True,False,True,True,clean,
1423,260408_123236316.jpg,27,303222.207792,4.51,1.33,486.7,3669,0.61,2.54,8.96,11.17,0.176,0,nan,nan,5.2250000000000005,True,False,True,True,clean,
1424,260408_123237599.jpg,27,303223.491694,3.85,1.02,419.5,5291,0.43,0.02,7.4,11.98,0.263,0,nan,nan,7.025,True,False,True,True,clean,
1425,260408_123239104.jpg,27,303224.996196,3.49,0.91,572.7,6489,0.58,0.31,10.14,9.39,0.184,0,nan,nan,6.175000000000001,True,False,True,True,clean,
1426,260408_123240432.jpg,27,303226.324297,3.75,5.45,877.1,5144,-0.73,-0.03,11.32,14.17,0.094,0,nan,nan,6.675000000000001,True,False,False,True,usable,turning
1427,260408_123241762.jpg,27,303227.655199,3.67,11.39,631.3,8055,-0.01,-0.99,10.33,12.45,0.137,0,nan,nan,6.825,True,False,False,True,usable,turning
1428,260408_123243298.jpg,27,303229.190901,3.41,18.46,486.8,10299,0.43,-0.91,8.64,11.07,0.194,0,nan,nan,10.175,True,False,False,True,usable,turning
1429,260408_123244626.jpg,27,303230.519631,3.93,23.23,325.5,12460,-1.99,-3.98,7.87,11.94,0.211,0,nan,nan,5.325,True,False,False,True,usable,turning
1430,260408_123245689.jpg,27,303231.582232,4.87,17.0,322.3,10675,-0.13,0.65,8.45,9.68,0.2,0,nan,nan,5.4750000000000005,True,False,False,True,usable,turning
1431,260408_123246592.jpg,27,303232.485433,5.71,5.61,322.7,9295,-0.03,0.74,6.9,13.2,0.13,0,nan,nan,5.525,True,False,False,True,usable,turning
1432,260408_123247393.jpg,27,303233.287034,6.32,1.48,347.2,10811,-0.74,-0.5,9.63,13.22,0.165,3570,-0.51,-0.6,6.025,True,False,True,True,clean,
1433,260408_123248143.jpg,27,303234.037335,6.79,3.26,365.8,7452,-0.06,-1.34,8.6,11.77,0.152,1452,-0.59,-0.87,6.875,True,False,True,True,clean,
1434,260408_123248855.jpg,27,303234.748936,7.16,1.5,411.6,7829,0.42,-0.94,10.27,10.59,0.238,2105,0.52,3.59,5.325,True,False,True,True,clean,
1435,260408_123249544.jpg,27,303235.437837,7.44,0.27,442.6,8302,-1.62,0.65,8.02,12.29,0.276,1711,-0.46,-1.91,6.025,True,False,True,True,clean,
1436,260408_123250197.jpg,27,303236.090838,7.56,0.36,462.5,4444,4.55,-0.95,11.74,12.49,0.151,3831,-0.56,-0.15,5.325,True,False,True,True,clean,
1437,260408_123250860.jpg,27,303236.754639,7.52,1.04,456.2,2869,0.06,-0.89,9.25,11.41,0.184,4352,-0.99,-0.75,4.425,True,False,True,True,clean,
1438,260408_123251524.jpg,27,303237.418439,7.37,1.26,401.4,3733,-0.25,-0.28,8.05,10.94,0.22,6359,-0.02,-3.96,4.825,True,False,True,True,clean,
1439,260408_123252221.jpg,27,303238.11574,6.87,2.31,415.3,4700,-0.39,0.25,8.11,10.89,0.216,7046,-0.43,-0.39,3.725,True,False,True,True,clean,
1440,260408_123253045.jpg,27,303238.939841,5.67,3.4,468.3,4862,-0.02,-4.5,8.83,13.26,0.187,8463,0.15,0.22,4.2250000000000005,True,False,True,True,clean,
1441,260408_123254208.jpg,27,303240.102743,4.18,0.76,449.0,6094,0.23,-0.85,9.45,10.5,0.25,10048,-0.13,0.66,7.825,True,False,True,True,clean,
1442,260408_123255694.jpg,27,303241.588845,3.58,1.43,506.0,5092,0.82,-1.25,8.85,11.2,0.25,11726,-0.19,-0.82,5.425000000000001,True,False,True,True,clean,
1443,260408_123325924.jpg,28,303271.823585,0.72,5.31,525.1,3687,-0.77,-0.24,11.57,14.36,0.123,3021,0.83,0.85,8.125,True,False,False,True,usable,slow+turning
1444,260408_123330905.jpg,28,303276.806091,1.31,2.78,460.6,3497,-0.44,0.67,11.94,13.01,0.136,4248,-0.21,1.11,5.375,True,False,False,True,usable,slow
1445,260408_123333681.jpg,28,303279.581995,1.54,9.36,432.6,3682,-0.16,-0.78,8.36,10.82,0.191,3808,0.8,-0.14,6.025,True,False,False,True,usable,slow+turning
1446,260408_123336575.jpg,28,303282.476251,1.53,19.12,432.4,5163,0.25,-0.03,7.45,12.52,0.154,1767,-0.38,-2.49,10.525,True,False,False,True,usable,slow+turning
1447,260408_123339104.jpg,28,303285.00572,1.87,21.56,394.7,7814,-0.1,-0.28,8.9,13.26,0.157,1157,0.82,1.98,4.675,True,False,False,True,usable,slow+turning
1448,260408_123341315.jpg,28,303287.217222,2.42,12.85,385.0,9991,-0.14,0.05,8.52,10.58,0.231,414,-0.42,2.71,9.125,True,False,False,True,usable,slow+turning
1449,260408_123343223.jpg,28,303289.126145,3.07,3.24,420.9,9692,0.14,0.3,10.11,10.21,0.204,0,nan,nan,10.175,True,False,True,True,clean,
1450,260408_123344819.jpg,28,303290.722247,3.63,5.08,484.0,13296,-0.92,-0.39,7.54,9.96,0.298,0,nan,nan,4.825,True,False,False,True,usable,turning
1451,260408_123346112.jpg,28,303292.014849,3.65,3.96,590.1,12618,-0.22,-0.66,10.38,9.87,0.222,0,nan,nan,5.4750000000000005,True,False,True,True,clean,
1452,260408_123347653.jpg,28,303293.556551,3.46,1.03,645.9,8853,-0.16,-6.45,8.95,8.62,0.211,0,nan,nan,6.2250000000000005,False,False,True,True,reject,geometry
1453,260408_123410434.jpg,29,303316.34055,6.26,0.19,253.7,2488,-0.08,0.34,8.28,10.99,0.23,0,nan,nan,3.4250000000000003,True,False,True,True,clean,
1454,260408_123411296.jpg,29,303317.202652,5.46,1.59,251.2,1951,0.44,3.67,7.04,16.28,0.132,0,nan,nan,3.6750000000000003,False,False,True,True,reject,geometry
1455,260408_123412455.jpg,29,303318.362453,3.75,9.74,269.6,2121,-0.26,-0.35,6.35,10.41,0.247,0,nan,nan,4.275,True,False,False,True,usable,turning
1456,260408_123414326.jpg,29,303320.233955,2.58,18.07,293.1,4093,-0.71,0.5,4.89,4.2,0.44,0,nan,nan,6.275,True,False,False,True,usable,slow+turning
1457,260408_123416237.jpg,29,303322.145088,2.9,16.94,359.1,1324,-0.38,-4.59,6.71,12.01,0.16,0,nan,nan,7.125,True,False,False,True,usable,slow+turning
1458,260408_123417631.jpg,29,303323.53859,3.7,8.66,515.5,1823,-0.17,-8.71,1.52,6.85,0.406,0,nan,nan,5.9750000000000005,False,False,False,True,reject,geometry+turning
1459,260408_123418778.jpg,29,303324.685791,4.05,5.65,523.0,1919,0.13,-7.27,4.34,13.51,0.17,0,nan,nan,5.825,False,False,False,True,reject,geometry+turning
1460,260408_123420035.jpg,29,303325.943193,3.85,5.09,414.3,780,-0.54,1.16,10.93,8.94,0.076,0,nan,nan,5.875,False,False,False,True,reject,geometry+turning
1461,260408_123421551.jpg,29,303327.459418,3.48,4.58,338.6,1229,-0.16,1.51,7.83,8.48,0.184,0,nan,nan,5.875,True,False,True,True,clean,
1462,260408_123423080.jpg,29,303328.98882,3.32,0.99,303.6,4105,-0.29,1.02,5.88,7.67,0.354,0,nan,nan,5.4750000000000005,True,False,True,True,clean,
1463,260408_123424486.jpg,29,303330.395422,3.59,1.38,320.6,6638,-1.54,1.77,10.03,12.42,0.226,0,nan,nan,6.575,True,False,True,True,clean,
1464,260408_123425750.jpg,29,303331.659033,3.99,0.17,366.3,7771,-1.08,1.04,9.23,10.54,0.259,0,nan,nan,6.325,True,False,True,True,clean,
1465,260408_123426921.jpg,29,303332.831034,4.18,0.56,445.4,6396,0.64,0.46,8.46,13.5,0.167,0,nan,nan,5.9750000000000005,True,False,True,True,clean,
1466,260408_123428140.jpg,29,303334.049636,3.97,2.73,510.2,5688,0.76,3.88,7.51,12.24,0.165,0,nan,nan,5.7250000000000005,True,False,True,True,clean,
1467,260408_123429671.jpg,29,303335.581438,3.11,15.75,625.3,3967,0.24,-1.05,8.09,12.7,0.171,0,nan,nan,5.625,True,False,False,True,usable,turning
1468,260408_123431603.jpg,29,303337.51374,2.05,15.72,752.6,1237,-0.25,-0.43,9.81,14.73,0.067,0,nan,nan,7.825,False,False,False,True,reject,geometry+slow+turning
1469,260408_123436495.jpg,29,303342.406546,1.56,10.47,772.8,2517,0.55,-0.89,7.3,11.4,0.221,0,nan,nan,7.675000000000001,True,False,False,True,usable,slow+turning
1470,260408_123438819.jpg,29,303344.730449,2.25,9.26,789.6,2890,0.27,-0.59,7.89,8.68,0.194,0,nan,nan,6.075,True,False,False,True,usable,slow+turning
1471,260408_123440647.jpg,29,303346.558651,2.66,11.39,685.1,4621,-9.03,-5.57,8.04,9.51,0.179,0,nan,nan,5.775,False,False,False,True,reject,geometry+slow+turning
1472,260408_123442545.jpg,29,303348.457158,2.83,10.69,562.4,7179,-0.85,0.7,7.41,10.8,0.243,0,nan,nan,5.375,True,False,False,True,usable,slow+turning
1473,260408_123444211.jpg,29,303350.12376,3.01,9.52,461.8,5429,-0.75,1.86,7.24,11.8,0.187,0,nan,nan,5.825,True,False,False,True,usable,turning
1474,260408_123445714.jpg,29,303351.626262,3.15,10.02,382.0,5129,0.12,-3.94,9.94,12.12,0.116,0,nan,nan,6.425000000000001,True,False,False,True,usable,turning
1475,260408_123447248.jpg,29,303353.160763,3.09,9.88,345.5,4751,0.45,-0.31,8.33,9.09,0.165,0,nan,nan,6.4750000000000005,True,False,False,True,usable,turning
1476,260408_123448931.jpg,29,303354.844375,3.12,0.63,326.8,4638,-0.3,-0.48,9.77,13.45,0.142,0,nan,nan,6.275,True,False,True,True,clean,
1477,260408_123450460.jpg,29,303356.373377,3.23,11.92,326.5,3494,0.22,-0.26,6.68,9.84,0.304,0,nan,nan,4.775,True,False,False,True,usable,turning
1478,260408_123451967.jpg,29,303357.880779,3.57,10.73,346.5,2256,-0.3,-0.39,9.78,11.89,0.219,0,nan,nan,5.4750000000000005,True,False,False,True,usable,turning
1479,260408_123453260.jpg,29,303359.17398,3.73,0.81,418.8,2627,-0.45,3.17,7.13,8.44,0.178,0,nan,nan,5.825,True,False,True,True,clean,
1480,260408_123454630.jpg,29,303360.543982,3.55,3.3,479.1,2375,0.05,-0.4,6.68,6.02,0.3,0,nan,nan,5.175000000000001,True,False,True,True,clean,
1481,260408_123456183.jpg,29,303362.097184,2.86,5.49,469.2,3397,0.12,-0.09,3.71,4.38,0.372,0,nan,nan,7.125,True,False,False,True,usable,slow+turning
1482,260408_123500188.jpg,29,303366.10317,2.89,15.7,295.3,3957,6.82,-10.55,8.03,10.31,0.076,0,nan,nan,6.775,False,False,False,True,reject,geometry+slow+turning
1483,260408_123501887.jpg,29,303367.801868,4.94,20.92,389.4,1133,-0.41,0.43,8.74,11.07,0.115,0,nan,nan,3.825,True,False,False,True,usable,turning
1484,260408_123502939.jpg,29,303368.853769,6.51,3.17,459.4,1019,-0.62,-0.98,11.03,11.86,0.131,0,nan,nan,3.575,True,False,True,True,clean,
1485,260408_123503741.jpg,29,303369.65627,7.58,2.42,502.8,846,1.33,-2.61,7.81,12.2,0.201,0,nan,nan,3.6750000000000003,True,False,True,True,clean,
1486,260408_123504394.jpg,29,303370.309471,8.39,0.56,483.5,515,-0.72,0.12,6.92,11.44,0.143,0,nan,nan,3.7750000000000004,True,False,True,True,clean,
1487,260408_123504956.jpg,29,303370.871591,8.91,1.13,401.8,899,0.36,2.17,6.81,12.31,0.179,0,nan,nan,3.7750000000000004,True,False,True,True,clean,
1488,260408_123505506.jpg,29,303371.421191,9.2,0.99,377.3,1158,-0.68,-1.19,5.89,10.13,0.158,0,nan,nan,3.375,True,False,True,True,clean,
1489,260408_123506045.jpg,29,303371.960392,9.41,0.12,419.4,1721,0.43,1.68,6.15,10.9,0.307,0,nan,nan,3.375,True,False,True,True,clean,
1490,260408_123506572.jpg,29,303372.488193,9.6,0.27,360.5,1432,0.07,0.31,6.15,9.23,0.269,0,nan,nan,3.4250000000000003,True,False,True,True,clean,
1491,260408_123507089.jpg,29,303373.005093,9.77,0.71,282.7,1332,0.07,0.06,6.5,11.86,0.226,0,nan,nan,3.4250000000000003,True,False,True,True,clean,
1492,260408_123507595.jpg,29,303373.511394,9.92,0.64,260.5,1249,0.09,-0.54,7.72,9.99,0.238,0,nan,nan,3.1750000000000003,True,False,True,True,clean,
1493,260408_123508102.jpg,29,303374.017695,10.05,0.54,239.6,1142,-0.78,1.15,5.7,10.82,0.308,0,nan,nan,3.1750000000000003,True,False,True,True,clean,
1494,260408_123508598.jpg,29,303374.513895,10.18,0.01,221.3,1034,0.48,0.66,5.78,9.83,0.318,0,nan,nan,3.1750000000000003,True,False,True,True,clean,
1495,260408_123509084.jpg,29,303374.999796,10.32,0.45,203.0,492,0.17,0.77,6.28,9.47,0.277,0,nan,nan,3.2750000000000004,True,False,True,True,clean,
1496,260408_123509569.jpg,29,303375.485696,10.44,0.02,217.2,426,-0.09,0.31,5.11,8.36,0.377,0,nan,nan,3.375,True,False,True,True,clean,
1497,260408_123510045.jpg,29,303375.961197,10.55,0.44,239.9,477,0.5,0.59,5.65,7.71,0.354,0,nan,nan,3.4250000000000003,True,False,True,True,clean,
1498,260408_123510520.jpg,29,303376.436698,10.68,0.49,248.6,291,0.15,-5.92,4.93,10.02,0.298,0,nan,nan,3.1750000000000003,False,False,True,True,unverified,few_edges
1499,260408_123510985.jpg,29,303376.901098,10.78,0.07,251.1,301,0.89,-3.94,7.49,11.97,0.256,0,nan,nan,3.125,True,False,True,True,clean,
1500,260408_123511449.jpg,29,303377.365499,10.87,0.36,218.8,133,-8.1,-0.02,8.8,8.59,0.219,0,nan,nan,3.1750000000000003,False,False,True,True,unverified,few_edges
1501,260408_123511913.jpg,29,303377.829899,10.97,0.11,192.1,237,2.08,3.47,10.54,13.52,0.095,0,nan,nan,3.075,False,False,True,True,unverified,few_edges
1502,260408_123512367.jpg,29,303378.284,11.04,0.26,175.5,338,0.65,1.74,9.28,10.95,0.172,0,nan,nan,3.875,True,False,True,True,clean,
