frame,filename,pass_id,t,speed,yaw_rate,sharpness,n_edge,du,dv,du_mad,dv_mad,inlier8,n_edge_other,du_other,dv_other,de_nt,geometry_ok,pass_conflict,motion_ok,sharp_ok,cls,reasons
0,260408_114933276.jpg,0,300638.761728,9.35,0.19,271.8,7,nan,nan,nan,nan,nan,0,nan,nan,3.1750000000000003,False,False,True,True,unverified,few_edges
1,260408_114933809.jpg,0,300639.294828,9.05,0.35,268.4,11,nan,nan,nan,nan,nan,0,nan,nan,3.1750000000000003,False,False,True,True,unverified,few_edges
2,260408_114934387.jpg,0,300639.873329,8.52,0.5,267.1,6,nan,nan,nan,nan,nan,0,nan,nan,3.1750000000000003,False,False,True,True,unverified,few_edges
3,260408_114934987.jpg,0,300640.47323,8.16,0.34,262.5,287,0.49,0.15,3.64,3.14,0.833,0,nan,nan,3.225,False,False,True,True,unverified,few_edges
4,260408_114935610.jpg,0,300641.096331,7.9,0.17,255.8,279,-0.42,1.12,7.37,6.04,0.506,0,nan,nan,3.375,False,False,True,True,unverified,few_edges
5,260408_114936244.jpg,0,300641.730931,7.78,0.26,254.8,629,-0.25,0.94,9.46,5.57,0.484,0,nan,nan,3.475,True,False,True,True,clean,
6,260408_114936879.jpg,0,300642.365532,7.77,0.96,251.6,436,-0.18,3.35,10.74,8.96,0.284,0,nan,nan,3.475,True,False,True,True,clean,
7,260408_114937513.jpg,0,300643.000133,7.79,0.77,249.1,346,0.07,10.36,6.03,13.48,0.147,0,nan,nan,3.6750000000000003,False,False,True,True,reject,geometry
8,260408_114938148.jpg,0,300643.634734,7.81,0.38,249.2,377,10.06,35.22,3.55,0.24,0.008,0,nan,nan,3.875,False,False,True,True,reject,geometry
9,260408_114938782.jpg,0,300644.269335,7.82,0.44,262.9,573,-19.49,-28.19,4.43,0.52,0.069,0,nan,nan,4.025,False,False,True,True,reject,geometry
10,260408_114939417.jpg,0,300644.903935,7.84,0.39,306.7,432,-0.0,-6.57,6.43,11.62,0.31,0,nan,nan,4.2250000000000005,False,False,True,True,reject,geometry
11,260408_114940051.jpg,0,300645.538536,7.86,0.08,416.3,491,4.11,-0.06,1.86,4.61,0.601,0,nan,nan,4.775,True,False,True,True,clean,
12,260408_114940686.jpg,0,300646.173137,8.48,0.59,412.3,518,3.62,0.6,3.37,2.84,0.787,0,nan,nan,4.875,True,False,True,True,clean,
13,260408_114941320.jpg,0,300646.807738,7.86,0.19,393.3,645,-0.35,0.38,3.65,4.21,0.688,0,nan,nan,4.925000000000001,True,False,True,True,clean,
14,260408_114941955.jpg,0,300647.442338,7.25,0.78,328.7,285,0.56,0.19,5.44,5.47,0.609,0,nan,nan,3.875,False,False,True,True,unverified,few_edges
15,260408_114942589.jpg,0,300648.076939,7.86,0.56,283.7,455,-2.25,-0.17,6.07,4.31,0.457,0,nan,nan,3.9250000000000003,True,False,True,True,clean,
16,260408_114943224.jpg,0,300648.71154,7.86,0.33,282.4,857,0.08,0.56,4.59,6.31,0.551,0,nan,nan,3.825,True,False,True,True,clean,
17,260408_114943858.jpg,0,300649.346141,7.86,0.21,385.1,1286,0.1,0.54,7.71,10.91,0.287,0,nan,nan,4.075,True,False,True,True,clean,
18,260408_114944493.jpg,0,300649.980742,7.68,0.0,409.2,1105,-0.48,0.79,7.87,14.61,0.196,0,nan,nan,4.575,True,False,True,True,clean,
19,260408_114945127.jpg,0,300650.615342,7.84,0.01,349.7,1870,-0.51,1.85,7.03,7.66,0.441,0,nan,nan,4.425,True,False,True,True,clean,
20,260408_114945762.jpg,0,300651.249943,7.99,0.11,349.4,1550,-0.47,0.57,5.51,7.35,0.427,0,nan,nan,4.125,True,False,True,True,clean,
21,260408_114946396.jpg,0,300651.884544,7.81,0.13,370.2,1701,0.25,0.47,6.56,8.58,0.428,0,nan,nan,3.825,True,False,True,True,clean,
22,260408_114947031.jpg,0,300652.519145,7.88,0.02,389.4,1599,0.29,0.83,7.67,9.17,0.32,0,nan,nan,3.9250000000000003,True,False,True,True,clean,
23,260408_114947665.jpg,0,300653.153745,7.78,0.23,422.3,2106,0.54,0.69,6.9,8.1,0.366,0,nan,nan,5.025,True,False,True,True,clean,
24,260408_114948300.jpg,0,300653.788346,7.68,0.0,523.1,2024,0.04,2.33,5.97,9.13,0.446,0,nan,nan,4.525,True,False,True,True,clean,
25,260408_114948934.jpg,0,300654.422947,7.75,0.1,608.3,2421,-0.65,-4.08,9.56,9.65,0.279,0,nan,nan,5.4750000000000005,True,False,True,True,clean,
26,260408_114949580.jpg,0,300655.068648,7.83,0.22,564.5,1731,-0.12,-3.84,9.09,8.33,0.264,0,nan,nan,5.175000000000001,True,False,True,True,clean,
27,260408_114950226.jpg,0,300655.714349,7.73,0.31,489.1,1752,0.01,-0.51,6.5,9.49,0.32,0,nan,nan,4.825,True,False,True,True,clean,
28,260408_114950871.jpg,0,300656.360049,7.65,0.09,446.3,1891,-0.08,0.39,8.31,10.51,0.308,0,nan,nan,4.025,True,False,True,True,clean,
29,260408_114951518.jpg,0,300657.00715,7.83,0.62,474.6,2505,0.34,0.55,6.64,11.35,0.262,0,nan,nan,4.125,True,False,True,True,clean,
30,260408_114952165.jpg,0,300657.654251,7.68,0.04,451.9,4022,-0.52,-0.59,6.54,11.66,0.319,0,nan,nan,4.525,True,False,True,True,clean,
31,260408_114952812.jpg,0,300658.301352,7.52,0.7,426.9,5066,0.18,-1.19,7.39,11.55,0.287,0,nan,nan,4.425,True,False,True,True,clean,
32,260408_114953459.jpg,0,300658.948453,7.67,0.14,431.7,5512,-0.1,-0.23,8.03,8.98,0.336,0,nan,nan,4.625,True,False,True,True,clean,
33,260408_114954106.jpg,0,300659.595553,7.73,0.21,428.7,7447,0.11,0.26,5.84,7.36,0.407,0,nan,nan,4.325,True,False,True,True,clean,
34,260408_114954753.jpg,0,300660.242654,7.76,0.12,415.4,5845,-0.04,-0.03,7.24,8.39,0.341,0,nan,nan,3.875,True,False,True,True,clean,
35,260408_114955400.jpg,0,300660.889755,7.72,0.36,402.2,6470,0.12,0.35,7.07,8.56,0.359,0,nan,nan,4.175,True,False,True,True,clean,
36,260408_114956047.jpg,0,300661.536856,7.81,0.45,411.8,5140,0.14,-0.03,6.83,9.31,0.353,0,nan,nan,4.325,True,False,True,True,clean,
37,260408_114956694.jpg,0,300662.183957,7.89,1.2,430.9,6344,-0.11,-0.67,7.78,9.65,0.337,0,nan,nan,4.2250000000000005,True,False,True,True,clean,
38,260408_114957341.jpg,0,300662.831057,7.8,2.47,467.3,5187,0.9,-0.21,8.63,9.81,0.316,0,nan,nan,4.175,True,False,True,True,clean,
39,260408_114957988.jpg,0,300663.478158,7.57,1.71,504.2,5077,-0.2,-0.11,9.81,10.23,0.289,0,nan,nan,4.775,True,False,True,True,clean,
40,260408_114958635.jpg,0,300664.125259,7.73,0.06,645.0,3607,-2.23,-0.31,9.51,11.0,0.242,0,nan,nan,5.525,True,False,True,True,clean,
41,260408_114959282.jpg,0,300664.77236,8.35,1.38,807.3,1816,-1.13,0.41,6.8,12.64,0.15,0,nan,nan,4.325,True,False,True,True,clean,
42,260408_114959929.jpg,0,300665.419461,7.69,3.52,915.5,3954,-0.67,0.07,8.02,7.41,0.266,0,nan,nan,5.7250000000000005,True,False,True,True,clean,
43,260408_115000576.jpg,0,300666.066561,7.25,5.95,646.6,4333,-0.75,0.62,7.42,10.87,0.244,0,nan,nan,4.925000000000001,True,False,False,True,usable,turning
44,260408_115001223.jpg,0,300666.713662,7.6,4.66,543.6,5520,-0.18,-0.01,7.22,9.03,0.331,0,nan,nan,4.4750000000000005,True,False,True,True,clean,
45,260408_115001870.jpg,0,300667.360763,7.69,0.42,496.2,6042,0.1,0.04,6.68,8.82,0.354,0,nan,nan,4.325,True,False,True,True,clean,
46,260408_115002517.jpg,0,300668.007864,7.77,1.94,449.0,6686,0.18,-0.16,7.24,8.83,0.374,0,nan,nan,4.175,True,False,True,True,clean,
47,260408_115003164.jpg,0,300668.654965,7.62,2.76,411.4,7217,-0.23,0.13,6.81,7.53,0.368,0,nan,nan,3.4250000000000003,True,False,True,True,clean,
48,260408_115003811.jpg,0,300669.302065,7.74,1.89,386.6,7716,0.17,0.23,8.22,7.89,0.364,0,nan,nan,3.0250000000000004,True,False,True,True,clean,
49,260408_115004458.jpg,0,300669.949166,7.9,1.15,396.1,8348,0.31,0.14,7.78,8.38,0.381,0,nan,nan,2.325,True,False,True,True,clean,
50,260408_115005105.jpg,0,300670.596267,7.73,1.03,360.1,7920,0.11,0.31,7.74,9.59,0.331,0,nan,nan,2.725,True,False,True,True,clean,
51,260408_115005752.jpg,0,300671.243368,7.63,0.78,355.2,10360,-0.06,0.3,8.07,9.92,0.312,0,nan,nan,2.975,True,False,True,True,clean,
52,260408_115006399.jpg,0,300671.890469,7.79,0.74,330.0,8880,-0.09,0.3,8.14,9.45,0.312,0,nan,nan,2.625,True,False,True,True,clean,
53,260408_115007046.jpg,0,300672.537569,7.78,0.17,363.3,8026,-0.06,0.83,8.46,10.46,0.262,0,nan,nan,2.225,True,False,True,True,clean,
54,260408_115007693.jpg,0,300673.18467,7.44,0.31,509.4,8388,-0.21,0.14,7.44,10.08,0.306,0,nan,nan,2.7750000000000004,True,False,True,True,clean,
55,260408_115008340.jpg,0,300673.831771,7.56,0.13,523.9,5870,-0.26,0.84,10.04,9.52,0.255,0,nan,nan,3.1750000000000003,True,False,True,True,clean,
56,260408_115008987.jpg,0,300674.478872,7.79,0.0,464.7,3423,-0.25,2.46,10.16,10.95,0.229,0,nan,nan,3.075,True,False,True,True,clean,
57,260408_115009634.jpg,0,300675.125973,7.61,0.41,541.8,1811,0.35,-0.06,10.34,8.1,0.3,0,nan,nan,3.725,True,False,True,True,clean,
58,260408_115010281.jpg,0,300675.773073,7.71,0.18,562.7,2388,-0.66,-0.49,9.38,10.77,0.303,0,nan,nan,4.2250000000000005,True,False,True,True,clean,
59,260408_115010938.jpg,0,300676.430274,7.57,0.09,568.2,2366,-0.83,-0.78,9.24,11.61,0.272,0,nan,nan,4.825,True,False,True,True,clean,
60,260408_115011595.jpg,0,300677.087475,7.91,0.42,615.7,2478,-0.41,0.39,8.76,11.45,0.258,0,nan,nan,5.925000000000001,True,False,True,True,clean,
61,260408_115012253.jpg,0,300677.744676,7.41,0.16,628.2,2838,-0.19,-1.63,7.6,9.36,0.264,0,nan,nan,6.175000000000001,True,False,True,True,clean,
62,260408_115012910.jpg,0,300678.401877,7.21,0.02,620.5,3537,-0.24,0.04,6.67,8.86,0.392,0,nan,nan,4.875,True,False,True,True,clean,
63,260408_115013567.jpg,0,300679.059077,7.91,0.59,752.2,2736,0.44,-1.3,6.27,5.45,0.405,0,nan,nan,3.975,True,False,True,True,clean,
64,260408_115014224.jpg,0,300679.716278,7.82,0.52,742.8,3674,-0.84,0.98,7.04,5.39,0.397,0,nan,nan,4.2250000000000005,True,False,True,True,clean,
65,260408_115014881.jpg,0,300680.373479,7.78,0.74,759.5,3696,-0.02,0.15,5.87,7.23,0.361,0,nan,nan,4.125,True,False,True,True,clean,
66,260408_115015527.jpg,0,300681.01948,7.58,0.43,652.1,3442,-0.13,0.57,5.83,6.27,0.35,0,nan,nan,3.9250000000000003,True,False,True,True,clean,
67,260408_115016173.jpg,0,300681.665481,7.69,0.32,560.0,3180,-0.22,-2.14,6.15,8.43,0.297,0,nan,nan,2.7750000000000004,True,False,True,True,clean,
68,260408_115016819.jpg,0,300682.311481,8.01,1.24,507.2,3029,0.41,-1.32,5.28,10.38,0.285,0,nan,nan,2.4250000000000003,True,False,True,True,clean,
69,260408_115017465.jpg,0,300682.957482,7.59,0.76,500.5,5051,0.28,0.24,6.7,8.24,0.296,0,nan,nan,4.825,True,False,True,True,clean,
70,260408_115018110.jpg,0,300683.603483,8.38,1.08,609.4,4132,-0.08,0.06,7.39,7.05,0.298,0,nan,nan,5.775,True,False,True,True,clean,
71,260408_115018756.jpg,0,300684.249484,8.38,1.3,579.7,4906,0.55,0.12,6.37,7.33,0.33,0,nan,nan,5.325,True,False,True,True,clean,
72,260408_115019402.jpg,0,300684.895485,7.07,0.47,643.3,4394,0.34,-0.59,6.2,7.63,0.338,0,nan,nan,4.925000000000001,True,False,True,True,clean,
73,260408_115020048.jpg,0,300685.541485,7.2,0.58,564.1,4901,0.4,0.01,5.62,8.26,0.335,0,nan,nan,4.425,True,False,True,True,clean,
74,260408_115020694.jpg,0,300686.187486,7.72,0.83,484.6,3294,-0.08,-0.14,3.63,7.25,0.353,0,nan,nan,4.425,True,False,True,True,clean,
75,260408_115021330.jpg,0,300686.823187,8.1,1.71,530.7,3188,0.23,-0.53,4.77,6.06,0.347,0,nan,nan,4.175,True,False,True,True,clean,
76,260408_115021955.jpg,0,300687.448188,7.91,0.91,555.7,4065,0.33,-0.46,5.55,5.85,0.34,0,nan,nan,5.4750000000000005,True,False,True,True,clean,
77,260408_115022579.jpg,0,300688.073189,8.05,0.74,529.0,3740,-0.17,-0.1,4.88,4.43,0.392,0,nan,nan,4.825,True,False,True,True,clean,
78,260408_115023194.jpg,0,300688.687989,7.98,0.42,556.6,3436,-0.29,-0.57,9.11,5.06,0.302,0,nan,nan,4.625,True,False,True,True,clean,
79,260408_115023809.jpg,0,300689.30279,8.09,0.4,548.4,2594,-0.32,-0.46,3.85,5.78,0.333,0,nan,nan,4.375,True,False,True,True,clean,
80,260408_115024424.jpg,0,300689.917591,8.29,1.17,506.0,2257,-1.16,-8.8,5.64,8.57,0.278,0,nan,nan,3.6750000000000003,False,False,True,True,reject,geometry
81,260408_115025038.jpg,0,300690.532392,7.79,0.74,443.4,2069,-3.9,-5.24,8.89,10.75,0.205,0,nan,nan,4.925000000000001,True,False,True,True,clean,
82,260408_115025653.jpg,0,300691.147192,8.16,0.38,412.0,3067,-0.63,-2.61,8.56,6.51,0.371,0,nan,nan,5.125,True,False,True,True,clean,
83,260408_115026268.jpg,0,300691.761993,8.5,0.75,382.7,3020,-0.27,-0.88,4.71,5.11,0.4,0,nan,nan,3.875,True,False,True,True,clean,
84,260408_115026882.jpg,0,300692.376794,7.69,1.15,347.7,3592,-1.01,-0.35,3.48,4.11,0.492,0,nan,nan,3.2750000000000004,True,False,True,True,clean,
85,260408_115027497.jpg,0,300692.991595,8.12,0.4,392.2,2253,0.43,-0.54,7.25,8.32,0.249,0,nan,nan,6.875,True,False,True,True,clean,
86,260408_115028112.jpg,0,300693.606395,8.38,1.09,366.0,2926,0.29,-0.53,6.13,9.29,0.304,0,nan,nan,4.125,True,False,True,True,clean,
87,260408_115028726.jpg,0,300694.221196,7.38,0.13,384.0,2293,0.46,0.31,8.5,7.19,0.243,0,nan,nan,3.725,True,False,True,True,clean,
88,260408_115029341.jpg,0,300694.835997,8.15,0.82,389.9,3262,-0.17,0.04,7.33,7.29,0.315,0,nan,nan,6.275,True,False,True,True,clean,
89,260408_115029956.jpg,0,300695.450798,8.81,1.77,407.1,2343,0.75,-4.05,9.53,11.42,0.22,0,nan,nan,4.7250000000000005,True,False,True,True,clean,
90,260408_115030571.jpg,0,300696.065598,8.32,0.74,411.6,2190,-0.54,-0.54,8.93,7.58,0.23,0,nan,nan,4.875,True,False,True,True,clean,
91,260408_115031159.jpg,0,300696.654199,8.32,2.06,381.4,1816,0.64,0.62,9.17,15.02,0.205,0,nan,nan,5.125,True,False,True,True,clean,
92,260408_115031716.jpg,0,300697.2107,9.26,3.57,342.0,1790,-0.02,-0.68,2.86,5.1,0.479,0,nan,nan,4.775,True,False,True,True,clean,
93,260408_115032259.jpg,0,300697.7547,9.65,2.39,323.5,1987,0.01,-0.63,2.67,5.13,0.5,0,nan,nan,3.975,True,False,True,True,clean,
94,260408_115032793.jpg,0,300698.288501,9.16,2.7,393.0,2332,0.1,-0.46,3.32,6.38,0.342,0,nan,nan,4.9750000000000005,True,False,True,True,clean,
95,260408_115033327.jpg,0,300698.822302,9.24,2.79,428.0,2175,0.89,-0.72,7.85,9.7,0.251,0,nan,nan,4.575,True,False,True,True,clean,
96,260408_115033861.jpg,0,300699.356102,9.31,2.28,322.0,1321,-0.1,0.78,11.7,13.78,0.131,0,nan,nan,3.375,True,False,True,True,clean,
97,260408_115034394.jpg,0,300699.889903,9.27,2.43,262.3,974,0.47,-0.67,12.82,9.72,0.099,0,nan,nan,3.125,True,False,True,True,clean,
98,260408_115034928.jpg,0,300700.423704,9.11,3.0,251.6,1632,-0.54,1.95,4.65,6.23,0.391,0,nan,nan,2.825,True,False,True,True,clean,
99,260408_115035462.jpg,0,300700.957504,9.2,2.69,263.6,2215,0.14,-0.1,2.92,4.38,0.467,0,nan,nan,3.4250000000000003,True,False,True,True,clean,
100,260408_115035995.jpg,0,300701.491305,9.12,1.32,296.5,4357,0.13,-0.58,2.59,7.48,0.299,0,nan,nan,2.875,True,False,True,True,clean,
101,260408_115036540.jpg,0,300702.035506,9.2,0.66,295.7,4750,-0.19,0.13,3.95,8.09,0.311,0,nan,nan,3.375,True,False,True,True,clean,
102,260408_115037084.jpg,0,300702.579706,9.52,0.29,313.1,4762,-0.01,-0.47,5.08,8.05,0.322,0,nan,nan,3.2750000000000004,True,False,True,True,clean,
103,260408_115037628.jpg,0,300703.123907,9.17,0.72,320.7,4506,0.15,-0.12,6.03,6.53,0.312,0,nan,nan,3.6750000000000003,True,False,True,True,clean,
104,260408_115038172.jpg,0,300703.668108,9.0,0.9,269.5,4076,-0.14,-0.08,6.28,8.17,0.351,0,nan,nan,3.5250000000000004,True,False,True,True,clean,
105,260408_115038716.jpg,0,300704.212308,9.05,0.39,272.7,3381,-0.18,-0.57,8.35,8.69,0.255,0,nan,nan,3.9250000000000003,True,False,True,True,clean,
106,260408_115039260.jpg,0,300704.756509,9.02,0.04,296.4,3411,-0.13,-0.1,7.16,8.8,0.288,0,nan,nan,3.825,True,False,True,True,clean,
107,260408_115039804.jpg,0,300705.30071,8.99,0.05,290.2,3639,0.28,-0.48,6.92,8.15,0.303,0,nan,nan,3.875,True,False,True,True,clean,
108,260408_115040348.jpg,0,300705.84491,9.01,0.1,289.6,4004,0.06,0.29,5.98,8.44,0.308,0,nan,nan,3.375,True,False,True,True,clean,
109,260408_115040892.jpg,0,300706.389111,9.08,0.29,283.3,3963,0.25,0.3,4.96,7.32,0.359,0,nan,nan,3.375,True,False,True,True,clean,
110,260408_115041437.jpg,0,300706.933312,8.96,0.04,268.4,4889,0.15,-0.17,4.98,6.23,0.391,0,nan,nan,3.225,True,False,True,True,clean,
111,260408_115041981.jpg,0,300707.477512,9.07,0.31,267.2,5178,0.2,-0.27,5.52,6.65,0.376,0,nan,nan,3.575,True,False,True,True,clean,
112,260408_115042525.jpg,0,300708.021713,9.22,0.34,269.6,6759,-0.09,0.1,4.98,8.33,0.304,0,nan,nan,3.475,True,False,True,True,clean,
113,260408_115043069.jpg,0,300708.565914,8.93,0.2,281.6,7333,-0.13,0.06,6.48,9.15,0.338,0,nan,nan,3.475,True,False,True,True,clean,
114,260408_115043613.jpg,0,300709.110114,9.0,0.08,254.8,7886,0.15,-0.03,4.55,8.77,0.33,0,nan,nan,3.6750000000000003,True,False,True,True,clean,
115,260408_115044157.jpg,0,300709.654315,8.97,1.14,256.5,7086,-0.31,0.0,2.51,9.14,0.296,0,nan,nan,3.375,True,False,True,True,clean,
116,260408_115044701.jpg,0,300710.198516,9.23,3.09,284.1,5130,-0.04,-0.35,4.49,7.41,0.374,0,nan,nan,3.725,True,False,True,True,clean,
117,260408_115045245.jpg,0,300710.742716,9.42,3.37,292.9,4953,0.06,0.22,6.48,7.41,0.338,0,nan,nan,3.625,True,False,True,True,clean,
118,260408_115045790.jpg,0,300711.286917,8.97,2.73,293.8,5661,-0.04,0.28,5.84,7.3,0.384,0,nan,nan,3.575,True,False,True,True,clean,
119,260408_115046334.jpg,0,300711.831118,9.03,2.78,270.8,5159,0.03,0.56,6.58,10.13,0.334,0,nan,nan,3.4250000000000003,True,False,True,True,clean,
120,260408_115046878.jpg,0,300712.375319,9.22,3.15,240.8,5857,0.17,-0.2,7.05,10.45,0.291,0,nan,nan,3.475,True,False,True,True,clean,
121,260408_115047422.jpg,0,300712.919519,9.22,2.32,233.7,8371,0.35,-0.49,4.38,9.46,0.372,0,nan,nan,2.9250000000000003,True,False,True,True,clean,
122,260408_115047966.jpg,0,300713.46372,9.07,1.31,228.7,7443,-0.1,-0.03,6.5,9.89,0.329,0,nan,nan,2.575,True,False,True,True,clean,
123,260408_115048510.jpg,0,300714.007921,9.18,1.12,233.9,7749,0.07,-0.6,6.5,8.4,0.349,0,nan,nan,2.875,True,False,True,True,clean,
124,260408_115049054.jpg,0,300714.552121,9.25,0.1,245.7,7883,0.02,-0.07,6.29,8.25,0.346,0,nan,nan,2.975,True,False,True,True,clean,
125,260408_115049598.jpg,0,300715.096322,9.19,0.14,271.7,6388,-0.02,0.06,4.81,6.84,0.346,0,nan,nan,2.9250000000000003,True,False,True,True,clean,
126,260408_115050142.jpg,0,300715.640522,9.19,0.36,300.4,6383,0.29,-0.57,6.3,8.62,0.345,0,nan,nan,3.075,True,False,True,True,clean,
127,260408_115050687.jpg,0,300716.184723,9.23,0.12,297.1,6449,-0.09,-0.35,2.11,6.07,0.479,0,nan,nan,3.0250000000000004,True,False,True,True,clean,
128,260408_115051231.jpg,0,300716.728924,9.18,0.63,254.1,4105,-0.1,0.64,3.57,8.45,0.342,0,nan,nan,2.875,True,False,True,True,clean,
129,260408_115051775.jpg,0,300717.273125,9.1,0.3,240.5,4480,-0.27,1.01,5.84,7.16,0.368,0,nan,nan,2.7750000000000004,True,False,True,True,clean,
130,260408_115052319.jpg,0,300717.817325,9.16,0.28,265.6,5008,0.32,0.63,5.69,6.93,0.356,0,nan,nan,2.875,True,False,True,True,clean,
131,260408_115052863.jpg,0,300718.361526,9.06,0.87,282.8,4710,0.3,1.25,6.76,7.28,0.349,0,nan,nan,2.9250000000000003,True,False,True,True,clean,
132,260408_115053407.jpg,0,300718.905727,9.07,0.83,266.8,5239,-0.32,0.34,8.03,7.85,0.337,0,nan,nan,3.2750000000000004,True,False,True,True,clean,
133,260408_115053951.jpg,0,300719.449927,9.16,0.58,258.1,7555,0.47,-0.11,6.56,9.81,0.335,0,nan,nan,2.825,True,False,True,True,clean,
134,260408_115054495.jpg,0,300719.994128,8.96,0.65,249.8,7677,-0.24,0.24,7.14,7.61,0.337,0,nan,nan,2.875,True,False,True,True,clean,
135,260408_115055039.jpg,0,300720.538329,9.09,0.62,235.5,7057,0.11,0.03,7.7,6.44,0.347,0,nan,nan,2.975,True,False,True,True,clean,
136,260408_115055594.jpg,0,300721.092629,9.08,0.03,232.9,7059,0.13,0.02,6.94,7.16,0.361,0,nan,nan,3.125,True,False,True,True,clean,
137,260408_115056148.jpg,0,300721.64693,8.91,0.83,234.8,5797,0.09,-0.28,5.07,7.1,0.38,0,nan,nan,3.325,True,False,True,True,clean,
138,260408_115056702.jpg,0,300722.201231,9.07,0.58,223.9,4838,0.02,0.02,3.73,7.36,0.416,0,nan,nan,3.0250000000000004,True,False,True,True,clean,
139,260408_115057256.jpg,0,300722.755531,9.05,0.23,214.0,2904,-0.21,0.34,5.62,8.17,0.369,0,nan,nan,2.975,True,False,True,True,clean,
140,260408_115057811.jpg,0,300723.309832,8.97,0.45,211.2,2031,-0.24,-0.27,6.81,7.14,0.358,0,nan,nan,3.2750000000000004,True,False,True,True,clean,
141,260408_115058365.jpg,0,300723.864133,8.92,0.17,205.8,1128,-0.06,-0.52,6.46,5.35,0.369,0,nan,nan,2.725,True,False,True,True,clean,
142,260408_115058919.jpg,0,300724.418433,8.96,0.95,202.2,845,-0.24,-0.23,2.81,4.73,0.395,0,nan,nan,2.6750000000000003,True,False,True,True,clean,
143,260408_115059473.jpg,0,300724.972734,9.01,0.52,197.9,815,1.34,-0.57,8.5,12.1,0.316,0,nan,nan,3.225,True,False,True,True,clean,
144,260408_115100027.jpg,0,300725.527035,9.08,1.2,190.4,663,0.06,-0.21,6.5,11.73,0.254,0,nan,nan,2.875,True,False,True,True,clean,
145,260408_115100582.jpg,0,300726.081335,9.11,0.76,191.7,984,0.46,4.12,5.32,9.71,0.274,0,nan,nan,2.9250000000000003,True,False,True,True,clean,
146,260408_115101136.jpg,0,300726.635636,9.24,0.44,181.0,1504,-0.22,0.93,3.25,12.49,0.257,0,nan,nan,3.0250000000000004,True,False,True,True,clean,
147,260408_115101680.jpg,0,300727.179737,9.1,0.34,181.1,1253,0.23,-0.65,2.39,7.75,0.388,0,nan,nan,2.975,True,False,True,True,clean,
148,260408_115102224.jpg,0,300727.723837,9.08,0.59,181.4,1283,0.1,2.03,3.97,8.22,0.398,0,nan,nan,3.225,True,False,True,True,clean,
149,260408_115102768.jpg,0,300728.267938,9.27,0.15,185.7,1024,0.04,-0.58,4.76,16.33,0.175,0,nan,nan,3.375,False,False,True,True,reject,geometry
150,260408_115103312.jpg,0,300728.812039,9.22,0.37,197.7,1003,0.64,0.04,7.22,13.86,0.167,0,nan,nan,3.075,True,False,True,True,clean,
151,260408_115103856.jpg,0,300729.356139,9.44,0.11,204.0,965,-0.43,2.7,16.51,11.58,0.103,0,nan,nan,3.075,False,False,True,True,reject,geometry
152,260408_115104400.jpg,0,300729.90024,9.23,0.31,201.3,1018,-0.12,0.79,6.84,9.56,0.251,0,nan,nan,3.575,True,False,True,True,clean,
153,260408_115104944.jpg,0,300730.444341,9.08,0.67,193.8,1018,-0.79,-3.13,12.11,13.19,0.158,0,nan,nan,2.7750000000000004,True,False,True,True,clean,
154,260408_115105488.jpg,0,300730.988441,9.23,0.76,196.6,1151,-0.02,0.45,9.03,12.8,0.215,0,nan,nan,2.875,True,False,True,True,clean,
155,260408_115106032.jpg,0,300731.532542,9.15,0.06,206.9,845,1.27,0.76,9.17,9.48,0.204,0,nan,nan,2.9250000000000003,True,False,True,True,clean,
156,260408_115106576.jpg,0,300732.076643,9.21,0.16,206.8,741,1.5,2.78,9.7,13.51,0.163,0,nan,nan,3.075,True,False,True,True,clean,
157,260408_115107120.jpg,0,300732.620743,9.19,0.2,214.4,680,-1.0,-0.43,10.18,15.55,0.143,0,nan,nan,3.0250000000000004,True,False,True,True,clean,
158,260408_115107664.jpg,0,300733.164844,9.17,0.71,222.0,443,0.19,-2.47,13.29,13.69,0.118,0,nan,nan,3.0250000000000004,True,False,True,True,clean,
159,260408_115108208.jpg,0,300733.708945,9.15,0.92,211.8,373,-8.97,-6.81,9.92,11.29,0.114,0,nan,nan,3.375,False,False,True,True,reject,geometry
160,260408_115108752.jpg,0,300734.253045,9.13,0.26,195.8,544,-2.09,-0.68,13.96,14.92,0.104,0,nan,nan,3.5250000000000004,True,False,True,True,clean,
161,260408_115109296.jpg,0,300734.797146,9.11,0.18,191.0,597,-2.91,4.96,10.08,12.89,0.133,0,nan,nan,3.5250000000000004,True,False,True,True,clean,
162,260408_115109840.jpg,0,300735.341247,9.09,0.68,185.0,514,1.42,0.14,9.29,9.95,0.217,0,nan,nan,3.625,True,False,True,True,clean,
163,260408_115110384.jpg,0,300735.885347,9.08,0.37,185.5,427,3.47,4.13,6.21,9.1,0.271,0,nan,nan,3.1750000000000003,True,False,True,True,clean,
164,260408_115110928.jpg,0,300736.429448,9.08,0.33,187.3,517,5.32,-0.42,6.0,4.38,0.413,0,nan,nan,3.475,True,False,True,True,clean,
165,260408_115111472.jpg,0,300736.973549,9.46,0.44,187.1,460,6.75,3.18,13.54,9.37,0.219,0,nan,nan,3.575,False,False,True,True,reject,geometry
166,260408_115112016.jpg,0,300737.51765,9.06,0.07,184.3,411,-0.98,-0.24,8.03,3.81,0.488,0,nan,nan,3.5250000000000004,True,False,True,True,clean,
167,260408_115112560.jpg,0,300738.06175,8.66,0.99,182.9,453,-2.46,14.72,7.64,13.12,0.401,0,nan,nan,3.225,False,False,True,True,reject,geometry
168,260408_115113104.jpg,0,300738.605851,9.04,0.21,180.4,20,nan,nan,nan,nan,nan,0,nan,nan,3.575,False,False,True,True,unverified,few_edges
169,260408_115113648.jpg,0,300739.149951,9.04,0.69,180.9,18,nan,nan,nan,nan,nan,0,nan,nan,3.4250000000000003,False,False,True,True,unverified,few_edges
170,260408_115114192.jpg,0,300739.694052,9.04,0.21,180.8,41,nan,nan,nan,nan,nan,0,nan,nan,3.4250000000000003,False,False,True,True,unverified,few_edges
171,260408_115114736.jpg,0,300740.238153,9.03,0.22,182.6,48,nan,nan,nan,nan,nan,0,nan,nan,3.725,False,False,True,True,unverified,few_edges
172,260408_115115280.jpg,0,300740.782254,9.04,0.39,179.5,90,-12.47,21.7,15.26,5.3,0.014,0,nan,nan,3.825,False,False,True,True,unverified,few_edges
173,260408_115115824.jpg,0,300741.326354,9.04,0.15,174.6,99,-0.64,-10.73,4.17,9.64,0.178,0,nan,nan,3.225,False,False,True,True,unverified,few_edges
174,260408_115116368.jpg,0,300741.870455,9.03,0.75,171.8,147,-0.72,-4.49,3.31,5.84,0.305,0,nan,nan,3.125,False,False,True,True,unverified,few_edges
175,260408_115116912.jpg,0,300742.414556,9.03,0.09,171.3,10,nan,nan,nan,nan,nan,0,nan,nan,3.325,False,False,True,True,unverified,few_edges
176,260408_115117456.jpg,0,300742.958656,9.03,1.01,172.2,15,nan,nan,nan,nan,nan,0,nan,nan,3.2750000000000004,False,False,True,True,unverified,few_edges
177,260408_115118000.jpg,0,300743.502757,9.04,1.27,172.9,38,nan,nan,nan,nan,nan,0,nan,nan,3.1750000000000003,False,False,True,True,unverified,few_edges
178,260408_115118544.jpg,0,300744.046858,9.04,2.55,176.9,136,6.92,-5.85,2.4,7.67,0.406,0,nan,nan,3.2750000000000004,False,False,True,True,unverified,few_edges
179,260408_115119088.jpg,0,300744.590958,9.04,2.05,180.2,46,nan,nan,nan,nan,nan,0,nan,nan,3.325,False,False,True,True,unverified,few_edges
180,260408_115119632.jpg,0,300745.135059,9.06,0.15,179.5,35,nan,nan,nan,nan,nan,0,nan,nan,3.1750000000000003,False,False,True,True,unverified,few_edges
181,260408_115120176.jpg,0,300745.67916,9.07,0.31,177.3,241,9.86,-30.82,5.1,2.11,0.024,0,nan,nan,3.225,False,False,True,True,unverified,few_edges
182,260408_115120720.jpg,0,300746.22326,9.07,1.03,176.0,144,-20.54,-28.82,3.2,1.7,0.002,0,nan,nan,3.2750000000000004,False,False,True,True,unverified,few_edges
183,260408_115121264.jpg,0,300746.767361,9.08,2.11,174.1,79,-6.76,-11.17,1.58,6.57,0.254,0,nan,nan,3.225,False,False,True,True,unverified,few_edges
184,260408_115121808.jpg,0,300747.311462,9.09,3.71,173.8,52,-0.51,-7.49,2.8,3.58,0.311,0,nan,nan,2.875,False,False,True,True,unverified,few_edges
185,260408_115122352.jpg,0,300747.855562,9.09,4.53,174.1,11,nan,nan,nan,nan,nan,0,nan,nan,3.2750000000000004,False,False,True,True,unverified,few_edges
186,260408_115122896.jpg,0,300748.399663,9.1,3.85,172.4,11,nan,nan,nan,nan,nan,0,nan,nan,3.375,False,False,True,True,unverified,few_edges
187,260408_115123440.jpg,0,300748.943764,9.11,2.99,173.4,84,-0.38,-1.53,0.86,2.81,0.475,0,nan,nan,2.825,False,False,True,True,unverified,few_edges
188,260408_115123984.jpg,0,300749.487864,9.12,2.41,175.7,57,-9.12,-14.64,6.49,7.09,0.24,0,nan,nan,3.325,False,False,True,True,unverified,few_edges
189,260408_115124528.jpg,0,300750.031965,9.11,1.9,179.0,69,-23.95,-22.78,0.91,0.19,0.0,0,nan,nan,3.475,False,False,True,True,unverified,few_edges
190,260408_115216292.jpg,1,300801.803322,9.83,3.44,170.2,141,5.16,-3.69,6.11,12.13,0.417,0,nan,nan,2.975,False,False,True,True,unverified,few_edges
191,260408_115216809.jpg,1,300802.320322,9.82,3.08,166.5,70,24.15,-9.77,5.3,1.76,0.014,0,nan,nan,2.975,False,False,True,True,unverified,few_edges
192,260408_115217325.jpg,1,300802.837323,9.81,3.78,168.4,116,16.74,-10.11,6.47,2.23,0.207,0,nan,nan,2.825,False,False,True,True,unverified,few_edges
193,260408_115217842.jpg,1,300803.354324,9.79,4.03,169.9,254,6.55,-8.96,7.29,4.85,0.305,0,nan,nan,3.1750000000000003,False,False,True,True,unverified,few_edges
194,260408_115218359.jpg,1,300803.871324,9.8,2.8,168.2,263,-0.53,-4.71,2.03,2.0,0.449,0,nan,nan,2.975,False,False,True,True,unverified,few_edges
195,260408_115218876.jpg,1,300804.388325,9.8,2.34,170.3,339,-1.31,-2.68,2.19,2.43,0.671,0,nan,nan,3.225,True,False,True,True,clean,
196,260408_115219393.jpg,1,300804.905326,9.81,2.68,171.7,134,-0.91,-18.05,3.53,9.84,0.263,0,nan,nan,2.875,False,False,True,True,unverified,few_edges
197,260408_115219910.jpg,1,300805.422326,9.82,2.3,175.5,205,-3.37,0.11,3.22,1.93,0.542,0,nan,nan,3.0250000000000004,False,False,True,True,unverified,few_edges
198,260408_115220427.jpg,1,300805.939327,9.84,1.35,177.4,142,-2.44,1.04,2.39,1.0,0.314,0,nan,nan,3.125,False,False,True,True,unverified,few_edges
199,260408_115220933.jpg,1,300806.445527,9.9,0.81,173.9,140,-19.06,-18.88,8.61,14.08,0.007,0,nan,nan,3.1750000000000003,False,False,True,True,unverified,few_edges
200,260408_115221439.jpg,1,300806.951728,9.97,0.2,170.4,232,8.95,-29.47,11.95,3.81,0.002,0,nan,nan,2.9250000000000003,False,False,True,True,unverified,few_edges
201,260408_115221945.jpg,1,300807.457929,10.03,0.02,168.6,170,-11.17,-30.01,9.35,6.53,0.0,0,nan,nan,2.9250000000000003,False,False,True,True,unverified,few_edges
202,260408_115222441.jpg,1,300807.954129,10.1,0.97,166.8,37,nan,nan,nan,nan,nan,0,nan,nan,3.225,False,False,True,True,unverified,few_edges
203,260408_115222938.jpg,1,300808.45033,10.17,2.04,167.3,126,8.35,-8.43,3.03,11.4,0.238,0,nan,nan,3.225,False,False,True,True,unverified,few_edges
204,260408_115223434.jpg,1,300808.946531,10.23,1.38,169.5,132,7.84,-19.7,15.08,13.04,0.039,0,nan,nan,2.6750000000000003,False,False,True,True,unverified,few_edges
205,260408_115223930.jpg,1,300809.442731,10.32,1.57,170.9,83,-9.31,-6.97,6.06,2.47,0.302,0,nan,nan,3.375,False,False,True,True,unverified,few_edges
206,260408_115224415.jpg,1,300809.928432,10.51,1.21,173.4,180,16.32,13.18,3.13,4.11,0.125,0,nan,nan,2.825,False,False,True,True,unverified,few_edges
207,260408_115224890.jpg,1,300810.402932,10.83,0.02,170.9,106,20.19,-8.66,2.8,0.34,0.018,0,nan,nan,3.0250000000000004,False,False,True,True,unverified,few_edges
208,260408_115225343.jpg,1,300810.856533,11.19,0.3,170.2,18,nan,nan,nan,nan,nan,0,nan,nan,2.7750000000000004,False,False,True,True,unverified,few_edges
209,260408_115225786.jpg,1,300811.299633,11.37,0.29,172.6,18,nan,nan,nan,nan,nan,0,nan,nan,2.975,False,False,True,True,unverified,few_edges
210,260408_115226230.jpg,1,300811.742734,11.39,0.19,175.2,16,nan,nan,nan,nan,nan,0,nan,nan,2.9250000000000003,False,False,True,True,unverified,few_edges
211,260408_115226673.jpg,1,300812.185835,11.4,0.03,178.2,211,-0.43,-1.67,2.15,13.52,0.257,0,nan,nan,2.875,False,False,True,True,unverified,few_edges
212,260408_115227116.jpg,1,300812.628935,11.38,0.19,176.2,570,-3.64,-6.69,3.85,14.93,0.293,0,nan,nan,2.7750000000000004,False,False,True,True,reject,geometry
213,260408_115227559.jpg,1,300813.072036,13.16,0.91,175.4,809,-4.59,-2.31,4.16,10.42,0.381,0,nan,nan,3.225,True,False,True,True,clean,
214,260408_115228002.jpg,1,300813.515136,11.35,0.07,178.3,1815,-0.13,-0.48,2.5,6.08,0.475,0,nan,nan,3.125,True,False,True,True,clean,
215,260408_115228445.jpg,1,300813.958237,8.94,0.54,182.0,1809,-0.75,-0.12,2.56,5.33,0.433,0,nan,nan,2.7750000000000004,True,False,True,True,clean,
216,260408_115228888.jpg,1,300814.401337,11.94,0.82,192.2,1704,-0.48,-0.04,3.61,9.3,0.318,0,nan,nan,3.375,True,False,True,True,clean,
217,260408_115229331.jpg,1,300814.844438,11.91,0.38,201.8,1358,0.14,0.15,6.82,10.0,0.254,0,nan,nan,3.625,True,False,True,True,clean,
218,260408_115229774.jpg,1,300815.287538,11.03,0.13,234.2,50,17.27,-24.41,5.7,9.1,0.015,0,nan,nan,3.5250000000000004,False,False,True,True,unverified,few_edges
219,260408_115230217.jpg,1,300815.730639,11.65,0.3,255.3,866,-0.1,-0.48,1.74,4.32,0.558,0,nan,nan,3.625,True,False,True,True,clean,
220,260408_115230660.jpg,1,300816.173739,10.78,0.41,219.8,991,0.11,-0.42,3.79,2.59,0.463,0,nan,nan,3.5250000000000004,True,False,True,True,clean,
221,260408_115231103.jpg,1,300816.61684,10.94,0.06,228.0,1133,0.18,-0.32,4.75,2.46,0.301,0,nan,nan,3.225,True,False,True,True,clean,
222,260408_115231546.jpg,1,300817.059941,11.32,0.01,200.9,1059,0.02,-0.76,4.64,7.84,0.243,0,nan,nan,3.225,True,False,True,True,clean,
223,260408_115231989.jpg,1,300817.503041,11.04,0.29,199.4,764,0.19,-0.64,4.91,5.97,0.294,0,nan,nan,3.075,True,False,True,True,clean,
224,260408_115232432.jpg,1,300817.946142,11.26,0.17,203.6,606,0.15,-1.78,9.27,11.9,0.178,0,nan,nan,3.325,True,False,True,True,clean,
225,260408_115232875.jpg,1,300818.389242,11.0,0.29,219.1,2197,-0.4,-0.08,3.36,4.5,0.429,0,nan,nan,3.625,True,False,True,True,clean,
226,260408_115233318.jpg,1,300818.832343,10.97,0.1,221.8,2226,0.0,-0.28,1.42,6.12,0.431,0,nan,nan,3.725,True,False,True,True,clean,
227,260408_115233761.jpg,1,300819.275443,11.33,0.4,202.7,2434,-0.26,-0.48,2.67,7.08,0.286,0,nan,nan,3.2750000000000004,True,False,True,True,clean,
228,260408_115234204.jpg,1,300819.718544,11.09,0.14,191.4,2533,-0.14,0.32,2.18,8.0,0.336,0,nan,nan,3.225,True,False,True,True,clean,
229,260408_115234647.jpg,1,300820.161644,11.13,0.54,183.7,2774,0.03,0.54,2.27,5.0,0.487,0,nan,nan,2.725,True,False,True,True,clean,
230,260408_115235090.jpg,1,300820.604745,11.35,0.72,181.3,2181,0.1,-0.51,1.45,2.97,0.42,0,nan,nan,2.625,True,False,True,True,clean,
231,260408_115235533.jpg,1,300821.047845,10.93,0.12,189.1,1964,-0.01,-0.23,2.29,2.5,0.507,0,nan,nan,2.7750000000000004,True,False,True,True,clean,
232,260408_115235988.jpg,1,300821.503146,10.74,0.43,198.3,2760,0.17,-0.28,2.13,4.54,0.559,0,nan,nan,2.875,True,False,True,True,clean,
233,260408_115236444.jpg,1,300821.958447,11.01,0.25,197.6,1885,0.31,-1.55,4.17,9.24,0.393,0,nan,nan,2.725,True,False,True,True,clean,
234,260408_115236899.jpg,1,300822.413747,10.92,0.39,201.6,1671,-2.9,-0.37,6.55,8.68,0.27,0,nan,nan,2.725,True,False,True,True,clean,
235,260408_115237354.jpg,1,300822.869048,11.16,0.23,201.7,3025,-1.49,0.22,14.49,7.3,0.235,0,nan,nan,3.075,True,False,True,True,clean,
236,260408_115237809.jpg,1,300823.324348,11.34,0.58,207.2,2327,-0.22,-0.15,1.43,3.2,0.316,0,nan,nan,2.975,True,False,True,True,clean,
237,260408_115238265.jpg,1,300823.779649,10.88,0.45,214.2,4232,-0.02,0.02,3.48,6.28,0.406,0,nan,nan,3.0250000000000004,True,False,True,True,clean,
238,260408_115238720.jpg,1,300824.234949,10.64,0.35,222.9,4572,-0.1,-0.25,6.07,7.46,0.401,0,nan,nan,3.075,True,False,True,True,clean,
239,260408_115239175.jpg,1,300824.69025,10.91,0.09,235.1,4011,0.25,-0.42,3.39,8.38,0.418,0,nan,nan,3.075,True,False,True,True,clean,
240,260408_115239630.jpg,1,300825.14555,11.41,0.19,234.6,4834,0.07,-0.02,4.26,8.98,0.39,0,nan,nan,3.225,True,False,True,True,clean,
241,260408_115240085.jpg,1,300825.600851,11.42,0.73,230.9,4868,-0.46,-0.48,3.3,5.5,0.366,0,nan,nan,2.875,True,False,True,True,clean,
242,260408_115240541.jpg,1,300826.056152,11.44,0.31,239.4,5343,-5.77,0.85,5.39,9.37,0.297,0,nan,nan,3.225,True,False,True,True,clean,
243,260408_115240996.jpg,1,300826.511452,11.36,0.84,255.2,3453,-0.06,0.18,6.76,7.12,0.363,0,nan,nan,3.375,True,False,True,True,clean,
244,260408_115241451.jpg,1,300826.966753,10.93,0.81,289.2,2554,-0.18,-0.23,7.46,7.53,0.395,0,nan,nan,3.225,True,False,True,True,clean,
245,260408_115241906.jpg,1,300827.422053,10.95,0.68,321.4,2393,0.25,-0.59,4.56,6.79,0.365,0,nan,nan,3.725,True,False,True,True,clean,
246,260408_115242362.jpg,1,300827.877354,11.13,0.31,312.9,5636,0.22,0.05,2.84,6.51,0.385,0,nan,nan,3.975,True,False,True,True,clean,
247,260408_115242817.jpg,1,300828.332654,11.14,0.27,260.1,6853,0.14,-0.14,3.0,7.65,0.364,0,nan,nan,2.975,True,False,True,True,clean,
248,260408_115243272.jpg,1,300828.787955,11.01,0.26,247.8,5770,0.14,0.25,3.63,7.81,0.385,0,nan,nan,2.5250000000000004,True,False,True,True,clean,
249,260408_115243727.jpg,1,300829.243256,11.03,0.1,330.5,6188,-0.23,-0.26,4.45,11.07,0.351,0,nan,nan,3.575,True,False,True,True,clean,
250,260408_115244183.jpg,1,300829.698556,11.05,0.36,402.5,4067,0.12,0.46,3.35,9.89,0.335,0,nan,nan,3.2750000000000004,True,False,True,True,clean,
251,260408_115244638.jpg,1,300830.153857,11.04,0.56,348.0,3481,-0.51,0.72,6.35,12.94,0.266,0,nan,nan,2.975,True,False,True,True,clean,
252,260408_115245093.jpg,1,300830.609157,11.07,0.79,256.4,7528,-0.35,-0.13,6.74,9.82,0.355,0,nan,nan,2.6750000000000003,True,False,True,True,clean,
253,260408_115245548.jpg,1,300831.064458,11.07,1.36,244.8,7971,0.47,-0.38,5.59,8.23,0.452,0,nan,nan,3.2750000000000004,True,False,True,True,clean,
254,260408_115246003.jpg,1,300831.519758,11.08,1.13,242.7,7310,0.23,-0.75,4.92,7.55,0.386,0,nan,nan,3.5250000000000004,True,False,True,True,clean,
255,260408_115246459.jpg,1,300831.975059,11.02,1.58,219.2,6961,0.1,-0.28,5.15,9.21,0.353,0,nan,nan,3.4250000000000003,True,False,True,True,clean,
256,260408_115246914.jpg,1,300832.430359,10.83,2.4,213.6,5933,-0.38,-0.14,6.98,7.76,0.374,0,nan,nan,2.825,True,False,True,True,clean,
257,260408_115247369.jpg,1,300832.88566,10.87,2.46,255.6,5634,0.09,-0.31,5.26,8.5,0.447,0,nan,nan,3.2750000000000004,True,False,True,True,clean,
258,260408_115247824.jpg,1,300833.340961,11.01,3.51,277.1,8786,0.1,-0.06,4.48,7.33,0.46,0,nan,nan,3.325,True,False,True,True,clean,
259,260408_115248280.jpg,1,300833.796261,10.9,3.26,333.3,9354,0.1,-0.2,3.31,5.91,0.468,0,nan,nan,2.9250000000000003,True,False,True,True,clean,
260,260408_115248735.jpg,1,300834.251562,11.0,3.03,293.5,10846,-0.01,0.48,6.19,6.33,0.486,0,nan,nan,3.1750000000000003,True,False,True,True,clean,
261,260408_115249190.jpg,1,300834.706862,11.15,2.93,264.7,9979,0.02,0.69,6.15,7.54,0.375,0,nan,nan,2.825,True,False,True,True,clean,
262,260408_115249645.jpg,1,300835.162163,10.97,1.9,244.3,7663,0.51,0.98,8.07,9.57,0.376,0,nan,nan,2.575,True,False,True,True,clean,
263,260408_115250100.jpg,1,300835.617463,11.03,0.43,269.0,7633,0.2,0.65,6.56,6.35,0.498,0,nan,nan,3.075,True,False,True,True,clean,
264,260408_115250556.jpg,1,300836.072764,10.95,0.35,253.1,10637,0.91,0.45,6.92,7.31,0.397,0,nan,nan,3.075,True,False,True,True,clean,
265,260408_115251011.jpg,1,300836.528065,11.01,0.73,244.8,8364,-0.04,0.37,2.33,7.46,0.406,0,nan,nan,3.325,True,False,True,True,clean,
266,260408_115251466.jpg,1,300836.983365,11.16,0.44,246.6,7242,-0.48,0.27,4.64,9.75,0.312,0,nan,nan,2.875,True,False,True,True,clean,
267,260408_115251921.jpg,1,300837.438666,11.36,0.46,249.9,7343,-0.25,-0.28,4.92,8.75,0.253,0,nan,nan,2.725,True,False,True,True,clean,
268,260408_115252377.jpg,1,300837.893966,11.28,0.78,242.6,5234,0.09,0.22,4.6,8.95,0.363,0,nan,nan,2.625,True,False,True,True,clean,
269,260408_115252832.jpg,1,300838.349267,10.68,1.34,249.7,7951,0.69,-0.18,6.07,8.63,0.323,0,nan,nan,2.975,True,False,True,True,clean,
270,260408_115253287.jpg,1,300838.804567,10.69,0.26,255.8,8566,0.21,-0.13,6.96,8.71,0.339,0,nan,nan,2.575,True,False,True,True,clean,
271,260408_115253742.jpg,1,300839.259868,10.93,0.44,268.7,6089,0.11,-0.34,5.38,7.13,0.332,0,nan,nan,2.875,True,False,True,True,clean,
272,260408_115254198.jpg,1,300839.715168,11.05,0.68,289.2,7156,-0.36,-0.11,4.05,8.87,0.375,0,nan,nan,2.725,True,False,True,True,clean,
273,260408_115254653.jpg,1,300840.170469,11.06,0.09,408.1,6207,-0.39,-0.19,2.98,7.78,0.338,0,nan,nan,2.725,True,False,True,True,clean,
274,260408_115255108.jpg,1,300840.62577,11.02,0.72,514.8,4582,0.35,0.01,2.77,4.39,0.368,0,nan,nan,2.875,True,False,True,True,clean,
275,260408_115255563.jpg,1,300841.08107,10.92,1.01,325.3,4815,-0.17,-0.23,4.42,6.26,0.332,0,nan,nan,2.7750000000000004,True,False,True,True,clean,
276,260408_115256018.jpg,1,300841.536371,10.91,1.31,265.7,5970,-0.31,0.51,6.96,9.46,0.328,0,nan,nan,2.875,True,False,True,True,clean,
277,260408_115256474.jpg,1,300841.991671,10.9,2.62,233.6,5392,-0.02,-0.6,6.82,12.64,0.293,0,nan,nan,3.2750000000000004,True,False,True,True,clean,
278,260408_115256929.jpg,1,300842.446972,10.82,4.62,244.3,3224,-0.18,0.41,6.96,9.64,0.301,0,nan,nan,2.7750000000000004,True,False,True,True,clean,
279,260408_115257384.jpg,1,300842.902272,10.98,3.66,239.9,4351,-0.17,0.53,6.02,8.72,0.374,0,nan,nan,2.875,True,False,True,True,clean,
280,260408_115257839.jpg,1,300843.357573,11.48,3.14,249.7,2739,0.42,-0.52,7.28,10.89,0.252,0,nan,nan,3.0250000000000004,True,False,True,True,clean,
281,260408_115258295.jpg,1,300843.812874,11.04,3.58,306.8,2833,-0.21,0.0,5.64,6.19,0.349,0,nan,nan,3.375,True,False,True,True,clean,
282,260408_115258750.jpg,1,300844.268174,10.32,3.83,271.2,4776,0.27,-0.19,3.4,4.36,0.468,0,nan,nan,3.2750000000000004,True,False,True,True,clean,
283,260408_115259205.jpg,1,300844.723475,10.99,3.14,239.7,5338,-0.28,-0.29,1.86,6.42,0.45,0,nan,nan,3.625,True,False,True,True,clean,
284,260408_115259660.jpg,1,300845.178775,11.37,2.98,243.6,4985,-0.07,0.15,1.86,7.02,0.412,0,nan,nan,3.125,True,False,True,True,clean,
285,260408_115300116.jpg,1,300845.634076,11.47,2.55,245.0,7170,-0.04,0.21,4.2,5.0,0.385,0,nan,nan,2.6750000000000003,True,False,True,True,clean,
286,260408_115300571.jpg,1,300846.089376,11.32,1.67,249.0,4925,0.01,0.43,6.1,9.71,0.294,0,nan,nan,2.275,True,False,True,True,clean,
287,260408_115301026.jpg,1,300846.544677,10.52,0.88,247.3,4246,-0.13,0.03,5.83,10.45,0.312,0,nan,nan,2.475,True,False,True,True,clean,
288,260408_115301481.jpg,1,300846.999977,10.78,0.99,244.5,6227,0.0,-0.6,4.74,8.19,0.376,0,nan,nan,2.475,True,False,True,True,clean,
289,260408_115301936.jpg,1,300847.455278,11.07,1.05,245.5,8424,0.32,-0.9,4.75,8.24,0.389,0,nan,nan,2.575,True,False,True,True,clean,
290,260408_115302392.jpg,1,300847.910579,10.82,1.03,251.2,8600,-0.21,0.05,3.86,9.6,0.343,0,nan,nan,2.6750000000000003,True,False,True,True,clean,
291,260408_115302847.jpg,1,300848.365879,11.03,0.73,284.1,6458,0.23,-0.46,6.42,8.0,0.352,0,nan,nan,2.875,True,False,True,True,clean,
292,260408_115303302.jpg,1,300848.82118,11.11,1.23,302.2,6633,-0.09,-0.39,7.76,10.06,0.34,0,nan,nan,2.875,True,False,True,True,clean,
293,260408_115303757.jpg,1,300849.27648,11.03,1.06,359.3,5203,-0.31,-0.5,6.46,6.51,0.437,0,nan,nan,3.625,True,False,True,True,clean,
294,260408_115304213.jpg,1,300849.731781,11.19,0.46,363.6,6881,-0.2,-0.62,6.28,7.74,0.413,0,nan,nan,3.475,True,False,True,True,clean,
295,260408_115304668.jpg,1,300850.187081,11.21,1.22,370.5,7248,0.17,-0.06,3.51,9.77,0.412,0,nan,nan,3.075,True,False,True,True,clean,
296,260408_115305123.jpg,1,300850.642382,11.17,0.86,408.3,7933,-0.33,-0.21,4.97,8.13,0.446,0,nan,nan,2.875,True,False,True,True,clean,
297,260408_115305578.jpg,1,300851.097682,11.57,0.86,422.6,6690,-0.44,-0.33,4.3,8.43,0.38,0,nan,nan,2.7750000000000004,True,False,True,True,clean,
298,260408_115306034.jpg,1,300851.552983,11.16,0.41,386.3,7324,-0.04,-0.25,8.02,9.76,0.323,0,nan,nan,2.7750000000000004,True,False,True,True,clean,
299,260408_115306489.jpg,1,300852.008284,10.76,0.32,361.2,5364,-0.23,0.19,7.41,7.17,0.326,0,nan,nan,2.5250000000000004,True,False,True,True,clean,
300,260408_115306944.jpg,1,300852.463584,10.75,1.25,354.5,8425,-0.05,-0.07,5.25,7.47,0.391,0,nan,nan,2.5250000000000004,True,False,True,True,clean,
301,260408_115307399.jpg,1,300852.918885,10.91,1.77,335.9,8359,-0.13,-0.25,4.32,6.51,0.422,0,nan,nan,2.825,True,False,True,True,clean,
302,260408_115307854.jpg,1,300853.374185,11.38,1.64,340.6,9578,0.0,-0.51,3.35,7.36,0.474,0,nan,nan,2.6750000000000003,True,False,True,True,clean,
303,260408_115308310.jpg,1,300853.829486,11.04,0.76,376.2,9094,0.08,0.21,5.06,9.35,0.38,0,nan,nan,2.975,True,False,True,True,clean,
304,260408_115308765.jpg,1,300854.284786,11.12,0.37,421.1,8415,-0.19,0.04,7.11,8.18,0.484,0,nan,nan,2.575,True,False,True,True,clean,
305,260408_115309220.jpg,1,300854.740087,11.01,0.4,399.6,8333,0.3,-0.24,7.42,9.53,0.451,0,nan,nan,2.9250000000000003,True,False,True,True,clean,
306,260408_115309675.jpg,1,300855.195388,10.83,1.52,406.3,8692,0.47,-0.48,6.86,7.88,0.415,0,nan,nan,2.975,True,False,True,True,clean,
307,260408_115310131.jpg,1,300855.650688,10.81,1.22,425.6,9233,-0.14,-0.24,8.16,9.44,0.37,0,nan,nan,2.975,True,False,True,True,clean,
308,260408_115310586.jpg,1,300856.105989,11.13,0.22,451.1,7864,0.32,0.01,7.16,8.8,0.383,0,nan,nan,3.7750000000000004,True,False,True,True,clean,
309,260408_115311041.jpg,1,300856.561289,11.47,0.53,550.1,7225,0.35,0.29,7.3,10.1,0.327,0,nan,nan,3.325,True,False,True,True,clean,
310,260408_115311496.jpg,1,300857.01659,10.83,0.14,675.7,7445,-0.36,-0.23,7.29,8.95,0.349,0,nan,nan,3.225,True,False,True,True,clean,
311,260408_115311951.jpg,1,300857.47189,10.78,0.52,758.6,4692,4.75,-4.24,8.4,8.61,0.273,0,nan,nan,3.325,True,False,True,True,clean,
312,260408_115312407.jpg,1,300857.927191,10.99,0.3,699.6,5393,0.23,-0.1,8.83,8.44,0.305,0,nan,nan,3.475,True,False,True,True,clean,
313,260408_115312862.jpg,1,300858.382492,10.93,0.11,632.7,4533,-0.4,-1.76,6.29,12.59,0.29,0,nan,nan,2.5250000000000004,True,False,True,True,clean,
314,260408_115313317.jpg,1,300858.837792,11.02,0.03,566.8,5133,-0.31,0.49,4.96,9.47,0.372,0,nan,nan,2.9250000000000003,True,False,True,True,clean,
315,260408_115313772.jpg,1,300859.293093,10.9,0.24,543.9,7224,-0.12,-0.35,6.27,8.99,0.398,0,nan,nan,4.775,True,False,True,True,clean,
316,260408_115314228.jpg,1,300859.748393,10.97,0.1,552.6,6219,-0.2,0.32,7.47,8.11,0.392,0,nan,nan,4.025,True,False,True,True,clean,
317,260408_115314683.jpg,1,300860.203694,11.12,0.07,550.2,5447,-0.53,0.15,6.91,9.54,0.352,0,nan,nan,3.475,True,False,True,True,clean,
318,260408_115315138.jpg,1,300860.658994,11.05,0.4,670.6,4669,0.82,0.27,7.14,8.89,0.326,0,nan,nan,2.725,True,False,True,True,clean,
319,260408_115315593.jpg,1,300861.114295,11.16,0.61,733.1,5717,0.15,0.46,7.0,9.62,0.321,0,nan,nan,3.075,True,False,True,True,clean,
320,260408_115316049.jpg,1,300861.569596,11.29,0.08,529.1,5897,-0.09,0.28,7.61,8.25,0.327,0,nan,nan,2.7750000000000004,True,False,True,True,clean,
321,260408_115316504.jpg,1,300862.024896,11.34,0.02,737.9,5595,0.11,0.77,9.23,8.77,0.235,0,nan,nan,4.025,True,False,True,True,clean,
322,260408_115316959.jpg,1,300862.480197,10.69,0.14,857.7,4883,-0.32,0.52,7.2,8.73,0.219,0,nan,nan,4.925000000000001,True,False,True,True,clean,
323,260408_115317414.jpg,1,300862.935497,10.64,0.28,423.5,6663,0.05,-0.97,9.19,10.35,0.28,0,nan,nan,3.825,True,False,True,True,clean,
324,260408_115317869.jpg,1,300863.390798,11.06,0.24,420.6,6603,-0.02,-0.39,8.65,9.33,0.315,0,nan,nan,3.625,True,False,True,True,clean,
325,260408_115318325.jpg,1,300863.846098,10.95,0.17,388.2,7064,0.43,-0.01,7.25,9.03,0.392,0,nan,nan,3.325,True,False,True,True,clean,
326,260408_115318780.jpg,1,300864.301399,11.04,0.51,371.0,7217,0.0,0.0,7.86,9.69,0.336,0,nan,nan,3.5250000000000004,True,False,True,True,clean,
327,260408_115319235.jpg,1,300864.756699,11.24,0.1,433.8,6078,-0.06,0.23,7.33,9.69,0.312,0,nan,nan,2.6750000000000003,True,False,True,True,clean,
328,260408_115319690.jpg,1,300865.212,10.87,0.09,469.6,6272,0.46,0.37,8.65,9.38,0.296,0,nan,nan,2.5250000000000004,True,False,True,True,clean,
329,260408_115320146.jpg,1,300865.667301,10.89,0.43,511.8,6210,-0.15,0.87,8.39,8.37,0.318,0,nan,nan,4.025,True,False,True,True,clean,
330,260408_115320601.jpg,1,300866.122601,11.0,0.82,553.0,6799,-0.66,-0.07,9.17,7.01,0.374,0,nan,nan,4.075,True,False,True,True,clean,
331,260408_115321056.jpg,1,300866.577902,10.76,1.52,584.4,5240,-0.02,-0.44,8.89,8.48,0.307,0,nan,nan,4.075,True,False,True,True,clean,
332,260408_115321511.jpg,1,300867.033202,10.87,0.23,626.2,4609,0.1,-0.2,7.73,8.92,0.307,0,nan,nan,3.975,True,False,True,True,clean,
333,260408_115321967.jpg,1,300867.488503,11.32,0.28,767.6,3521,0.35,0.26,6.6,8.94,0.245,0,nan,nan,4.625,True,False,True,True,clean,
334,260408_115322422.jpg,1,300867.943803,11.08,0.35,1171.6,3188,-0.31,-0.85,6.07,9.83,0.288,0,nan,nan,7.325,True,False,True,True,clean,
335,260408_115322877.jpg,1,300868.399104,10.7,0.41,981.4,2196,-0.1,0.63,7.22,8.9,0.266,0,nan,nan,6.275,True,False,True,True,clean,
336,260408_115323332.jpg,1,300868.854405,10.93,0.12,674.0,3917,-0.37,-0.15,5.64,5.35,0.455,0,nan,nan,4.825,True,False,True,True,clean,
337,260408_115323787.jpg,1,300869.309705,10.83,0.3,548.2,4614,0.02,-0.23,5.5,8.6,0.394,0,nan,nan,3.7750000000000004,True,False,True,True,clean,
338,260408_115324243.jpg,1,300869.765006,11.06,0.25,462.4,5356,-0.03,-0.5,6.78,8.52,0.396,0,nan,nan,4.075,True,False,True,True,clean,
339,260408_115324698.jpg,1,300870.220306,10.87,0.32,393.0,5637,-0.15,-0.05,7.37,8.5,0.358,0,nan,nan,4.075,True,False,True,True,clean,
340,260408_115325153.jpg,1,300870.675607,10.86,0.76,374.0,4614,-0.25,0.46,8.44,9.08,0.365,0,nan,nan,4.2250000000000005,True,False,True,True,clean,
341,260408_115325608.jpg,1,300871.130907,11.13,0.06,383.1,4541,-0.11,-0.16,7.26,8.05,0.373,0,nan,nan,4.325,True,False,True,True,clean,
342,260408_115326064.jpg,1,300871.586208,11.02,0.67,413.6,4675,-0.01,-0.3,6.39,8.1,0.412,0,nan,nan,3.725,True,False,True,True,clean,
343,260408_115326519.jpg,1,300872.041508,10.97,0.12,403.7,5402,-0.27,0.09,8.9,9.42,0.348,0,nan,nan,4.075,True,False,True,True,clean,
344,260408_115326974.jpg,1,300872.496809,10.97,0.26,392.4,3431,-1.01,-0.17,6.67,8.67,0.399,0,nan,nan,3.7750000000000004,True,False,True,True,clean,
345,260408_115327429.jpg,1,300872.95211,10.96,0.01,382.6,2512,-0.14,-0.81,6.37,9.34,0.344,0,nan,nan,3.9250000000000003,True,False,True,True,clean,
346,260408_115327884.jpg,1,300873.40741,11.0,0.01,377.3,1987,0.28,-1.43,7.01,8.93,0.343,0,nan,nan,4.075,True,False,True,True,clean,
347,260408_115328340.jpg,1,300873.862711,11.11,0.34,363.3,1617,0.97,-0.36,8.59,9.72,0.253,0,nan,nan,3.375,True,False,True,True,clean,
348,260408_115328787.jpg,1,300874.310421,11.08,0.0,421.8,1175,1.83,0.75,9.4,8.23,0.372,0,nan,nan,4.675,True,False,True,True,clean,
349,260408_115329242.jpg,1,300874.765622,11.0,0.19,443.9,1599,-0.03,-0.72,8.14,9.33,0.397,0,nan,nan,4.4750000000000005,True,False,True,True,clean,
350,260408_115329698.jpg,1,300875.220822,11.38,0.31,485.2,732,0.75,2.27,7.2,11.62,0.27,0,nan,nan,4.625,True,False,True,True,clean,
351,260408_115330153.jpg,1,300875.676023,10.75,0.47,475.7,683,-0.51,-0.07,9.97,9.08,0.289,0,nan,nan,4.9750000000000005,True,False,True,True,clean,
352,260408_115330608.jpg,1,300876.131224,10.63,0.45,437.6,708,-0.07,-0.92,11.01,11.6,0.242,0,nan,nan,4.925000000000001,True,False,True,True,clean,
353,260408_115331063.jpg,1,300876.586424,11.25,1.14,417.1,720,-1.48,-0.13,10.05,10.02,0.213,0,nan,nan,3.7750000000000004,True,False,True,True,clean,
354,260408_115331518.jpg,1,300877.041625,11.69,0.16,416.5,922,0.08,0.72,8.63,11.78,0.234,0,nan,nan,4.625,True,False,True,True,clean,
355,260408_115331973.jpg,1,300877.496825,10.97,0.33,404.0,1060,-0.86,-0.52,7.19,8.57,0.322,0,nan,nan,4.4750000000000005,True,False,True,True,clean,
356,260408_115332428.jpg,1,300877.952026,10.27,0.69,342.6,1412,0.86,1.56,8.83,9.49,0.262,0,nan,nan,4.7250000000000005,True,False,True,True,clean,
357,260408_115332884.jpg,1,300878.407226,12.06,2.2,301.7,1459,-0.21,0.54,9.33,8.8,0.313,0,nan,nan,4.525,True,False,True,True,clean,
358,260408_115333339.jpg,1,300878.862427,10.97,0.93,308.3,1331,0.1,-0.44,5.67,7.78,0.433,0,nan,nan,4.625,True,False,True,True,clean,
359,260408_115333794.jpg,1,300879.317628,9.89,1.83,294.4,1135,5.05,-1.25,7.9,8.59,0.323,0,nan,nan,4.2250000000000005,True,False,True,True,clean,
360,260408_115334249.jpg,1,300879.772828,10.99,0.54,293.3,334,0.13,1.02,9.47,9.17,0.2,0,nan,nan,4.875,True,False,True,True,clean,
361,260408_115334704.jpg,1,300880.228029,11.0,0.26,295.7,464,0.32,-0.36,8.05,8.76,0.307,0,nan,nan,4.525,True,False,True,True,clean,
362,260408_115335159.jpg,1,300880.683229,10.83,0.97,313.8,497,7.74,2.42,11.51,11.85,0.221,0,nan,nan,4.925000000000001,False,False,True,True,reject,geometry
363,260408_115335614.jpg,1,300881.13843,11.02,1.76,331.6,557,-0.53,-0.81,8.49,8.62,0.371,0,nan,nan,4.775,True,False,True,True,clean,
364,260408_115336069.jpg,1,300881.59363,11.21,1.1,340.4,311,-0.64,-1.89,6.58,8.57,0.382,0,nan,nan,3.9250000000000003,True,False,True,True,clean,
365,260408_115336525.jpg,1,300882.048831,11.05,0.06,327.5,172,0.16,-3.5,6.72,9.01,0.225,0,nan,nan,3.875,False,False,True,True,unverified,few_edges
366,260408_115336980.jpg,1,300882.504031,11.96,0.05,307.2,237,-0.01,-0.48,5.33,11.01,0.329,0,nan,nan,4.025,False,False,True,True,unverified,few_edges
367,260408_115337435.jpg,1,300882.959232,11.98,0.28,292.9,347,-0.68,0.14,6.66,7.09,0.302,0,nan,nan,4.875,True,False,True,True,clean,
368,260408_115337890.jpg,1,300883.414433,10.56,0.01,289.7,410,-0.58,0.1,5.58,8.23,0.342,0,nan,nan,4.925000000000001,True,False,True,True,clean,
369,260408_115338345.jpg,1,300883.869633,10.99,0.61,290.4,460,0.21,-0.42,5.97,8.33,0.347,0,nan,nan,5.025,True,False,True,True,clean,
370,260408_115338800.jpg,1,300884.324834,10.75,1.12,294.4,480,-0.42,-0.11,5.4,6.73,0.478,0,nan,nan,4.925000000000001,True,False,True,True,clean,
371,260408_115339255.jpg,1,300884.780034,10.33,0.52,300.1,281,-0.09,1.33,5.49,8.12,0.578,0,nan,nan,4.7250000000000005,False,False,True,True,unverified,few_edges
372,260408_115339710.jpg,1,300885.235235,11.14,0.22,305.2,227,-0.63,4.46,7.52,7.71,0.522,0,nan,nan,4.7250000000000005,False,False,True,True,unverified,few_edges
373,260408_115340166.jpg,1,300885.690435,11.14,0.06,309.3,83,1.82,8.37,2.49,2.99,0.628,0,nan,nan,4.875,False,False,True,True,unverified,few_edges
374,260408_115340621.jpg,1,300886.145636,11.14,0.22,311.0,40,nan,nan,nan,nan,nan,0,nan,nan,4.925000000000001,False,False,True,True,unverified,few_edges
375,260408_115341076.jpg,1,300886.600837,11.15,0.19,314.7,30,nan,nan,nan,nan,nan,0,nan,nan,4.625,False,False,True,True,unverified,few_edges
376,260408_115341531.jpg,1,300887.056037,11.15,0.05,317.5,12,nan,nan,nan,nan,nan,0,nan,nan,4.775,False,False,True,True,unverified,few_edges
377,260408_115506937.jpg,2,300972.475284,7.93,2.08,450.3,4791,0.53,-0.15,8.98,6.93,0.286,0,nan,nan,3.625,True,False,True,True,clean,
378,260408_115507594.jpg,2,300973.132885,7.26,6.8,411.2,2760,-0.18,0.04,8.68,10.08,0.315,0,nan,nan,3.9250000000000003,True,False,False,True,usable,turning
379,260408_115508411.jpg,2,300973.949886,5.7,15.76,379.5,2426,-0.11,-0.07,8.06,9.97,0.315,0,nan,nan,4.325,True,False,False,True,usable,turning
380,260408_115509564.jpg,2,300975.103388,4.07,24.07,351.1,5375,0.25,-0.19,5.98,7.83,0.408,0,nan,nan,5.425000000000001,True,False,False,True,usable,turning
381,260408_115510919.jpg,2,300976.45769,3.34,27.23,299.8,7966,0.13,2.51,8.9,11.27,0.278,0,nan,nan,3.7750000000000004,True,False,False,True,usable,turning
382,260408_115512322.jpg,2,300977.860891,3.76,17.91,276.8,6942,0.68,0.25,3.7,6.63,0.41,0,nan,nan,3.125,True,False,False,True,usable,turning
383,260408_115513522.jpg,2,300979.061693,4.32,4.74,210.5,6716,0.47,0.06,5.7,6.64,0.406,0,nan,nan,2.575,True,False,True,True,clean,
384,260408_115514566.jpg,2,300980.105294,4.68,1.18,175.2,1912,0.08,0.48,8.53,5.73,0.226,0,nan,nan,2.475,True,False,True,True,clean,
385,260408_115515472.jpg,2,300981.012295,5.81,0.93,177.1,2855,-1.15,1.11,7.32,9.31,0.236,0,nan,nan,3.1750000000000003,True,False,True,True,clean,
386,260408_115516304.jpg,2,300981.844196,6.49,0.25,164.1,3842,-0.52,0.33,3.67,11.39,0.229,0,nan,nan,2.725,True,False,True,True,clean,
387,260408_115517071.jpg,2,300982.610997,6.52,0.82,167.9,7088,0.47,0.44,3.02,12.86,0.236,0,nan,nan,2.375,True,False,True,True,clean,
388,260408_115517794.jpg,2,300983.333798,7.08,1.02,188.0,11121,0.8,-0.31,2.51,7.25,0.375,726,0.17,0.19,2.475,True,False,True,True,clean,
389,260408_115518506.jpg,2,300984.046099,7.0,0.13,216.5,12096,0.02,-0.21,5.81,9.72,0.335,1091,-0.0,-0.04,2.725,True,False,True,True,clean,
390,260408_115519218.jpg,2,300984.7584,6.8,0.1,232.7,14772,0.25,0.2,0.72,3.67,0.527,1432,4.82,0.23,2.475,True,False,True,True,clean,
391,260408_115519951.jpg,2,300985.491301,6.82,0.5,229.4,13479,-1.0,-0.05,11.89,9.18,0.284,1803,-0.89,-1.06,2.4250000000000003,True,False,True,True,clean,
392,260408_115520694.jpg,2,300986.235101,6.72,0.41,263.8,16574,-1.87,0.03,7.54,9.56,0.386,2769,0.04,2.21,2.7750000000000004,True,False,True,True,clean,
393,260408_115521459.jpg,2,300986.999302,6.34,0.01,276.2,10825,-0.13,-0.28,5.91,7.78,0.373,2206,-2.81,-1.23,3.125,True,False,True,True,clean,
394,260408_115522234.jpg,2,300987.775203,5.91,0.74,241.4,7798,0.26,-0.04,5.13,8.61,0.358,1353,-0.42,4.06,3.1750000000000003,True,False,True,True,clean,
395,260408_115523033.jpg,2,300988.574204,6.45,5.97,263.6,8009,-0.58,2.93,4.3,11.32,0.282,501,1.49,11.76,3.875,True,True,False,True,usable,pass_conflict+turning
396,260408_115523895.jpg,2,300989.436405,5.98,13.19,369.2,5021,-0.25,1.17,5.47,9.25,0.401,450,-0.05,-0.75,3.7750000000000004,True,False,False,True,usable,turning
397,260408_115524987.jpg,2,300990.528107,4.69,15.5,469.4,3835,0.05,0.19,5.73,9.51,0.267,253,-0.28,-3.09,3.825,True,False,False,True,usable,turning
398,260408_115711916.jpg,3,301097.47459,2.36,1.63,313.8,573,1.39,-9.76,6.34,11.0,0.235,0,nan,nan,3.825,False,False,False,True,reject,geometry+slow
399,260408_115713753.jpg,3,301099.311092,3.05,1.98,334.4,1381,-0.69,-8.15,7.93,12.66,0.189,0,nan,nan,3.6750000000000003,False,False,True,True,reject,geometry
400,260408_115715045.jpg,3,301100.603894,3.8,0.44,371.5,3317,-0.06,-0.59,7.91,15.49,0.193,0,nan,nan,4.125,True,False,True,True,clean,
401,260408_115716230.jpg,3,301101.789295,3.99,1.06,403.9,4920,0.17,-4.83,6.11,13.43,0.269,0,nan,nan,4.125,True,False,True,True,clean,
402,260408_115717318.jpg,3,301102.876796,4.6,0.24,404.8,5338,0.05,1.07,5.74,10.01,0.295,0,nan,nan,4.825,True,False,True,True,clean,
403,260408_115718320.jpg,3,301103.878897,5.08,0.09,421.9,4533,0.25,7.01,9.25,14.34,0.155,0,nan,nan,3.9250000000000003,False,False,True,True,reject,geometry
404,260408_115719250.jpg,3,301104.809259,5.02,0.47,371.8,4368,0.16,-0.09,8.73,10.25,0.19,0,nan,nan,4.4750000000000005,True,False,True,True,clean,
405,260408_115720194.jpg,3,301105.75376,4.99,0.88,291.8,3606,0.04,1.1,8.76,9.78,0.234,0,nan,nan,4.175,True,False,True,True,clean,
406,260408_115721267.jpg,3,301106.826361,4.77,1.4,316.7,2626,-0.85,1.55,8.31,10.23,0.184,0,nan,nan,3.725,True,False,True,True,clean,
407,260408_115722354.jpg,3,301107.913763,4.71,1.32,380.0,2723,-1.37,0.29,5.73,11.36,0.257,0,nan,nan,4.125,True,False,True,True,clean,
408,260408_115723381.jpg,3,301108.940664,5.06,0.59,473.9,2354,0.03,2.96,7.52,8.74,0.32,0,nan,nan,4.325,True,False,True,True,clean,
409,260408_115724394.jpg,3,301109.954565,4.92,1.78,527.5,2332,0.32,-0.45,4.91,8.26,0.266,0,nan,nan,5.125,True,False,True,True,clean,
410,260408_115725347.jpg,3,301110.907566,4.76,0.67,430.8,1786,-0.31,-5.31,10.68,15.23,0.076,0,nan,nan,3.7750000000000004,False,False,True,True,reject,geometry
411,260408_115726347.jpg,3,301111.907768,5.1,0.75,450.8,1893,-0.46,-4.32,11.02,9.82,0.104,0,nan,nan,4.275,True,False,True,True,clean,
412,260408_115727324.jpg,3,301112.884069,5.09,2.25,463.3,3348,-1.21,-0.45,9.3,15.85,0.094,0,nan,nan,4.325,True,False,True,True,clean,
413,260408_115728391.jpg,3,301113.95147,4.6,5.17,536.0,4322,0.71,-0.78,10.17,9.49,0.179,0,nan,nan,4.775,True,False,False,True,usable,turning
414,260408_115729711.jpg,3,301115.272272,3.9,5.22,551.7,6736,-0.3,-0.84,4.56,9.41,0.274,0,nan,nan,4.375,True,False,False,True,usable,turning
415,260408_115731133.jpg,3,301116.694372,3.65,3.37,312.0,7270,-0.13,-0.4,6.48,6.78,0.266,0,nan,nan,4.325,True,False,True,True,clean,
416,260408_115732502.jpg,3,301118.062873,3.62,0.95,258.9,7571,-0.2,-0.44,7.49,9.58,0.243,0,nan,nan,4.075,True,False,True,True,clean,
417,260408_115733785.jpg,3,301119.346775,3.64,0.91,288.3,8256,-0.14,-0.22,6.98,9.34,0.285,0,nan,nan,4.025,True,False,True,True,clean,
418,260408_115734952.jpg,3,301120.513476,4.51,0.58,329.3,7243,-0.71,1.56,7.35,9.97,0.269,0,nan,nan,4.075,True,False,True,True,clean,
419,260408_115735966.jpg,3,301121.528278,5.24,0.13,594.8,5248,-0.46,-0.18,4.18,9.96,0.21,0,nan,nan,3.7750000000000004,True,False,True,True,clean,
420,260408_115736902.jpg,3,301122.463579,5.13,0.54,590.4,5742,-1.29,-0.75,5.12,11.19,0.183,0,nan,nan,3.725,True,False,True,True,clean,
421,260408_115737933.jpg,3,301123.49498,4.73,2.17,461.7,4511,-0.29,-0.25,7.8,7.7,0.271,0,nan,nan,4.425,True,False,True,True,clean,
422,260408_115739179.jpg,3,301124.741082,3.99,1.12,628.8,2000,0.63,0.66,6.12,8.32,0.331,0,nan,nan,5.075,True,False,True,True,clean,
423,260408_115740639.jpg,3,301126.201284,3.36,1.47,1143.7,1178,-0.85,-12.89,7.78,12.88,0.113,0,nan,nan,4.175,False,False,True,True,reject,geometry
424,260408_115742281.jpg,3,301127.843586,2.65,10.46,895.8,1608,-0.45,0.33,8.84,6.81,0.191,0,nan,nan,3.625,True,False,False,True,usable,slow+turning
425,260408_115745855.jpg,3,301131.41889,2.04,21.47,568.8,3994,0.14,0.08,2.21,5.33,0.48,0,nan,nan,3.575,True,False,False,True,usable,slow+turning
426,260408_115747632.jpg,3,301133.195942,4.42,25.58,352.7,5119,-0.06,-0.85,4.63,10.78,0.317,0,nan,nan,3.7750000000000004,True,False,False,True,usable,turning
427,260408_115748775.jpg,3,301134.339158,6.5,3.5,304.2,5684,0.15,1.01,6.95,9.01,0.264,0,nan,nan,4.025,True,False,True,True,clean,
428,260408_115749650.jpg,3,301135.214352,7.43,1.03,250.9,5150,0.19,0.39,6.28,6.61,0.285,0,nan,nan,3.225,True,False,True,True,clean,
429,260408_115750398.jpg,3,301135.962153,7.99,0.42,198.2,4586,0.35,-0.11,6.54,9.98,0.321,0,nan,nan,2.7750000000000004,True,False,True,True,clean,
430,260408_115751021.jpg,3,301136.584833,8.08,0.9,200.1,4956,0.09,0.13,6.48,9.98,0.29,0,nan,nan,2.9250000000000003,True,False,True,True,clean,
431,260408_115751640.jpg,3,301137.204334,9.11,0.56,210.6,8278,-1.88,-0.21,4.86,8.66,0.391,0,nan,nan,3.6750000000000003,True,False,True,True,clean,
432,260408_115752203.jpg,3,301137.767835,9.4,0.18,253.6,7500,0.79,0.71,8.91,8.71,0.377,0,nan,nan,3.475,True,False,True,True,clean,
433,260408_115752745.jpg,3,301138.309735,9.12,0.01,507.4,7186,6.7,-0.02,11.91,6.85,0.311,0,nan,nan,3.6750000000000003,False,False,True,True,reject,geometry
434,260408_115753287.jpg,3,301138.851636,9.72,0.35,959.6,6580,6.55,0.42,5.43,6.16,0.404,0,nan,nan,3.825,False,False,True,True,reject,geometry
435,260408_115753829.jpg,3,301139.393537,10.03,0.66,1164.2,3099,0.29,5.24,14.04,10.83,0.195,0,nan,nan,4.025,True,False,True,True,clean,
436,260408_115754323.jpg,3,301139.887637,10.29,0.5,1155.5,549,16.78,15.25,2.57,14.69,0.103,0,nan,nan,4.175,False,False,True,True,reject,geometry
437,260408_115754806.jpg,3,301140.370938,10.51,0.39,1082.1,150,11.18,2.87,6.47,16.13,0.033,0,nan,nan,4.125,False,False,True,True,unverified,few_edges
438,260408_115755279.jpg,3,301140.844038,10.58,0.43,1028.5,241,2.77,1.19,4.63,19.8,0.059,0,nan,nan,4.075,False,False,True,True,unverified,few_edges
439,260408_115755752.jpg,3,301141.317139,10.47,0.49,911.5,297,-0.44,3.89,5.47,21.69,0.077,0,nan,nan,4.025,False,False,True,True,unverified,few_edges
440,260408_115756225.jpg,3,301141.79024,10.36,0.06,1031.2,191,-7.46,11.0,8.63,12.76,0.068,0,nan,nan,3.875,False,False,True,True,unverified,few_edges
441,260408_115756709.jpg,3,301142.27374,10.28,0.15,1022.9,224,-6.25,-1.28,6.56,14.6,0.115,0,nan,nan,3.875,False,False,True,True,unverified,few_edges
442,260408_115757192.jpg,3,301142.757241,10.27,0.42,988.3,398,-1.92,1.34,10.8,15.74,0.136,0,nan,nan,3.725,True,False,True,True,clean,
443,260408_115757675.jpg,3,301143.240742,10.3,0.33,887.5,443,10.4,-16.0,9.4,12.5,0.049,0,nan,nan,3.725,False,False,True,True,reject,geometry
444,260408_115758159.jpg,3,301143.724242,10.37,0.18,670.5,320,0.89,-0.67,5.83,9.37,0.228,0,nan,nan,3.625,True,False,True,True,clean,
445,260408_115758642.jpg,3,301144.207743,10.48,0.41,426.8,351,-1.53,-0.62,14.0,15.08,0.163,0,nan,nan,3.625,True,False,True,True,clean,
446,260408_115759115.jpg,3,301144.680843,10.6,0.39,296.4,606,-0.31,-1.4,8.94,9.0,0.277,0,nan,nan,3.575,True,False,True,True,clean,
447,260408_115759588.jpg,3,301145.153944,10.74,0.43,221.3,944,-0.48,-0.39,5.21,11.49,0.28,0,nan,nan,3.375,True,False,True,True,clean,
448,260408_115800051.jpg,3,301145.616644,10.88,0.44,187.3,1549,-0.07,-0.02,6.08,7.66,0.454,0,nan,nan,3.375,True,False,True,True,clean,
449,260408_115800514.jpg,3,301146.079345,11.01,0.01,172.0,1662,0.82,-2.48,6.49,9.23,0.436,0,nan,nan,3.5250000000000004,True,False,True,True,clean,
450,260408_115800976.jpg,3,301146.542046,11.14,0.24,166.3,1202,2.23,-0.87,7.57,8.14,0.381,0,nan,nan,3.2750000000000004,True,False,True,True,clean,
451,260408_115801439.jpg,3,301147.004746,11.26,0.14,159.9,772,-0.38,-2.62,4.61,7.74,0.394,0,nan,nan,3.075,True,False,True,True,clean,
452,260408_115801881.jpg,3,301147.447347,11.38,0.44,153.7,1347,-1.14,-0.89,3.67,16.93,0.218,0,nan,nan,3.075,False,False,True,True,reject,geometry
453,260408_115802324.jpg,3,301147.889947,11.5,0.48,153.6,77,2.65,0.35,0.29,0.62,0.318,0,nan,nan,3.125,False,False,True,True,unverified,few_edges
454,260408_115802766.jpg,3,301148.332548,11.6,0.05,154.1,45,nan,nan,nan,nan,nan,0,nan,nan,3.2750000000000004,False,False,True,True,unverified,few_edges
455,260408_115803202.jpg,3,301148.76828,11.7,1.28,157.2,27,nan,nan,nan,nan,nan,0,nan,nan,3.1750000000000003,False,False,True,True,unverified,few_edges
456,260408_115803630.jpg,3,301149.196381,11.8,1.38,155.8,33,nan,nan,nan,nan,nan,0,nan,nan,2.725,False,False,True,True,unverified,few_edges
457,260408_115804058.jpg,3,301149.624481,11.88,0.04,156.0,13,nan,nan,nan,nan,nan,0,nan,nan,2.7750000000000004,False,False,True,True,unverified,few_edges
458,260408_115804486.jpg,3,301150.052582,11.92,0.87,154.5,12,nan,nan,nan,nan,nan,0,nan,nan,2.5250000000000004,False,False,True,True,unverified,few_edges
459,260408_115855730.jpg,4,301201.304194,11.04,0.08,168.9,2,nan,nan,nan,nan,nan,0,nan,nan,2.975,False,False,True,True,unverified,few_edges
460,260408_115856192.jpg,4,301201.766594,11.05,0.27,169.2,3,nan,nan,nan,nan,nan,0,nan,nan,2.575,False,False,True,True,unverified,few_edges
461,260408_115856644.jpg,4,301202.218495,11.07,0.18,170.3,4,nan,nan,nan,nan,nan,0,nan,nan,2.6750000000000003,False,False,True,True,unverified,few_edges
462,260408_115857096.jpg,4,301202.670395,11.07,0.41,168.2,10,nan,nan,nan,nan,nan,0,nan,nan,3.0250000000000004,False,False,True,True,unverified,few_edges
463,260408_115857548.jpg,4,301203.122296,11.07,0.36,170.2,30,nan,nan,nan,nan,nan,0,nan,nan,2.7750000000000004,False,False,True,True,unverified,few_edges
464,260408_115857999.jpg,4,301203.574197,11.06,0.12,171.2,101,12.56,-0.71,14.28,2.29,0.242,0,nan,nan,3.125,False,False,True,True,unverified,few_edges
465,260408_115858451.jpg,4,301204.026097,11.06,0.14,172.7,74,10.45,-1.35,11.72,12.16,0.123,0,nan,nan,2.9250000000000003,False,False,True,True,unverified,few_edges
466,260408_115858903.jpg,4,301204.477998,11.06,0.14,176.0,350,-0.27,-7.79,7.62,13.25,0.129,0,nan,nan,3.1750000000000003,False,False,True,True,reject,geometry
467,260408_115859355.jpg,4,301204.929898,11.05,0.41,179.5,361,-0.72,-6.61,7.77,11.42,0.135,0,nan,nan,3.1750000000000003,False,False,True,True,reject,geometry
468,260408_115859807.jpg,4,301205.381799,11.04,0.64,186.6,710,1.09,-11.13,9.82,12.64,0.125,0,nan,nan,3.2750000000000004,False,False,True,True,reject,geometry
469,260408_115900259.jpg,4,301205.833699,11.03,0.54,192.8,913,0.92,-7.64,8.03,10.22,0.176,0,nan,nan,3.1750000000000003,False,False,True,True,reject,geometry
470,260408_115900710.jpg,4,301206.2856,11.01,0.29,216.9,1231,0.34,-5.02,8.26,10.81,0.168,0,nan,nan,3.1750000000000003,True,False,True,True,clean,
471,260408_115901162.jpg,4,301206.737501,11.0,0.11,252.2,1121,-0.37,-4.49,8.29,11.52,0.157,0,nan,nan,3.125,True,False,True,True,clean,
472,260408_115901614.jpg,4,301207.189401,10.99,0.16,314.6,1130,-0.19,-0.67,7.68,9.57,0.237,0,nan,nan,3.225,True,False,True,True,clean,
473,260408_115902066.jpg,4,301207.641302,10.98,0.39,404.9,1138,-0.37,-0.48,8.38,11.52,0.219,0,nan,nan,3.0250000000000004,True,False,True,True,clean,
474,260408_115902518.jpg,4,301208.093202,10.98,0.19,470.3,859,-0.87,-2.38,6.4,11.2,0.266,0,nan,nan,3.0250000000000004,True,False,True,True,clean,
475,260408_115902970.jpg,4,301208.545103,10.98,0.14,554.4,833,-0.19,-1.69,5.51,8.97,0.304,0,nan,nan,2.875,True,False,True,True,clean,
476,260408_115903421.jpg,4,301208.997003,11.01,0.5,608.9,941,-0.77,-0.35,6.6,10.87,0.265,0,nan,nan,2.825,True,False,True,True,clean,
477,260408_115903873.jpg,4,301209.448904,11.26,0.89,624.2,1293,0.04,0.44,6.77,9.31,0.348,0,nan,nan,3.325,True,False,True,True,clean,
478,260408_115904325.jpg,4,301209.900804,11.05,0.26,574.6,1327,0.07,0.55,9.02,11.38,0.225,0,nan,nan,3.375,True,False,True,True,clean,
479,260408_115904777.jpg,4,301210.352705,11.02,0.02,573.9,1307,0.05,-0.73,9.11,10.57,0.247,0,nan,nan,2.975,True,False,True,True,clean,
480,260408_115905229.jpg,4,301210.804606,10.93,0.3,657.0,1665,0.03,-0.48,6.54,7.79,0.366,0,nan,nan,3.225,True,False,True,True,clean,
481,260408_115905680.jpg,4,301211.256506,10.66,0.95,717.7,1907,-0.24,0.73,6.29,9.86,0.362,0,nan,nan,2.875,True,False,True,True,clean,
482,260408_115906132.jpg,4,301211.708407,11.01,0.24,724.5,1608,0.23,0.4,6.01,6.91,0.349,0,nan,nan,3.075,True,False,True,True,clean,
483,260408_115906584.jpg,4,301212.160307,11.07,0.35,637.9,1550,-0.21,0.61,6.58,8.37,0.327,0,nan,nan,2.875,True,False,True,True,clean,
484,260408_115907036.jpg,4,301212.612208,11.37,1.37,458.3,1425,-0.17,0.58,9.91,10.76,0.262,0,nan,nan,2.9250000000000003,True,False,True,True,clean,
485,260408_115907488.jpg,4,301213.064108,11.0,0.09,301.2,2209,1.22,0.14,4.88,11.8,0.26,0,nan,nan,3.225,True,False,True,True,clean,
486,260408_115907940.jpg,4,301213.516009,10.51,1.02,236.0,4227,6.57,0.51,25.12,7.65,0.14,0,nan,nan,2.7750000000000004,False,False,True,True,reject,geometry
487,260408_115908403.jpg,4,301213.979009,10.65,0.56,213.5,3606,-0.85,-1.28,10.94,9.8,0.184,0,nan,nan,2.975,True,False,True,True,clean,
488,260408_115908876.jpg,4,301214.45251,9.6,1.02,213.2,3977,-0.42,1.38,10.05,10.15,0.198,0,nan,nan,3.1750000000000003,True,False,True,True,clean,
489,260408_115909360.jpg,4,301214.936311,10.15,0.15,220.6,5101,-0.12,0.03,4.47,10.41,0.342,0,nan,nan,4.025,True,False,True,True,clean,
490,260408_115909854.jpg,4,301215.430311,10.88,1.31,257.5,4196,-0.22,0.03,4.72,6.26,0.342,0,nan,nan,3.375,True,False,True,True,clean,
491,260408_115910359.jpg,4,301215.935412,9.84,0.79,281.7,3501,-0.17,-0.05,6.87,9.43,0.296,0,nan,nan,3.2750000000000004,True,False,True,True,clean,
492,260408_115910874.jpg,4,301216.451213,9.29,1.12,322.9,3728,-0.47,0.21,6.96,8.27,0.286,0,nan,nan,2.9250000000000003,True,False,True,True,clean,
493,260408_115911407.jpg,4,301216.984413,9.25,0.53,381.1,2374,-0.37,0.51,6.02,9.83,0.235,0,nan,nan,2.7750000000000004,True,False,True,True,clean,
494,260408_115911951.jpg,4,301217.528214,9.03,0.81,402.6,2892,-0.17,0.11,6.11,9.53,0.294,0,nan,nan,2.6750000000000003,True,False,True,True,clean,
495,260408_115912508.jpg,4,301218.085215,8.64,0.64,399.3,3729,0.47,0.69,7.35,7.98,0.345,0,nan,nan,3.325,True,False,True,True,clean,
496,260408_115913087.jpg,4,301218.664615,8.78,0.56,378.8,4756,0.14,0.11,7.02,4.05,0.405,1728,-5.13,-0.2,4.025,True,False,True,True,clean,
497,260408_115913688.jpg,4,301219.264816,8.26,0.14,296.2,6890,-0.02,-0.54,4.74,6.71,0.457,1491,0.54,0.06,3.875,True,False,True,True,clean,
498,260408_115914301.jpg,4,301219.878717,7.68,0.57,271.4,7129,-0.29,0.26,4.7,8.91,0.366,2455,-1.24,0.37,4.525,True,False,True,True,clean,
499,260408_115914949.jpg,4,301220.526118,7.57,0.25,263.9,7556,0.22,0.18,5.04,6.82,0.412,6071,0.04,1.18,3.2750000000000004,True,False,True,True,clean,
500,260408_115915618.jpg,4,301221.196019,7.41,0.05,260.3,6673,-0.2,-0.18,4.05,7.78,0.434,3538,0.29,7.44,3.325,True,False,True,True,clean,
501,260408_115916323.jpg,4,301221.900219,7.11,0.14,243.9,6419,-0.21,0.22,5.4,8.33,0.381,4461,0.36,0.82,3.2750000000000004,True,False,True,True,clean,
502,260408_115917052.jpg,4,301222.62952,6.6,0.17,222.3,4849,0.1,-0.5,4.8,9.21,0.294,3209,0.63,0.07,3.125,True,False,True,True,clean,
503,260408_115917835.jpg,4,301223.412521,6.2,0.01,205.9,6070,-0.04,-0.13,5.27,8.26,0.339,1900,4.86,0.1,2.575,True,False,True,True,clean,
504,260408_115918699.jpg,4,301224.277022,5.58,2.41,188.9,4762,-0.05,-0.6,3.74,6.33,0.465,860,3.22,-0.26,2.375,True,False,True,True,clean,
505,260408_115919805.jpg,4,301225.383724,4.08,14.29,203.1,2965,0.3,-0.52,4.58,7.46,0.264,3222,7.89,-1.57,2.625,True,False,False,True,usable,turning
506,260408_115921698.jpg,4,301227.277026,2.48,21.26,217.3,3139,-0.07,-0.42,8.41,7.9,0.304,4279,0.69,1.56,3.375,True,False,False,True,usable,slow+turning
507,260408_115923512.jpg,4,301229.090729,2.66,12.84,243.0,3603,-0.37,0.12,5.98,8.54,0.301,11917,2.8,-0.78,3.4250000000000003,True,False,False,True,usable,slow+turning
508,260408_115925311.jpg,4,301230.890231,2.81,1.27,282.2,4150,-0.27,-0.33,6.39,10.77,0.26,12974,0.82,1.83,3.475,True,False,False,True,usable,slow
509,260408_115927177.jpg,4,301232.756859,2.69,1.17,312.1,4818,-0.25,-0.33,7.04,6.91,0.272,8856,2.73,-0.69,3.875,True,False,False,True,usable,slow
510,260408_115929108.jpg,4,301234.688109,2.49,8.99,311.1,6675,0.04,-0.15,6.39,9.01,0.293,6138,-0.53,-0.28,4.325,True,False,False,True,usable,slow+turning
511,260408_115931409.jpg,4,301236.989412,2.45,18.96,364.0,8774,0.4,0.22,2.95,8.15,0.341,7838,0.91,-3.34,3.625,True,False,False,True,usable,slow+turning
512,260408_115953613.jpg,5,301259.196793,3.04,3.96,653.2,1326,0.22,-0.78,6.37,8.09,0.246,5476,0.92,-0.75,3.975,True,False,True,True,clean,
513,260408_115955120.jpg,5,301260.703614,3.49,5.56,610.2,2809,-0.41,-0.54,1.19,12.27,0.303,10032,0.94,-0.78,3.575,True,False,False,True,usable,turning
514,260408_115956309.jpg,5,301261.892515,4.18,7.14,481.8,2924,-0.03,-0.82,7.04,7.31,0.316,7952,0.8,0.02,3.125,True,False,False,True,usable,turning
515,260408_115957366.jpg,5,301262.950316,4.82,7.39,403.3,7835,-0.08,-0.74,6.25,5.96,0.413,8849,0.27,-0.16,3.4250000000000003,True,False,False,True,usable,turning
516,260408_115958384.jpg,5,301263.967818,4.94,7.02,351.0,9009,0.28,0.47,8.63,7.76,0.29,10302,0.61,0.26,3.325,True,False,False,True,usable,turning
517,260408_115959462.jpg,5,301265.046719,4.51,1.1,315.7,13285,-0.29,-0.59,8.06,9.61,0.335,11341,0.08,-0.08,2.7750000000000004,True,False,True,True,clean,
518,260408_120000568.jpg,5,301266.15282,4.39,10.41,304.2,13563,-0.01,-0.04,8.65,10.09,0.283,14079,0.19,-0.57,2.7750000000000004,True,False,False,True,usable,turning
519,260408_120001705.jpg,5,301267.290122,4.36,12.57,304.5,17640,0.16,-0.07,8.55,7.44,0.366,14898,0.43,-0.17,2.825,True,False,False,True,usable,turning
520,260408_120002902.jpg,5,301268.486823,3.93,9.05,302.6,18740,-0.19,-0.07,7.39,8.75,0.4,16117,0.44,-0.04,2.875,True,False,False,True,usable,turning
521,260408_120004432.jpg,5,301270.017225,3.23,4.84,309.0,16951,-0.36,-0.04,9.68,9.62,0.29,13822,0.73,-1.82,2.825,True,False,True,True,clean,
522,260408_120006329.jpg,5,301271.914528,2.41,22.25,322.6,11311,0.06,-0.49,7.47,9.26,0.275,11871,0.81,-0.8,3.125,True,False,False,True,usable,slow+turning
523,260408_120008373.jpg,5,301273.95863,3.08,24.66,376.7,9702,-0.06,-0.2,8.81,9.53,0.298,3555,0.1,-1.65,2.7750000000000004,True,False,False,True,usable,turning
524,260408_120009661.jpg,5,301275.246932,4.26,9.1,533.8,10175,0.07,-0.21,7.24,8.7,0.344,2866,-0.31,-0.46,3.475,True,False,False,True,usable,turning
525,260408_120010662.jpg,5,301276.247733,5.71,0.7,526.8,7715,0.44,0.17,8.2,8.55,0.303,2798,0.66,0.13,3.575,True,False,True,True,clean,
526,260408_120011470.jpg,5,301277.056034,7.27,0.48,496.7,4718,-0.22,-0.38,9.61,10.27,0.253,2879,-0.43,-0.02,2.875,True,False,True,True,clean,
527,260408_120012166.jpg,5,301277.752735,6.89,0.09,580.1,4960,-1.09,-0.21,6.2,10.19,0.301,0,nan,nan,3.2750000000000004,True,False,True,True,clean,
528,260408_120012874.jpg,5,301278.460836,6.87,0.43,577.4,6934,0.08,-0.42,6.57,9.31,0.374,0,nan,nan,3.5250000000000004,True,False,True,True,clean,
529,260408_120013593.jpg,5,301279.180036,7.24,0.12,583.7,6790,-0.2,-0.03,8.07,11.67,0.33,0,nan,nan,4.525,True,False,True,True,clean,
530,260408_120014325.jpg,5,301279.911537,6.79,0.44,598.5,5599,-0.12,-0.78,6.76,9.18,0.329,0,nan,nan,5.4750000000000005,True,False,True,True,clean,
531,260408_120015068.jpg,5,301280.654938,6.57,0.62,605.4,4818,0.11,0.18,8.13,9.06,0.258,0,nan,nan,4.775,True,False,True,True,clean,
532,260408_120015880.jpg,5,301281.467139,5.71,0.93,709.5,3259,-0.18,-0.48,9.03,8.31,0.267,0,nan,nan,4.275,True,False,True,True,clean,
533,260408_120016845.jpg,5,301282.432241,5.19,0.19,847.1,1988,-0.17,-4.74,6.86,10.52,0.223,0,nan,nan,3.6750000000000003,True,False,True,True,clean,
534,260408_120017841.jpg,5,301283.428642,5.0,0.19,830.5,2189,0.0,-1.76,7.49,11.57,0.222,0,nan,nan,3.1750000000000003,True,False,True,True,clean,
535,260408_120018859.jpg,5,301284.446643,4.48,7.58,840.9,1500,-0.33,-3.32,9.34,11.44,0.113,0,nan,nan,3.075,True,False,False,True,usable,turning
536,260408_120020101.jpg,5,301285.688345,3.68,16.43,648.0,1830,-0.67,-1.57,11.61,10.18,0.163,0,nan,nan,2.9250000000000003,True,False,False,True,usable,turning
537,260408_120021773.jpg,5,301287.361247,3.42,17.8,485.5,3957,-0.51,-0.68,6.3,10.32,0.219,0,nan,nan,2.9250000000000003,True,False,False,True,usable,turning
538,260408_120023122.jpg,5,301288.710088,3.99,13.75,627.3,6238,0.19,-0.45,6.7,9.53,0.289,0,nan,nan,3.625,True,False,False,True,usable,turning
539,260408_120024226.jpg,5,301289.814046,4.52,7.31,692.2,7638,0.18,0.44,9.39,9.95,0.275,0,nan,nan,3.625,True,False,False,True,usable,turning
540,260408_120025191.jpg,5,301290.779047,5.05,0.98,586.5,9417,0.2,1.09,7.78,9.57,0.323,0,nan,nan,3.125,True,False,True,True,clean,
541,260408_120026105.jpg,5,301291.693648,5.54,0.78,510.6,10964,-0.03,0.59,7.96,9.96,0.303,0,nan,nan,3.325,True,False,True,True,clean,
542,260408_120026998.jpg,5,301292.587049,5.54,0.11,448.0,11532,0.42,-0.01,6.84,8.99,0.328,0,nan,nan,3.325,True,False,True,True,clean,
543,260408_120027890.jpg,5,301293.47865,5.56,0.87,428.7,12031,0.08,0.37,8.28,10.88,0.278,0,nan,nan,3.325,True,False,True,True,clean,
544,260408_120028754.jpg,5,301294.343251,5.69,0.63,524.7,10336,-0.22,0.15,7.6,10.01,0.321,0,nan,nan,3.725,True,False,True,True,clean,
545,260408_120029614.jpg,5,301295.203052,5.81,0.28,493.8,7698,-0.09,-0.35,7.48,10.24,0.321,0,nan,nan,3.9250000000000003,True,False,True,True,clean,
546,260408_120030463.jpg,5,301296.052353,5.96,0.66,454.5,8176,0.05,0.75,7.78,7.54,0.325,0,nan,nan,3.325,True,False,True,True,clean,
547,260408_120031324.jpg,5,301296.913054,5.75,0.52,358.9,7816,0.53,0.19,10.13,9.25,0.269,0,nan,nan,3.075,True,False,True,True,clean,
548,260408_120032227.jpg,5,301297.816256,5.75,0.97,345.5,7480,0.36,0.91,8.29,9.0,0.27,0,nan,nan,2.825,True,False,True,True,clean,
549,260408_120033162.jpg,5,301298.751957,5.34,1.34,357.2,9312,0.77,-0.56,5.51,7.74,0.396,0,nan,nan,3.475,True,False,True,True,clean,
550,260408_120034126.jpg,5,301299.716058,4.84,8.49,374.1,8447,-0.12,-0.39,6.62,6.92,0.348,0,nan,nan,3.075,True,False,False,True,usable,turning
551,260408_120035149.jpg,5,301300.739259,4.87,13.26,447.5,7392,-0.59,0.61,8.54,9.5,0.304,0,nan,nan,2.9250000000000003,True,False,False,True,usable,turning
552,260408_120036216.jpg,5,301301.806361,4.69,12.56,546.8,6589,-0.58,-1.95,3.3,7.36,0.38,0,nan,nan,3.0250000000000004,True,False,False,True,usable,turning
553,260408_120037297.jpg,5,301302.887462,4.48,8.54,683.1,5602,-0.45,-2.05,2.26,8.86,0.347,0,nan,nan,3.825,True,False,False,True,usable,turning
554,260408_120038489.jpg,5,301304.079264,4.24,5.12,591.0,3626,-0.56,-0.55,4.08,8.46,0.23,0,nan,nan,3.975,True,False,False,True,usable,turning
555,260408_120039750.jpg,5,301305.341265,3.95,4.3,607.6,1266,0.38,0.19,5.82,7.36,0.185,0,nan,nan,3.4250000000000003,True,False,True,True,clean,
556,260408_120041066.jpg,5,301306.657167,3.72,6.13,536.9,1717,0.36,-0.02,2.57,3.67,0.551,0,nan,nan,3.575,True,False,False,True,usable,turning
557,260408_120042544.jpg,5,301308.135469,3.6,8.47,372.1,2776,0.14,-0.05,2.66,8.65,0.445,0,nan,nan,2.625,True,False,False,True,usable,turning
558,260408_120044043.jpg,5,301309.634671,3.42,8.54,294.8,4974,-0.46,0.06,7.46,8.48,0.374,0,nan,nan,3.375,True,False,False,True,usable,turning
559,260408_120045536.jpg,5,301311.127372,3.29,4.73,235.5,5294,-0.11,0.32,6.98,9.91,0.274,0,nan,nan,3.4250000000000003,True,False,True,True,clean,
560,260408_120046926.jpg,5,301312.517674,3.45,1.27,211.3,7047,-0.19,-0.83,7.31,11.42,0.233,0,nan,nan,2.475,True,False,True,True,clean,
561,260408_120048289.jpg,5,301313.881456,3.65,1.68,195.3,7416,-0.05,0.89,8.31,10.9,0.264,0,nan,nan,2.625,True,False,True,True,clean,
562,260408_120049602.jpg,5,301315.194157,3.63,3.35,202.6,7611,-0.59,0.21,9.76,9.19,0.252,0,nan,nan,2.4250000000000003,True,False,True,True,clean,
563,260408_120050999.jpg,5,301316.591459,3.32,0.35,224.8,10052,-0.64,0.43,3.87,9.67,0.444,0,nan,nan,3.225,True,False,True,True,clean,
564,260408_120053352.jpg,5,301318.945262,2.29,7.89,287.3,6233,0.88,5.77,7.8,11.27,0.317,0,nan,nan,2.875,True,False,False,True,usable,slow+turning
565,260408_120056556.jpg,5,301322.149166,2.52,11.92,372.8,8135,2.73,-0.33,5.75,8.92,0.333,0,nan,nan,3.5250000000000004,True,False,False,True,usable,slow+turning
566,260408_120058186.jpg,5,301323.779303,3.71,10.87,401.1,7581,-1.51,0.77,8.89,14.72,0.168,0,nan,nan,2.825,True,False,False,True,usable,turning
567,260408_120059380.jpg,5,301324.973904,4.64,4.97,462.0,1852,0.61,-0.82,4.37,9.22,0.116,0,nan,nan,2.875,True,False,True,True,clean,
568,260408_120100346.jpg,5,301325.940205,5.08,1.0,435.6,3291,0.14,-2.4,7.06,9.41,0.213,0,nan,nan,3.325,True,False,True,True,clean,
569,260408_120101309.jpg,5,301326.903506,4.98,0.69,352.9,3312,-0.21,0.49,8.0,12.0,0.163,0,nan,nan,2.825,True,False,True,True,clean,
570,260408_120102332.jpg,5,301327.926008,4.83,1.28,300.6,3438,-0.55,1.12,7.03,12.67,0.214,0,nan,nan,3.325,True,False,True,True,clean,
571,260408_120103399.jpg,5,301328.993248,4.83,0.97,247.4,4198,-0.4,0.69,4.08,6.98,0.304,0,nan,nan,3.375,True,False,True,True,clean,
572,260408_120104406.jpg,5,301330.000249,4.77,0.41,238.0,5208,-0.51,0.92,4.15,8.85,0.308,0,nan,nan,3.0250000000000004,True,False,True,True,clean,
573,260408_120105441.jpg,5,301331.035837,4.85,0.61,229.6,7042,-0.98,1.91,7.97,10.18,0.239,0,nan,nan,3.325,True,False,True,True,clean,
574,260408_120106457.jpg,5,301332.051839,5.0,0.34,224.2,8050,-2.6,4.43,6.57,13.19,0.259,0,nan,nan,3.225,True,False,True,True,clean,
575,260408_120107442.jpg,5,301333.03724,5.1,0.35,210.8,9517,-0.16,1.76,7.09,12.31,0.306,0,nan,nan,2.975,True,False,True,True,clean,
576,260408_120108420.jpg,5,301334.015141,5.21,0.07,210.6,7017,-2.63,5.39,3.36,12.93,0.283,0,nan,nan,3.125,True,False,True,True,clean,
577,260408_120109340.jpg,5,301334.935733,5.21,1.41,197.5,4090,-1.06,2.8,15.01,9.71,0.132,37,nan,nan,3.225,True,False,True,True,clean,
578,260408_120110258.jpg,5,301335.853934,5.49,0.81,198.5,3733,-0.38,0.52,6.81,8.43,0.277,87,6.42,0.22,3.9250000000000003,True,False,True,True,clean,
579,260408_120111146.jpg,5,301336.741735,5.65,0.11,198.8,3461,-0.31,0.75,7.61,14.45,0.166,252,1.68,4.03,3.475,True,False,True,True,clean,
580,260408_120112034.jpg,5,301337.629736,5.57,0.31,190.8,4535,0.19,0.04,7.18,9.29,0.276,370,-0.62,0.96,3.5250000000000004,True,False,True,True,clean,
581,260408_120112904.jpg,5,301338.500137,5.86,0.93,187.9,3767,-0.05,0.34,6.92,7.95,0.318,396,-1.18,0.32,4.175,True,False,True,True,clean,
582,260408_120113757.jpg,5,301339.352896,5.92,0.88,190.5,3464,-0.17,-0.21,5.67,9.5,0.359,479,0.83,-3.89,3.7750000000000004,True,False,True,True,clean,
583,260408_120114617.jpg,5,301340.213397,5.87,0.38,194.4,3501,0.21,-0.14,5.79,10.63,0.303,686,0.01,-1.1,3.625,True,False,True,True,clean,
584,260408_120115466.jpg,5,301341.062098,5.97,0.3,193.8,3060,-0.04,-0.11,5.06,9.18,0.363,733,0.46,-2.4,3.475,True,False,True,True,clean,
585,260408_120116294.jpg,5,301341.890299,5.98,0.49,195.5,3051,0.41,-0.81,5.22,10.41,0.331,846,2.81,-3.49,3.475,True,False,True,True,clean,
586,260408_120117156.jpg,5,301342.7528,6.03,1.11,193.5,2860,0.21,-0.74,5.36,9.83,0.345,1024,1.9,-6.67,3.2750000000000004,True,False,True,True,clean,
587,260408_120117992.jpg,5,301343.588401,6.07,0.38,189.0,2769,0.47,-1.81,4.96,9.25,0.327,863,0.45,-4.13,3.225,True,False,True,True,clean,
588,260408_120118814.jpg,5,301344.410503,6.03,0.83,185.1,2413,0.28,-0.43,6.19,9.76,0.315,1029,0.34,-2.15,3.125,True,False,True,True,clean,
589,260408_120119644.jpg,5,301345.241104,5.66,0.34,184.3,2343,0.45,1.78,6.17,8.78,0.367,775,-0.48,-6.56,3.225,True,False,True,True,clean,
590,260408_120120534.jpg,5,301346.131305,5.62,0.97,185.2,2523,0.28,3.29,2.52,9.91,0.363,1019,-0.41,5.54,4.025,True,False,True,True,clean,
591,260408_120121469.jpg,5,301347.066306,5.61,1.73,193.8,1516,0.05,-0.89,3.87,7.87,0.497,727,0.41,-4.38,2.875,True,False,True,True,clean,
592,260408_120122424.jpg,5,301348.021907,5.13,0.14,211.9,1195,0.08,-0.57,3.47,6.73,0.529,979,-4.07,-0.61,2.725,True,False,True,True,clean,
593,260408_120123450.jpg,5,301349.048108,5.0,0.78,244.8,1041,0.31,0.12,3.8,7.35,0.45,765,0.35,-5.72,2.875,True,False,True,True,clean,
594,260408_120145893.jpg,6,301371.494331,5.42,3.95,291.7,455,0.08,-4.16,5.25,9.01,0.307,634,0.08,-0.97,3.0250000000000004,True,False,True,True,clean,
595,260408_120146803.jpg,6,301372.404732,5.69,1.58,243.8,704,-1.6,-1.81,9.32,9.61,0.209,918,-0.05,-4.64,2.7750000000000004,True,False,True,True,clean,
596,260408_120147655.jpg,6,301373.256533,6.27,1.5,206.6,642,-0.07,-1.56,6.64,8.29,0.311,1160,0.12,0.37,2.9250000000000003,True,False,True,True,clean,
597,260408_120148492.jpg,6,301374.093734,6.07,0.24,197.2,919,-0.21,1.23,6.16,8.79,0.273,1709,-0.0,-0.95,3.375,True,False,True,True,clean,
598,260408_120149279.jpg,6,301374.881135,6.07,0.42,185.1,1085,1.85,1.33,3.85,7.1,0.298,2323,0.1,0.41,3.075,True,False,True,True,clean,
599,260408_120150044.jpg,6,301375.645536,6.65,0.99,188.6,805,0.13,1.86,6.97,9.35,0.176,2219,0.6,-0.27,3.0250000000000004,True,False,True,True,clean,
600,260408_120150770.jpg,6,301376.371937,6.84,0.88,186.1,680,0.5,-2.72,6.59,14.1,0.117,2106,0.22,-3.03,2.975,True,False,True,True,clean,
601,260408_120151520.jpg,6,301377.122438,6.56,0.5,194.6,1049,0.39,-2.8,4.18,8.5,0.229,2792,0.2,-4.36,3.375,True,False,True,True,clean,
602,260408_120152315.jpg,6,301377.917639,6.3,0.05,198.9,531,2.35,-2.03,8.8,9.47,0.137,2462,0.44,0.15,2.975,True,False,True,True,clean,
603,260408_120153109.jpg,6,301378.71094,6.28,0.55,197.1,560,0.45,-1.05,6.71,9.26,0.202,2624,0.32,0.49,3.075,True,False,True,True,clean,
604,260408_120153945.jpg,6,301379.547841,6.04,0.42,197.5,732,0.53,-3.99,8.98,9.98,0.158,2356,-0.19,-3.46,2.975,True,False,True,True,clean,
605,260408_120154798.jpg,6,301380.400442,5.91,0.34,192.5,660,-0.12,-6.35,8.97,11.22,0.085,2207,0.2,-1.77,2.9250000000000003,False,False,True,True,reject,geometry
606,260408_120155662.jpg,6,301381.264643,5.85,0.82,193.7,1348,-0.54,0.33,6.93,5.01,0.335,2349,-1.25,1.27,3.325,True,False,True,True,clean,
607,260408_120156541.jpg,6,301382.143644,5.57,0.99,190.2,3383,0.35,0.49,7.2,8.79,0.284,1682,0.27,0.7,3.375,True,False,True,True,clean,
608,260408_120157465.jpg,6,301383.067745,5.36,0.08,197.2,3560,-0.3,-2.05,8.11,14.03,0.218,1168,0.44,0.47,2.9250000000000003,True,False,True,True,clean,
609,260408_120158406.jpg,6,301384.008947,5.22,0.06,201.5,3650,0.08,2.28,5.4,10.58,0.294,541,-2.3,1.69,3.075,True,False,True,True,clean,
610,260408_120159315.jpg,6,301384.918548,5.52,0.87,205.9,5050,0.29,0.31,6.54,8.43,0.358,471,-0.71,0.64,3.625,True,False,True,True,clean,
611,260408_120200208.jpg,6,301385.811449,5.74,1.1,207.5,1914,-0.17,0.57,4.41,7.94,0.318,92,0.15,24.45,3.1750000000000003,True,False,True,True,clean,
612,260408_120201107.jpg,6,301386.71025,5.72,1.51,221.9,3481,0.95,-2.79,6.74,14.79,0.225,0,nan,nan,2.875,True,False,True,True,clean,
613,260408_120202010.jpg,6,301387.613951,5.65,4.08,224.2,3107,0.03,0.86,2.79,7.48,0.304,0,nan,nan,3.075,True,False,True,True,clean,
614,260408_120202901.jpg,6,301388.504969,5.4,1.42,235.2,5105,0.12,-0.76,1.03,9.51,0.475,0,nan,nan,3.375,True,False,True,True,clean,
615,260408_120203795.jpg,6,301389.39937,5.67,2.62,232.9,5157,-0.19,0.81,6.49,5.63,0.526,0,nan,nan,3.975,True,False,True,True,clean,
616,260408_120204672.jpg,6,301390.276271,5.74,3.94,244.0,4547,-0.02,0.29,3.8,8.48,0.328,0,nan,nan,3.225,True,False,True,True,clean,
617,260408_120205586.jpg,6,301391.190172,5.5,1.37,255.0,4749,-0.4,-1.39,2.64,16.41,0.184,0,nan,nan,3.2750000000000004,False,False,True,True,reject,geometry
618,260408_120206546.jpg,6,301392.150674,5.13,2.95,343.7,3320,1.97,-9.59,2.68,11.85,0.106,0,nan,nan,3.225,False,False,True,True,reject,geometry
619,260408_120207651.jpg,6,301393.255475,4.4,4.64,446.2,5072,-0.21,-1.96,10.36,9.58,0.144,0,nan,nan,3.325,True,False,True,True,clean,
620,260408_120209091.jpg,6,301394.696277,3.6,6.81,489.1,3927,0.76,0.05,7.6,4.89,0.176,0,nan,nan,3.475,True,False,False,True,usable,turning
621,260408_120210614.jpg,6,301396.218579,3.46,11.09,412.7,5369,-0.1,1.32,3.9,7.61,0.299,0,nan,nan,3.4250000000000003,True,False,False,True,usable,turning
622,260408_120211936.jpg,6,301397.541281,4.25,14.89,321.1,5872,0.92,0.05,12.21,15.57,0.14,0,nan,nan,2.9250000000000003,True,False,False,True,usable,turning
623,260408_120213181.jpg,6,301398.785982,4.06,12.53,271.8,4196,0.05,-0.29,6.1,7.45,0.353,0,nan,nan,4.175,True,False,False,True,usable,turning
624,260408_120214405.jpg,6,301400.010184,3.61,4.64,236.4,5570,-0.78,-2.42,6.68,12.96,0.295,0,nan,nan,2.475,True,False,True,True,clean,
625,260408_120215632.jpg,6,301401.237485,4.09,0.89,218.9,6350,-2.63,0.7,5.75,11.8,0.199,0,nan,nan,2.5250000000000004,True,False,True,True,clean,
626,260408_120216837.jpg,6,301402.442987,4.08,1.01,211.0,4524,-1.68,2.15,6.08,12.68,0.186,0,nan,nan,2.725,True,False,True,True,clean,
627,260408_120218107.jpg,6,301403.713088,3.87,2.14,218.6,9672,-2.38,5.94,6.41,11.74,0.204,0,nan,nan,2.575,True,False,True,True,clean,
628,260408_120219581.jpg,6,301405.18699,3.45,0.93,246.2,8349,0.58,6.63,3.71,13.59,0.287,0,nan,nan,3.125,False,False,True,True,reject,geometry
629,260408_120221168.jpg,6,301406.774792,3.25,9.02,296.4,7159,-1.05,0.28,4.1,9.09,0.485,0,nan,nan,3.1750000000000003,True,False,False,True,usable,turning
630,260408_120222625.jpg,6,301408.231494,3.18,18.07,365.6,4369,-0.13,-0.69,6.47,6.25,0.448,0,nan,nan,2.6750000000000003,True,False,False,True,usable,turning
631,260408_120224086.jpg,6,301409.69285,3.4,11.74,519.7,8952,-0.19,-0.62,1.11,4.18,0.501,0,nan,nan,2.275,True,False,False,True,usable,turning
632,260408_120225413.jpg,6,301411.020252,3.84,0.18,638.0,9815,0.32,-0.38,0.89,6.27,0.616,0,nan,nan,2.9250000000000003,True,False,True,True,clean,
633,260408_120226648.jpg,6,301412.255454,4.19,1.83,641.4,8976,-0.65,-0.36,8.61,6.59,0.345,0,nan,nan,4.275,True,False,True,True,clean,
634,260408_120227775.jpg,6,301413.382655,4.39,3.77,628.4,7775,0.01,1.59,8.01,8.13,0.243,0,nan,nan,4.175,True,False,True,True,clean,
635,260408_120228785.jpg,6,301414.392956,4.8,10.76,634.5,5885,-0.13,0.51,4.43,8.04,0.276,1393,2.85,1.94,3.975,True,False,False,True,usable,turning
636,260408_120229791.jpg,6,301415.399257,5.26,14.91,535.7,9039,0.1,-1.05,11.87,12.14,0.213,3358,0.7,1.13,2.9250000000000003,True,False,False,True,usable,turning
637,260408_120230726.jpg,6,301416.334359,5.36,13.44,452.1,7475,-0.3,0.34,8.85,10.05,0.278,3789,0.2,-0.76,3.1750000000000003,True,False,False,True,usable,turning
638,260408_120231617.jpg,6,301417.22566,5.45,6.33,387.2,10203,-0.01,-0.37,8.2,10.46,0.278,4300,-0.09,-0.84,3.125,True,False,False,True,usable,turning
639,260408_120232490.jpg,6,301418.098261,5.75,1.84,367.8,11691,0.16,-0.28,8.62,8.7,0.344,4369,0.62,-1.64,3.125,True,False,True,True,clean,
640,260408_120233327.jpg,6,301418.935162,5.85,0.92,356.5,10669,-0.85,1.04,8.79,10.03,0.259,5068,-0.21,-0.46,2.9250000000000003,True,False,True,True,clean,
641,260408_120234138.jpg,6,301419.747063,6.23,0.04,369.0,10850,-0.06,0.19,9.18,10.1,0.286,5269,-0.56,-0.19,3.325,True,False,True,True,clean,
642,260408_120234933.jpg,6,301420.541564,6.45,0.28,440.5,10217,-0.73,-0.39,7.22,9.25,0.291,3528,-0.71,-0.52,3.225,True,False,True,True,clean,
643,260408_120235713.jpg,6,301421.322165,6.23,0.18,492.0,4699,-0.22,0.43,7.84,9.82,0.278,2566,-0.88,-0.6,3.2750000000000004,True,False,True,True,clean,
644,260408_120236510.jpg,6,301422.118966,6.19,0.3,557.0,5355,-0.42,0.1,6.67,9.58,0.322,2251,-0.52,-2.02,3.725,True,False,True,True,clean,
645,260408_120237307.jpg,6,301422.915967,6.15,1.27,468.1,7783,-0.52,0.07,7.76,9.49,0.332,0,nan,nan,3.9250000000000003,True,False,True,True,clean,
646,260408_120238129.jpg,6,301423.738268,6.12,0.93,476.0,6928,-0.01,-0.19,8.01,8.42,0.336,0,nan,nan,3.575,True,False,True,True,clean,
647,260408_120238979.jpg,6,301424.588569,5.87,1.68,564.9,6529,0.42,0.04,7.53,8.86,0.339,0,nan,nan,3.625,True,False,True,True,clean,
648,260408_120239878.jpg,6,301425.48737,5.33,5.39,621.3,6158,-0.13,-0.3,9.07,9.58,0.322,0,nan,nan,3.6750000000000003,True,False,False,True,usable,turning
649,260408_120240958.jpg,6,301426.567971,5.01,7.06,717.5,4576,-0.2,-0.53,7.12,10.03,0.184,0,nan,nan,3.875,True,False,False,True,usable,turning
650,260408_120254578.jpg,7,301440.189597,7.17,1.86,404.0,1044,-1.59,0.42,5.88,4.09,0.398,226,-6.66,-5.57,3.325,True,False,True,True,clean,
651,260408_120255409.jpg,7,301441.020898,5.91,10.2,350.7,1892,0.39,-1.93,5.17,10.23,0.282,0,nan,nan,3.375,True,False,False,True,usable,turning
652,260408_120257244.jpg,7,301442.8568,2.61,19.48,342.2,3182,-0.18,-0.06,4.75,14.65,0.286,0,nan,nan,3.625,True,False,False,True,usable,slow+turning
653,260408_120259410.jpg,7,301445.022636,2.79,20.63,385.6,5678,-0.08,0.17,1.94,7.05,0.329,0,nan,nan,3.875,True,False,False,True,usable,slow+turning
654,260408_120300892.jpg,7,301446.504638,3.95,11.93,501.8,5204,0.22,-0.39,1.07,4.41,0.437,0,nan,nan,4.125,True,False,False,True,usable,turning
655,260408_120302028.jpg,7,301447.641239,4.84,2.91,465.8,3873,0.16,-0.84,0.83,4.46,0.317,350,-0.63,-4.47,4.025,True,False,True,True,clean,
656,260408_120302945.jpg,7,301448.55874,5.54,1.33,493.8,4282,0.14,-0.57,1.42,5.13,0.315,740,-0.99,-4.76,3.7750000000000004,True,False,True,True,clean,
657,260408_120303730.jpg,7,301449.343241,6.44,0.71,413.0,6587,-0.13,0.73,4.76,9.57,0.314,967,-0.48,-2.19,3.625,True,False,True,True,clean,
658,260408_120304466.jpg,7,301450.079342,7.22,0.01,402.3,5380,0.4,0.42,7.49,9.06,0.279,1224,-0.17,0.55,2.6750000000000003,True,False,True,True,clean,
659,260408_120305135.jpg,7,301450.749043,7.47,0.68,484.6,6598,-0.15,0.27,7.1,10.45,0.274,1390,-0.26,1.5,3.2750000000000004,True,False,True,True,clean,
660,260408_120305802.jpg,7,301451.415367,7.79,0.44,472.3,8913,-0.25,0.55,6.64,7.49,0.378,1675,-0.03,-2.23,3.225,True,False,True,True,clean,
661,260408_120306429.jpg,7,301452.043068,8.17,0.81,419.9,7367,0.65,-0.42,10.62,11.26,0.228,1916,0.22,0.27,3.375,True,False,True,True,clean,
662,260408_120307033.jpg,7,301452.647068,8.09,0.33,464.8,6630,-0.18,-0.15,7.75,8.66,0.248,2447,-0.6,-0.63,3.9250000000000003,True,False,True,True,clean,
663,260408_120307650.jpg,7,301453.263869,8.02,0.09,390.6,7312,-0.21,-0.79,7.32,7.8,0.316,3830,-0.28,-0.28,3.1750000000000003,True,False,True,True,clean,
664,260408_120308267.jpg,7,301453.88157,8.21,0.18,373.8,7630,0.24,-0.41,7.35,9.85,0.269,4081,-0.11,0.04,3.825,True,False,True,True,clean,
665,260408_120308896.jpg,7,301454.510371,8.12,0.54,400.2,9668,0.05,-0.17,6.92,9.17,0.328,3996,0.52,-1.39,3.125,True,False,True,True,clean,
666,260408_120309542.jpg,7,301455.156271,7.88,0.54,420.6,11741,0.46,-0.34,5.83,7.6,0.359,3693,-0.15,-2.47,3.225,True,False,True,True,clean,
667,260408_120310186.jpg,7,301455.800372,7.5,0.54,551.4,10309,-0.07,-0.42,7.47,11.03,0.295,3367,0.0,-1.12,3.475,True,False,True,True,clean,
668,260408_120310855.jpg,7,301456.469373,7.4,2.13,824.1,7413,0.08,-0.04,6.34,8.79,0.242,3800,-0.13,-1.8,3.6750000000000003,True,False,True,True,clean,
669,260408_120311555.jpg,7,301457.169374,7.42,5.09,1224.1,2734,0.34,-0.23,6.22,8.7,0.177,2884,-0.16,-3.15,3.9250000000000003,True,False,False,True,usable,turning
670,260408_120312277.jpg,7,301457.891475,7.16,6.2,1238.1,2074,-0.38,-1.49,11.49,9.72,0.14,2758,-0.1,-1.76,3.625,True,False,False,True,usable,turning
671,260408_120312969.jpg,7,301458.584276,7.24,3.67,421.7,2786,-0.27,0.4,5.39,8.31,0.41,2409,-0.43,-0.81,2.975,True,False,True,True,clean,
672,260408_120313635.jpg,7,301459.249877,7.58,0.22,425.2,3134,-0.22,-0.3,8.1,10.34,0.261,2444,-0.55,-0.81,3.125,True,False,True,True,clean,
673,260408_120314293.jpg,7,301459.908077,7.82,1.73,344.7,2949,-0.25,-0.68,6.35,8.77,0.306,2064,0.08,-0.81,2.725,True,False,True,True,clean,
674,260408_120314940.jpg,7,301460.554878,7.88,1.82,247.8,2973,0.26,-1.07,6.94,8.49,0.293,1790,-0.51,-3.53,2.375,True,False,True,True,clean,
675,260408_120315565.jpg,7,301461.180079,7.91,0.83,221.9,1999,-0.06,0.23,8.06,11.56,0.199,0,nan,nan,2.5250000000000004,True,False,True,True,clean,
676,260408_120316202.jpg,7,301461.81728,7.79,0.88,205.8,2192,0.05,-2.39,11.46,13.28,0.138,0,nan,nan,2.475,True,False,True,True,clean,
677,260408_120316868.jpg,7,301462.483081,7.65,0.63,193.9,2635,0.67,-0.68,11.56,11.98,0.144,0,nan,nan,2.475,True,False,True,True,clean,
678,260408_120317522.jpg,7,301463.137283,7.57,0.47,187.6,1627,0.93,-3.92,9.79,13.53,0.084,0,nan,nan,2.4250000000000003,True,False,True,True,clean,
679,260408_120318189.jpg,7,301463.805083,7.59,0.29,181.2,1884,0.95,-1.85,13.15,12.88,0.105,0,nan,nan,2.4250000000000003,True,False,True,True,clean,
680,260408_120318844.jpg,7,301464.460184,7.62,0.15,181.9,1778,0.16,-0.69,12.37,10.83,0.108,0,nan,nan,2.475,True,False,True,True,clean,
681,260408_120319494.jpg,7,301465.109885,7.66,0.25,181.9,1426,-1.83,8.49,11.02,15.87,0.089,0,nan,nan,2.5250000000000004,False,False,True,True,reject,geometry
682,260408_120320142.jpg,7,301465.758386,7.83,0.13,184.6,1220,2.12,3.5,13.01,15.02,0.058,0,nan,nan,2.5250000000000004,False,False,True,True,reject,geometry
683,260408_120320774.jpg,7,301466.390387,7.92,0.13,183.8,1990,-2.03,4.34,10.44,13.21,0.115,0,nan,nan,2.625,True,False,True,True,clean,
684,260408_120321393.jpg,7,301467.009287,7.97,0.0,181.1,2036,-0.17,1.38,10.71,14.68,0.102,0,nan,nan,2.6750000000000003,True,False,True,True,clean,
685,260408_120322012.jpg,7,301467.627888,7.96,0.43,178.1,1902,0.37,2.42,7.98,14.31,0.096,0,nan,nan,2.575,True,False,True,True,clean,
686,260408_120322661.jpg,7,301468.276889,7.92,1.51,180.1,2681,-0.52,1.08,9.41,17.09,0.066,0,nan,nan,2.625,False,False,True,True,reject,geometry
687,260408_120323290.jpg,7,301468.90679,7.73,0.09,183.2,4866,0.44,0.04,6.9,12.43,0.193,0,nan,nan,2.7750000000000004,True,False,True,True,clean,
688,260408_120323930.jpg,7,301469.546691,7.74,0.15,184.9,3152,-0.5,1.8,7.43,13.82,0.109,0,nan,nan,3.075,True,False,True,True,clean,
689,260408_120324584.jpg,7,301470.200492,7.78,0.59,187.5,3453,-0.2,-0.47,9.33,13.8,0.109,0,nan,nan,2.625,True,False,True,True,clean,
690,260408_120325248.jpg,7,301470.864792,7.36,4.09,192.2,2662,-0.22,0.01,9.6,11.34,0.137,0,nan,nan,2.725,True,False,True,True,clean,
691,260408_120325956.jpg,7,301471.572693,6.83,6.12,199.2,2521,0.5,-2.18,10.02,13.69,0.112,0,nan,nan,2.875,True,False,False,True,usable,turning
692,260408_120326749.jpg,7,301472.366294,6.2,3.3,227.4,1673,-0.01,5.93,9.49,11.96,0.104,0,nan,nan,3.125,True,False,True,True,clean,
693,260408_120327639.jpg,7,301473.256095,5.66,5.72,393.4,1200,-1.05,-0.65,6.41,10.68,0.087,1300,-0.48,-1.08,3.825,True,False,False,True,usable,turning
694,260408_120328587.jpg,7,301474.204297,5.38,13.04,559.0,2796,0.77,1.33,9.85,12.29,0.249,1506,-0.12,0.26,4.175,True,False,False,True,usable,turning
695,260408_120329525.jpg,7,301475.142098,5.0,14.85,496.8,2163,5.29,9.99,8.34,10.78,0.288,2440,0.1,-0.69,3.4250000000000003,False,False,False,True,reject,geometry+turning
696,260408_120330476.jpg,7,301476.094099,5.07,11.48,509.5,1473,1.04,0.1,8.1,8.08,0.322,2197,0.25,-0.4,4.525,True,False,False,True,usable,turning
697,260408_120331486.jpg,7,301477.1034,5.2,5.9,769.5,394,0.1,0.94,6.91,12.5,0.157,3855,-0.2,-10.48,4.375,True,True,False,True,usable,pass_conflict+turning
698,260408_120332518.jpg,7,301478.135502,4.82,2.13,919.2,862,-0.3,0.75,4.64,5.49,0.503,4404,-0.08,0.45,4.4750000000000005,True,False,True,True,clean,
699,260408_120333602.jpg,7,301479.219903,4.31,2.49,951.8,1515,-0.19,0.81,1.5,3.88,0.564,4918,0.3,2.65,4.9750000000000005,True,False,True,True,clean,
700,260408_120334923.jpg,7,301480.541405,3.7,6.43,923.1,1979,-0.1,0.41,2.6,7.23,0.349,6926,-0.38,2.04,5.2250000000000005,True,False,False,True,usable,turning
701,260408_120336507.jpg,7,301482.126007,3.26,5.82,766.4,1522,-0.76,-0.41,10.44,6.94,0.185,3968,-0.11,3.06,3.725,True,False,False,True,usable,turning
702,260408_120338375.jpg,7,301483.994209,2.67,5.07,583.5,2214,0.47,0.4,8.46,9.71,0.22,4316,0.64,-0.54,4.275,True,False,False,True,usable,slow+turning
703,260408_120340417.jpg,7,301486.036412,2.25,0.38,469.3,3408,-0.15,0.19,9.87,10.44,0.255,3064,-0.15,1.97,3.325,True,False,False,True,usable,slow
704,260408_120342687.jpg,7,301488.306415,2.21,5.73,366.0,2897,0.21,-2.33,8.47,10.98,0.2,2591,-0.14,0.46,3.725,True,False,False,True,usable,slow+turning
705,260408_120405702.jpg,8,301511.325594,2.54,0.29,287.1,3162,-0.01,-0.92,5.9,9.06,0.306,4804,-0.28,-0.97,3.475,True,False,False,True,usable,slow
706,260408_120407520.jpg,8,301513.142996,2.92,1.73,325.2,2276,-0.07,-1.23,4.56,6.23,0.349,3493,-1.6,-0.95,2.9250000000000003,True,False,False,True,usable,slow
707,260408_120409032.jpg,8,301514.655198,3.27,2.0,401.6,3011,0.26,-0.33,6.36,9.25,0.343,3443,0.06,-1.21,3.2750000000000004,True,False,True,True,clean,
708,260408_120410500.jpg,8,301516.12439,3.2,6.88,504.9,4714,0.1,-0.74,2.85,4.88,0.497,3543,0.32,0.43,3.5250000000000004,True,False,False,True,usable,turning
709,260408_120412474.jpg,8,301518.098392,3.1,12.36,546.8,5697,0.4,0.17,3.6,6.42,0.428,2988,0.32,0.33,3.725,True,False,False,True,usable,turning
710,260408_120445809.jpg,9,301551.438011,2.51,1.42,1108.9,784,0.37,-3.47,9.72,8.66,0.187,623,-0.19,0.56,4.275,True,False,False,True,usable,slow
711,260408_120447511.jpg,9,301553.141113,3.45,1.02,1157.4,1427,-1.31,-0.84,7.14,9.9,0.311,1952,-1.67,-0.51,3.325,True,False,True,True,clean,
712,260408_120448737.jpg,9,301554.367193,4.7,0.19,769.3,1339,0.04,-0.66,6.71,9.5,0.309,2674,-0.23,-0.44,3.225,True,False,True,True,clean,
713,260408_120449702.jpg,9,301555.332494,5.21,0.38,607.8,1778,-0.69,0.28,7.87,8.06,0.323,3758,0.48,-0.01,2.825,True,False,True,True,clean,
714,260408_120450620.jpg,9,301556.249695,5.28,0.29,635.2,2598,0.06,-1.14,8.12,9.58,0.324,6681,1.4,0.09,3.475,True,False,True,True,clean,
715,260408_120451548.jpg,9,301557.178654,5.26,0.49,799.6,2468,-0.08,0.17,7.17,7.21,0.33,5722,-1.23,2.5,3.725,True,False,True,True,clean,
716,260408_120452583.jpg,9,301558.213855,4.82,6.29,933.1,2988,-0.45,-0.58,5.58,8.44,0.308,4460,-0.09,-0.0,4.625,True,False,False,True,usable,turning
717,260408_120453726.jpg,9,301559.357056,4.6,14.21,1006.1,2728,-0.27,0.17,3.84,7.92,0.356,4271,-0.02,1.96,5.9750000000000005,True,False,False,True,usable,turning
718,260408_120454800.jpg,9,301560.430858,5.03,12.93,939.3,2023,-0.16,0.23,2.92,9.58,0.255,3801,0.19,0.42,4.425,True,False,False,True,usable,turning
719,260408_120455723.jpg,9,301561.353659,5.65,8.52,956.2,1089,0.39,-0.18,1.3,5.87,0.266,3675,0.03,-0.72,4.425,True,False,False,True,usable,turning
720,260408_120456530.jpg,9,301562.16086,6.1,8.3,796.1,977,0.63,4.02,1.88,8.54,0.221,1764,0.26,4.41,4.375,True,False,False,True,usable,turning
721,260408_120457376.jpg,9,301563.007561,6.09,12.92,533.7,1749,0.07,-0.87,6.47,6.11,0.538,1762,-1.75,-2.95,4.275,True,False,False,True,usable,turning
722,260408_120458243.jpg,9,301563.874662,5.69,16.75,465.8,1132,1.17,0.35,7.24,8.05,0.382,581,-0.78,-1.34,4.4750000000000005,True,False,False,True,usable,turning
723,260408_120459080.jpg,9,301564.711763,6.04,14.07,564.6,1568,-0.25,0.56,7.49,7.54,0.404,504,-1.67,-2.92,4.425,True,False,False,True,usable,turning
724,260408_120459820.jpg,9,301565.451764,6.69,5.35,455.9,1140,0.97,3.54,8.06,10.13,0.225,0,nan,nan,4.025,True,False,False,True,usable,turning
725,260408_120500532.jpg,9,301566.163965,7.03,2.57,247.6,1734,0.62,2.34,8.38,17.38,0.13,0,nan,nan,2.875,False,False,True,True,reject,geometry
726,260408_120501229.jpg,9,301566.861166,7.35,4.7,208.5,2101,-0.06,0.62,8.92,11.36,0.16,0,nan,nan,2.575,True,False,True,True,clean,
727,260408_120501905.jpg,9,301567.537267,7.71,3.06,197.6,2225,-0.26,-0.18,8.08,11.57,0.188,0,nan,nan,2.5250000000000004,True,False,True,True,clean,
728,260408_120502533.jpg,9,301568.164767,8.09,1.63,189.7,2704,-0.46,1.21,9.65,11.91,0.153,0,nan,nan,2.625,True,False,True,True,clean,
729,260408_120503133.jpg,9,301568.765068,8.93,0.17,188.4,2862,-0.82,0.77,8.68,13.24,0.155,0,nan,nan,2.475,True,False,True,True,clean,
730,260408_120503711.jpg,9,301569.343669,8.73,0.1,186.9,3499,-0.42,2.11,7.74,11.06,0.212,0,nan,nan,2.825,True,False,True,True,clean,
731,260408_120504267.jpg,9,301569.89887,8.43,0.7,190.3,2614,-0.47,1.95,9.51,16.63,0.106,0,nan,nan,2.625,False,False,True,True,reject,geometry
732,260408_120504818.jpg,9,301570.44997,9.13,0.41,189.4,2937,0.75,0.36,11.99,9.81,0.159,0,nan,nan,2.5250000000000004,True,False,True,True,clean,
733,260408_120505355.jpg,9,301570.987071,9.76,1.42,188.1,2238,0.14,0.27,7.25,8.33,0.192,0,nan,nan,2.575,True,False,True,True,clean,
734,260408_120505894.jpg,9,301571.526672,9.1,0.81,192.0,3100,-0.36,0.2,9.68,9.92,0.186,0,nan,nan,2.9250000000000003,True,False,True,True,clean,
735,260408_120506450.jpg,9,301572.082372,8.32,0.19,192.6,3264,-1.75,-0.45,13.47,9.21,0.174,0,nan,nan,2.6750000000000003,True,False,True,True,clean,
736,260408_120507027.jpg,9,301572.659773,8.73,0.66,194.0,2511,0.39,0.81,7.52,9.06,0.198,0,nan,nan,2.575,True,False,True,True,clean,
737,260408_120507618.jpg,9,301573.250374,8.85,0.43,193.9,2572,0.68,6.07,8.99,11.77,0.157,0,nan,nan,2.5250000000000004,False,False,True,True,reject,geometry
738,260408_120508177.jpg,9,301573.810274,8.94,0.13,193.5,2620,-0.21,3.16,9.18,10.44,0.155,0,nan,nan,2.625,True,False,True,True,clean,
739,260408_120508737.jpg,9,301574.370175,9.07,0.17,198.6,2817,0.6,-7.52,9.93,15.4,0.124,0,nan,nan,2.625,False,False,True,True,reject,geometry
740,260408_120509282.jpg,9,301574.915576,9.79,0.28,208.2,3212,0.07,-2.43,10.5,13.91,0.163,0,nan,nan,2.6750000000000003,True,False,True,True,clean,
741,260408_120509818.jpg,9,301575.450777,9.39,0.16,219.1,2882,0.17,-4.56,5.7,11.08,0.241,0,nan,nan,3.1750000000000003,True,False,True,True,clean,
742,260408_120510340.jpg,9,301575.973677,8.98,1.59,236.1,2320,-0.58,0.9,8.87,12.52,0.173,0,nan,nan,2.825,True,False,True,True,clean,
743,260408_120510865.jpg,9,301576.498778,9.55,2.87,262.3,3737,-0.14,0.77,11.13,10.46,0.218,0,nan,nan,2.975,True,False,True,True,clean,
744,260408_120511390.jpg,9,301577.023879,9.37,2.99,328.4,2814,-0.37,0.26,6.64,8.72,0.235,0,nan,nan,2.975,True,False,True,True,clean,
745,260408_120511927.jpg,9,301577.560079,9.26,0.12,498.0,3698,0.05,-0.86,9.43,10.89,0.193,0,nan,nan,3.5250000000000004,True,False,True,True,clean,
746,260408_120512464.jpg,9,301578.09748,9.16,4.38,408.1,2369,0.09,0.73,7.43,8.21,0.263,0,nan,nan,3.225,True,False,True,True,clean,
747,260408_120513014.jpg,9,301578.647381,8.87,6.8,895.6,4314,0.77,1.86,8.62,7.48,0.434,0,nan,nan,3.7750000000000004,True,False,False,True,usable,turning
748,260408_120513587.jpg,9,301579.220881,8.95,6.86,1391.9,3495,0.07,4.86,8.12,12.13,0.213,0,nan,nan,4.2250000000000005,True,False,False,True,usable,turning
749,260408_120514145.jpg,9,301579.778482,9.06,4.49,968.7,6384,-0.11,0.24,6.97,9.6,0.286,0,nan,nan,3.875,True,False,True,True,clean,
750,260408_120514711.jpg,9,301580.345083,8.95,1.53,702.3,7682,-0.19,0.11,7.19,10.37,0.279,0,nan,nan,4.2250000000000005,True,False,True,True,clean,
751,260408_120515280.jpg,9,301580.913784,8.86,0.25,507.5,7588,0.05,-0.48,7.17,10.73,0.294,0,nan,nan,4.775,True,False,True,True,clean,
752,260408_120515864.jpg,9,301581.497684,8.98,0.59,472.2,8225,0.25,-0.32,7.38,9.64,0.265,0,nan,nan,4.7250000000000005,True,False,True,True,clean,
753,260408_120516442.jpg,9,301582.076085,8.82,0.13,445.4,8709,0.39,-0.99,10.36,10.11,0.247,111,-2.33,-28.23,4.275,True,False,True,True,clean,
754,260408_120517034.jpg,9,301582.667986,8.27,0.1,476.6,5990,0.1,-0.3,7.59,10.3,0.24,479,-3.64,-6.61,4.525,True,False,True,True,clean,
755,260408_120517640.jpg,9,301583.274687,8.42,0.24,539.7,6281,-1.13,-0.09,5.54,10.34,0.286,292,-6.75,-2.62,3.625,True,False,True,True,clean,
756,260408_120518248.jpg,9,301583.882787,8.3,0.1,492.2,6174,-0.39,2.16,6.97,9.34,0.322,410,-1.92,-5.51,4.375,True,False,True,True,clean,
757,260408_120518853.jpg,9,301584.487488,7.88,0.17,519.5,7738,0.34,0.59,7.52,11.46,0.302,310,-0.12,2.84,4.075,True,False,True,True,clean,
758,260408_120519489.jpg,9,301585.123889,7.84,0.18,572.6,6655,0.09,-0.37,4.73,7.38,0.285,228,2.98,1.89,4.175,True,False,True,True,clean,
759,260408_120520128.jpg,9,301585.76259,7.82,0.32,491.4,7306,0.45,0.8,6.36,9.25,0.268,441,-0.22,3.99,4.2250000000000005,True,False,True,True,clean,
760,260408_120520780.jpg,9,301586.415191,7.72,0.6,473.0,7720,-0.32,0.11,5.85,9.7,0.32,221,-1.27,-0.32,3.9250000000000003,True,False,True,True,clean,
761,260408_120521450.jpg,9,301587.084991,7.19,0.93,539.1,7342,-0.12,0.21,2.32,8.61,0.348,274,-0.76,6.25,4.825,True,False,True,True,clean,
762,260408_120522189.jpg,9,301587.824292,6.31,1.31,599.6,6965,0.16,-0.25,2.5,6.76,0.364,444,-0.17,1.41,4.925000000000001,True,False,True,True,clean,
763,260408_120523187.jpg,9,301588.822494,4.77,4.74,609.6,4762,-0.23,0.41,1.21,6.74,0.479,786,0.16,-10.63,5.875,True,True,True,True,usable,pass_conflict
764,260408_120526886.jpg,9,301592.521899,2.87,11.9,374.1,5898,-0.81,0.07,4.34,2.28,0.482,0,nan,nan,4.925000000000001,True,False,False,True,usable,slow+turning
765,260408_120528639.jpg,9,301594.275501,4.47,16.29,303.2,4581,0.39,-0.31,7.31,7.72,0.292,86,20.93,8.54,3.875,True,False,False,True,usable,turning
766,260408_120529743.jpg,9,301595.379802,5.5,3.72,284.6,6008,-0.11,3.85,7.14,8.24,0.287,1518,-0.12,-0.42,2.475,True,False,True,True,clean,
767,260408_120530625.jpg,9,301596.261003,5.72,1.33,279.9,6127,0.59,1.57,7.82,12.49,0.196,1482,3.03,2.3,2.7750000000000004,True,False,True,True,clean,
768,260408_120531517.jpg,9,301597.154104,5.53,1.62,296.5,6261,0.31,1.77,8.32,10.2,0.249,1835,2.55,0.38,3.125,True,False,True,True,clean,
769,260408_120532445.jpg,9,301598.082205,5.35,3.42,292.8,7965,0.35,-0.38,5.42,6.58,0.451,1100,-3.11,0.95,3.075,True,False,True,True,clean,
770,260408_120533406.jpg,9,301599.042807,5.14,2.42,289.6,4955,-0.07,-0.04,4.65,5.01,0.452,275,-3.36,-5.81,3.2750000000000004,True,False,True,True,clean,
771,260408_120534402.jpg,9,301600.038608,4.68,0.2,293.9,3066,-0.12,0.73,2.46,8.19,0.41,60,4.84,-7.51,3.875,True,False,True,True,clean,
772,260408_120535816.jpg,9,301601.45301,4.22,0.18,310.8,3280,0.0,0.16,1.76,9.61,0.456,72,-15.63,-12.84,7.825,True,False,True,True,clean,
773,260408_120621549.jpg,10,301647.193457,1.74,0.32,510.8,3688,0.0,-1.28,2.82,8.56,0.327,5622,0.42,-6.72,4.875,True,False,False,True,usable,slow
774,260408_120623789.jpg,10,301649.43376,2.17,0.45,485.1,4203,-0.1,-0.19,2.7,6.55,0.425,5310,0.66,-0.86,4.775,True,False,False,True,usable,slow
775,260408_120625918.jpg,10,301651.563262,2.37,0.89,500.4,4383,-0.41,-0.09,2.37,7.04,0.456,4454,0.97,-0.58,5.375,True,False,False,True,usable,slow
776,260408_120628252.jpg,10,301653.897765,2.16,2.85,533.2,4590,-0.18,-0.42,5.37,6.11,0.505,3411,0.1,-1.72,5.675000000000001,True,False,False,True,usable,slow
777,260408_120633377.jpg,11,301659.022972,2.09,20.39,531.3,4465,0.14,-0.19,5.25,9.46,0.338,7953,0.77,3.68,5.925000000000001,True,False,False,True,usable,slow+turning
778,260408_120635481.jpg,11,301661.127273,2.77,20.15,508.4,3371,-0.06,-2.88,3.01,9.26,0.325,4650,-0.14,0.36,5.375,True,False,False,True,usable,slow+turning
779,260408_120636893.jpg,11,301662.539674,4.05,12.41,575.1,5407,0.73,-0.77,4.42,6.54,0.335,4261,-0.18,-0.35,5.425000000000001,True,False,False,True,usable,turning
780,260408_120637984.jpg,11,301663.630676,4.96,2.41,485.6,5650,0.88,0.11,6.78,8.7,0.285,3272,0.22,-0.17,4.525,True,False,True,True,clean,
781,260408_120638907.jpg,11,301664.554277,5.64,2.05,413.8,5963,-0.03,-0.11,5.59,7.92,0.338,4665,-2.24,1.68,4.325,True,False,True,True,clean,
782,260408_120639762.jpg,11,301665.408878,5.93,1.49,389.1,8814,0.2,-0.1,5.18,6.88,0.406,4475,-0.64,-0.44,3.825,True,False,True,True,clean,
783,260408_120640583.jpg,11,301666.230979,6.04,0.68,394.4,8492,0.08,0.57,4.99,9.04,0.326,3462,-0.47,3.37,3.575,True,False,True,True,clean,
784,260408_120641394.jpg,11,301667.04178,6.2,0.24,423.4,11784,0.35,1.84,5.22,11.7,0.283,2707,0.62,3.62,3.6750000000000003,True,False,True,True,clean,
785,260408_120642215.jpg,11,301667.862981,6.02,0.82,450.5,13167,0.17,0.17,4.17,9.75,0.406,1187,-0.57,-2.35,4.675,True,False,True,True,clean,
786,260408_120643087.jpg,11,301668.734982,5.42,0.21,486.4,12690,-0.22,-0.23,4.11,5.81,0.421,1190,-7.05,-5.55,4.525,True,False,True,True,clean,
787,260408_120643971.jpg,11,301669.619183,4.44,12.36,548.6,10807,-0.05,-0.19,3.04,3.27,0.459,1061,0.26,-0.23,5.025,True,False,False,True,usable,turning
788,260408_120646928.jpg,11,301672.576074,1.99,15.85,421.8,10006,0.09,-0.51,3.64,6.2,0.355,891,-0.08,0.53,4.575,True,False,False,True,usable,slow+turning
789,260408_120649449.jpg,11,301675.097596,2.48,11.18,481.1,6865,-0.15,-0.56,5.9,7.18,0.285,911,-0.39,-2.34,5.2250000000000005,True,False,False,True,usable,slow+turning
790,260408_120651133.jpg,11,301676.781898,3.49,2.96,502.6,6618,-0.14,-0.37,5.81,6.82,0.274,2128,0.17,-0.69,5.125,True,False,True,True,clean,
791,260408_120652380.jpg,11,301678.0291,4.12,1.14,535.2,4832,-0.35,0.11,7.39,8.72,0.251,1614,-0.34,0.09,5.575,True,False,True,True,clean,
792,260408_120653464.jpg,11,301679.113901,4.52,0.14,526.4,4648,0.03,-0.79,5.07,9.14,0.257,1562,0.45,-0.66,5.2250000000000005,True,False,True,True,clean,
793,260408_120654493.jpg,11,301680.143003,4.87,0.33,569.7,3995,0.06,-0.66,5.81,8.4,0.24,1069,-2.52,-2.16,5.125,True,False,True,True,clean,
794,260408_120655499.jpg,11,301681.149004,4.96,0.17,543.2,4744,0.0,-1.64,2.77,7.0,0.367,300,-0.43,-8.64,4.9750000000000005,True,True,True,True,usable,pass_conflict
795,260408_120656510.jpg,11,301682.159505,5.09,0.12,415.5,4483,-0.59,-0.09,6.46,8.65,0.286,177,-0.12,3.38,4.275,True,False,True,True,clean,
796,260408_120657480.jpg,11,301683.130006,5.14,0.9,418.9,6722,0.09,-0.43,7.93,8.66,0.307,697,-4.11,2.75,5.125,True,False,True,True,clean,
797,260408_120658426.jpg,11,301684.075808,5.33,0.54,438.6,7816,-0.43,0.3,4.58,8.09,0.373,1031,-1.08,0.15,5.125,True,False,True,True,clean,
798,260408_120659336.jpg,11,301684.986009,5.67,0.0,428.2,8716,-0.39,0.28,6.22,8.55,0.3,1345,-3.91,3.71,4.4750000000000005,True,False,True,True,clean,
799,260408_120700210.jpg,11,301685.86081,5.72,1.2,421.5,6464,-0.83,2.33,9.98,10.43,0.155,1297,-4.97,8.68,4.325,True,True,True,True,usable,pass_conflict
800,260408_120701083.jpg,11,301686.733511,5.78,0.49,429.1,8393,-2.66,0.36,5.63,10.76,0.243,2898,-3.17,0.52,5.075,True,False,True,True,clean,
801,260408_120701981.jpg,11,301687.632212,5.56,0.99,436.0,4820,-0.64,-0.63,4.01,8.34,0.329,1469,0.05,-3.87,5.425000000000001,True,False,True,True,clean,
802,260408_120702877.jpg,11,301688.527613,5.48,0.08,426.4,4042,-0.39,1.09,3.15,6.34,0.298,1212,0.19,-2.61,4.2250000000000005,True,False,True,True,clean,
803,260408_120703774.jpg,11,301689.424914,5.52,0.55,396.7,3057,-0.03,0.67,4.38,9.09,0.223,739,-1.3,-0.72,4.325,True,False,True,True,clean,
804,260408_120704732.jpg,11,301690.383516,4.94,0.27,353.1,4791,-0.99,2.79,6.34,10.62,0.207,163,1.11,-4.98,4.175,True,False,True,True,clean,
805,260408_120705974.jpg,11,301691.625117,4.09,0.33,315.8,7739,0.51,1.14,3.5,6.74,0.293,0,nan,nan,3.6750000000000003,True,False,True,True,clean,
806,260408_120707292.jpg,11,301692.943519,3.81,0.28,302.6,6771,-0.09,2.27,7.5,10.56,0.224,0,nan,nan,4.075,True,False,True,True,clean,
807,260408_120708666.jpg,11,301694.318021,3.79,0.43,299.2,9060,0.58,0.22,8.97,7.6,0.25,0,nan,nan,3.9250000000000003,True,False,True,True,clean,
808,260408_120710074.jpg,11,301695.726623,3.64,0.64,302.6,6601,-0.13,0.29,4.22,6.67,0.257,0,nan,nan,3.575,True,False,True,True,clean,
809,260408_120711559.jpg,11,301697.211025,3.45,0.61,307.5,3760,-1.38,-1.28,12.05,11.13,0.115,0,nan,nan,3.575,True,False,True,True,clean,
810,260408_120713050.jpg,11,301698.702726,3.27,0.69,312.0,5109,-0.48,-2.38,6.16,14.54,0.211,0,nan,nan,3.5250000000000004,True,False,True,True,clean,
811,260408_120714727.jpg,11,301700.379829,3.1,1.18,312.7,2776,-2.53,-0.45,11.1,7.26,0.148,0,nan,nan,3.6750000000000003,True,False,True,True,clean,
812,260408_120716431.jpg,11,301702.084431,3.0,0.78,299.6,4832,0.06,-0.79,9.69,9.47,0.277,0,nan,nan,4.175,True,False,True,True,clean,
813,260408_120717961.jpg,11,301703.614133,3.22,0.1,295.2,4286,-0.1,0.42,10.37,10.24,0.255,0,nan,nan,3.5250000000000004,True,False,True,True,clean,
814,260408_120719380.jpg,11,301705.033935,3.43,0.24,299.8,5968,-2.21,-1.88,7.97,11.46,0.327,0,nan,nan,3.625,True,False,True,True,clean,
815,260408_120720811.jpg,11,301706.465036,3.37,0.58,318.6,6134,-0.03,-1.3,6.47,10.11,0.182,0,nan,nan,3.575,True,False,True,True,clean,
816,260408_120722286.jpg,11,301707.939738,3.3,0.28,311.7,5196,-0.82,0.9,4.39,11.6,0.2,0,nan,nan,3.5250000000000004,True,False,True,True,clean,
817,260408_120723865.jpg,11,301709.51954,3.24,0.48,316.0,6336,1.37,5.74,8.67,10.78,0.163,13,nan,nan,3.575,True,False,True,True,clean,
818,260408_120725353.jpg,11,301711.007448,3.35,0.35,318.0,6704,0.86,4.14,18.82,11.81,0.114,70,-2.36,-34.31,3.5250000000000004,False,False,True,True,reject,geometry
819,260408_120726771.jpg,11,301712.42595,3.44,0.53,354.9,5735,6.06,4.66,12.58,10.23,0.201,0,nan,nan,3.625,False,False,True,True,reject,geometry
820,260408_120728255.jpg,11,301713.909652,3.3,1.1,494.3,7177,0.23,0.97,1.74,9.94,0.289,0,nan,nan,3.975,True,False,True,True,clean,
821,260408_120729940.jpg,11,301715.595254,2.99,0.51,763.0,5580,-0.61,-1.69,11.28,13.46,0.361,0,nan,nan,4.275,True,False,False,True,usable,slow
822,260408_120732080.jpg,11,301717.735924,2.53,0.29,440.5,3140,-0.01,8.81,2.98,19.19,0.166,312,1.11,-6.73,4.625,False,False,False,True,reject,geometry+slow
823,260408_120734473.jpg,11,301720.128927,2.06,1.16,398.1,4010,-1.84,-3.21,9.28,11.36,0.326,40,nan,nan,3.9250000000000003,True,False,False,True,usable,slow
824,260408_120737349.jpg,11,301723.005531,1.84,2.54,403.9,1874,-0.44,-10.09,1.17,15.69,0.156,51,-9.21,-36.54,4.675,False,False,False,True,reject,geometry+slow
825,260408_120923117.jpg,12,301828.789666,1.23,2.77,528.3,3654,-0.37,0.21,5.75,7.66,0.24,0,nan,nan,4.175,True,False,False,True,usable,slow
826,260408_120925981.jpg,12,301831.65487,1.31,0.87,522.0,3326,-0.47,-2.67,6.13,11.56,0.216,0,nan,nan,4.175,True,False,False,True,usable,slow
827,260408_120929448.jpg,12,301835.121874,1.71,1.84,485.6,2631,0.23,-0.82,6.81,9.9,0.298,0,nan,nan,4.775,True,False,False,True,usable,slow
828,260408_120931957.jpg,12,301837.631718,2.09,7.97,476.7,2233,-0.37,-14.84,8.07,12.09,0.119,0,nan,nan,4.875,False,False,False,True,reject,geometry+slow+turning
829,260408_120934208.jpg,12,301839.882921,2.05,16.67,418.1,1588,-5.87,9.63,9.69,9.09,0.188,0,nan,nan,4.2250000000000005,False,False,False,True,reject,geometry+slow+turning
830,260408_120936462.jpg,12,301842.137076,2.16,10.95,424.1,1029,0.18,0.89,8.05,11.03,0.302,0,nan,nan,4.075,True,False,False,True,usable,slow+turning
831,260408_120938684.jpg,12,301844.358979,2.06,1.92,461.2,1225,0.25,-0.09,5.18,9.74,0.477,0,nan,nan,5.525,True,False,False,True,usable,slow
832,260408_120940955.jpg,12,301846.630582,1.72,9.22,441.9,1742,0.27,-0.18,5.96,8.65,0.393,0,nan,nan,7.075,True,False,False,True,usable,slow+turning
833,260408_120944374.jpg,12,301850.050086,1.49,11.1,416.1,3925,-0.33,-0.52,5.36,11.13,0.331,0,nan,nan,5.325,True,False,False,True,usable,slow+turning
834,260408_120947749.jpg,12,301853.42559,2.08,6.61,395.5,5708,0.18,-0.23,4.3,7.12,0.539,0,nan,nan,4.7250000000000005,True,False,False,True,usable,slow+turning
835,260408_120949815.jpg,12,301855.492542,2.46,1.56,377.2,8032,-0.3,1.62,4.49,10.43,0.39,0,nan,nan,4.125,True,False,False,True,usable,slow
836,260408_120951804.jpg,12,301857.481101,2.53,0.91,373.9,7047,-0.28,0.92,4.18,7.38,0.389,0,nan,nan,4.025,True,False,False,True,usable,slow
837,260408_120953806.jpg,12,301859.483904,2.62,0.43,365.2,8050,0.14,2.41,5.22,11.45,0.349,0,nan,nan,4.025,True,False,False,True,usable,slow
838,260408_120955769.jpg,12,301861.447255,2.78,0.45,385.2,5169,-0.02,-2.37,6.18,15.14,0.258,0,nan,nan,4.2250000000000005,True,False,False,True,usable,slow
839,260408_120957561.jpg,12,301863.239857,2.6,8.02,397.4,2942,0.97,-5.87,6.8,24.13,0.112,0,nan,nan,4.625,False,False,False,True,reject,geometry+slow+turning
840,260408_120959867.jpg,12,301865.54586,2.37,16.33,341.5,3880,-0.19,-2.87,8.09,19.31,0.098,0,nan,nan,4.625,False,False,False,True,reject,geometry+slow+turning
841,260408_121001676.jpg,12,301867.355063,2.7,12.76,307.0,4086,-0.58,15.17,7.18,15.05,0.128,0,nan,nan,3.9250000000000003,False,False,False,True,reject,geometry+slow+turning
842,260408_121003336.jpg,12,301869.015265,2.95,2.17,280.1,4778,0.13,9.09,7.11,20.12,0.167,0,nan,nan,3.5250000000000004,False,False,False,True,reject,geometry+slow
843,260408_121004997.jpg,12,301870.676467,3.07,0.89,272.4,6197,0.63,-0.48,8.74,13.43,0.309,0,nan,nan,3.6750000000000003,True,False,True,True,clean,
844,260408_121006561.jpg,12,301872.240903,2.93,10.25,274.2,3186,0.84,2.81,5.18,6.93,0.418,0,nan,nan,4.125,True,False,False,True,usable,slow+turning
845,260408_121008137.jpg,12,301873.817305,2.8,18.59,274.6,1949,0.2,1.65,3.82,5.83,0.436,0,nan,nan,4.275,True,False,False,True,usable,slow+turning
846,260408_121009686.jpg,12,301875.366107,3.25,16.04,275.4,1533,0.98,8.12,6.39,10.88,0.224,0,nan,nan,3.2750000000000004,False,False,False,True,reject,geometry+turning
847,260408_121011010.jpg,12,301876.690409,3.74,10.34,283.1,1214,-0.09,-2.39,7.99,12.3,0.203,0,nan,nan,3.375,True,False,False,True,usable,turning
848,260408_121012208.jpg,12,301877.888411,4.06,6.11,293.1,1671,0.54,-0.5,6.31,8.96,0.304,0,nan,nan,3.575,True,False,False,True,usable,turning
849,260408_121013399.jpg,12,301879.080212,4.26,3.83,297.1,1232,-0.56,1.3,8.93,10.45,0.249,0,nan,nan,3.825,True,False,True,True,clean,
850,260408_121014516.jpg,12,301880.197214,4.52,2.42,313.6,630,-0.38,4.33,8.47,10.9,0.161,0,nan,nan,3.7750000000000004,True,False,True,True,clean,
851,260408_121015551.jpg,12,301881.232315,4.84,0.83,347.1,241,1.35,9.01,9.01,16.13,0.116,0,nan,nan,4.025,False,False,True,True,unverified,few_edges
852,260408_121016512.jpg,12,301882.193416,5.11,0.73,413.7,297,2.73,-2.0,17.9,10.12,0.11,0,nan,nan,4.2250000000000005,False,False,True,True,unverified,few_edges
853,260408_121017481.jpg,12,301883.162817,5.09,0.61,554.6,472,-0.64,-12.21,9.65,18.3,0.059,0,nan,nan,4.2250000000000005,False,False,True,True,reject,geometry
854,260408_121018515.jpg,12,301884.196619,4.79,0.26,703.4,883,8.89,3.65,14.75,7.5,0.156,0,nan,nan,4.825,False,False,True,True,reject,geometry
855,260408_121019612.jpg,12,301885.29372,4.54,0.29,555.3,1008,-9.22,-9.43,18.74,11.18,0.13,0,nan,nan,4.425,False,False,True,True,reject,geometry
856,260408_121020751.jpg,12,301886.433021,4.37,0.43,409.3,747,0.91,1.19,11.66,11.26,0.152,0,nan,nan,3.7750000000000004,True,False,True,True,clean,
857,260408_121021920.jpg,12,301887.602623,4.31,1.6,345.1,603,-15.35,-5.09,15.58,10.31,0.078,0,nan,nan,3.7750000000000004,False,False,True,True,reject,geometry
858,260408_121023084.jpg,12,301888.766924,4.38,0.57,326.5,894,0.96,3.2,9.62,11.47,0.158,0,nan,nan,3.4250000000000003,True,False,True,True,clean,
859,260408_121024205.jpg,12,301889.887326,4.48,1.23,330.5,935,3.64,-0.27,10.55,8.64,0.207,0,nan,nan,3.575,True,False,True,True,clean,
860,260408_121025287.jpg,12,301890.970127,4.5,0.79,331.2,1265,-1.86,1.41,5.7,5.2,0.56,0,nan,nan,3.625,True,False,True,True,clean,
861,260408_121026444.jpg,12,301892.126829,4.18,0.35,360.1,1364,-0.8,0.29,7.9,6.94,0.484,0,nan,nan,3.625,True,False,True,True,clean,
862,260408_121027721.jpg,12,301893.40423,3.95,0.68,330.5,1393,0.19,-0.65,4.24,4.95,0.622,0,nan,nan,4.275,True,False,True,True,clean,
863,260408_121029067.jpg,12,301894.750632,3.85,4.89,328.8,1920,2.84,7.16,12.01,9.78,0.317,0,nan,nan,3.575,False,False,True,True,reject,geometry
864,260408_121030484.jpg,12,301896.168034,3.16,14.1,322.1,1377,0.68,1.92,8.42,15.45,0.253,0,nan,nan,3.825,True,False,False,True,usable,turning
865,260408_121031975.jpg,12,301897.658736,3.5,17.39,320.4,1263,-1.57,1.02,8.41,8.22,0.526,0,nan,nan,4.575,True,False,False,True,usable,turning
866,260408_121033288.jpg,12,301898.972011,4.13,10.15,344.2,2438,-1.53,4.26,11.79,8.35,0.321,0,nan,nan,3.875,True,False,False,True,usable,turning
867,260408_121034460.jpg,12,301900.144613,4.31,1.87,369.5,1537,-1.92,1.11,8.31,8.01,0.323,0,nan,nan,4.375,True,False,True,True,clean,
868,260408_121035577.jpg,12,301901.261814,4.62,0.45,392.7,1648,3.66,7.26,11.1,15.92,0.244,0,nan,nan,4.425,False,False,True,True,reject,geometry
869,260408_121036646.jpg,12,301902.331038,4.72,0.48,374.4,1691,0.69,0.5,5.67,9.18,0.31,0,nan,nan,4.375,True,False,True,True,clean,
870,260408_121037703.jpg,12,301903.387339,4.92,0.54,376.0,2781,0.59,1.93,7.09,9.61,0.368,0,nan,nan,4.4750000000000005,True,False,True,True,clean,
871,260408_121038753.jpg,12,301904.437641,4.77,0.4,377.4,3014,-0.58,0.79,6.17,6.44,0.478,0,nan,nan,5.325,True,False,True,True,clean,
872,260408_121039889.jpg,12,301905.574142,4.22,0.2,395.2,2268,-0.41,-0.91,3.87,4.95,0.668,0,nan,nan,5.4750000000000005,True,False,True,True,clean,
873,260408_121041166.jpg,12,301906.850844,3.6,12.73,401.0,1688,0.45,-0.07,5.82,4.24,0.568,0,nan,nan,5.2250000000000005,True,False,False,True,usable,turning
874,260408_121042761.jpg,12,301908.446046,2.79,23.95,378.1,2401,-0.55,0.31,8.2,8.05,0.416,0,nan,nan,4.825,True,False,False,True,usable,slow+turning
875,260408_121044207.jpg,12,301909.892848,3.38,14.99,364.4,3198,0.41,-0.05,6.65,5.07,0.518,0,nan,nan,4.425,True,False,False,True,usable,turning
876,260408_121045467.jpg,12,301911.152949,4.29,0.32,364.8,3195,0.74,0.78,4.14,8.44,0.477,0,nan,nan,4.325,True,False,True,True,clean,
877,260408_121046570.jpg,12,301912.256151,4.71,1.9,355.9,3442,0.4,0.05,10.45,11.44,0.277,0,nan,nan,4.025,True,False,True,True,clean,
878,260408_121047641.jpg,12,301913.327352,4.79,0.21,346.8,2995,-0.56,-0.54,9.5,7.2,0.288,0,nan,nan,4.275,True,False,True,True,clean,
879,260408_121048679.jpg,12,301914.365953,4.84,1.43,349.4,2261,-1.38,-1.92,8.51,11.54,0.234,0,nan,nan,3.825,True,False,True,True,clean,
880,260408_121049697.jpg,12,301915.383455,4.79,1.11,347.7,1938,-0.17,-0.76,7.92,11.98,0.227,0,nan,nan,4.025,True,False,True,True,clean,
881,260408_121050785.jpg,12,301916.471856,4.57,0.11,349.0,3862,1.21,-2.92,8.4,15.27,0.184,0,nan,nan,3.9250000000000003,True,False,True,True,clean,
882,260408_121051960.jpg,12,301917.646657,4.31,0.5,360.4,3261,-4.25,-0.31,8.89,5.62,0.27,0,nan,nan,3.825,True,False,True,True,clean,
883,260408_121053330.jpg,12,301919.016959,3.68,2.42,412.5,2557,0.08,-0.82,3.8,7.13,0.405,0,nan,nan,4.4750000000000005,True,False,True,True,clean,
884,260408_121054997.jpg,12,301920.684903,3.01,8.99,418.3,2096,0.07,-4.35,6.26,6.86,0.357,0,nan,nan,4.425,True,False,False,True,usable,turning
885,260408_121056646.jpg,12,301922.333405,3.13,15.01,356.1,1656,0.15,-0.26,6.24,6.52,0.315,0,nan,nan,4.4750000000000005,True,False,False,True,usable,turning
886,260408_121058070.jpg,12,301923.758343,3.35,13.37,304.2,1880,-0.59,1.67,8.66,9.39,0.229,0,nan,nan,3.6750000000000003,True,False,False,True,usable,turning
887,260408_121059409.jpg,12,301925.097288,3.7,8.18,300.6,2095,-0.07,1.41,8.01,8.3,0.278,0,nan,nan,4.2250000000000005,True,False,False,True,usable,turning
888,260408_121100803.jpg,12,301926.49158,3.78,3.84,319.5,3120,-0.1,2.67,8.69,7.47,0.236,0,nan,nan,3.5250000000000004,True,False,True,True,clean,
889,260408_121102070.jpg,12,301927.758582,4.06,0.21,350.0,4179,-0.26,-0.03,9.57,9.66,0.251,0,nan,nan,4.7250000000000005,True,False,True,True,clean,
890,260408_121103220.jpg,12,301928.908983,4.47,0.12,356.3,3883,1.3,1.74,9.47,11.69,0.206,0,nan,nan,4.025,True,False,True,True,clean,
891,260408_121104316.jpg,12,301930.005185,4.49,2.14,350.6,4265,-0.56,-0.45,8.07,11.3,0.259,0,nan,nan,3.7750000000000004,True,False,True,True,clean,
892,260408_121105394.jpg,12,301931.083086,4.52,1.37,311.9,4833,0.65,-1.76,6.75,7.13,0.337,0,nan,nan,3.9250000000000003,True,False,True,True,clean,
893,260408_121106531.jpg,12,301932.220588,4.45,0.73,278.0,2304,0.71,-4.66,5.4,9.9,0.311,0,nan,nan,3.6750000000000003,True,False,True,True,clean,
894,260408_121107689.jpg,12,301933.378089,4.49,0.64,262.1,2031,-0.13,0.17,4.74,9.88,0.313,0,nan,nan,3.725,True,False,True,True,clean,
895,260408_121108909.jpg,12,301934.599091,4.15,0.66,280.9,2258,0.2,-0.18,8.05,8.15,0.413,0,nan,nan,4.325,True,False,True,True,clean,
896,260408_121110110.jpg,12,301935.800192,3.86,2.42,334.8,1302,0.17,-0.76,7.81,12.37,0.303,0,nan,nan,3.125,True,False,True,True,clean,
897,260408_121111398.jpg,12,301937.088194,3.94,0.58,361.7,1884,-0.04,-3.86,6.77,9.11,0.353,0,nan,nan,3.0250000000000004,True,False,True,True,clean,
898,260408_121112756.jpg,12,301938.446595,3.79,3.07,326.4,1214,-0.34,-4.54,6.14,8.15,0.34,0,nan,nan,3.125,True,False,True,True,clean,
899,260408_121114108.jpg,12,301939.798197,3.63,0.47,396.4,541,1.77,1.37,10.71,13.47,0.228,0,nan,nan,3.1750000000000003,True,False,True,True,clean,
900,260408_121115580.jpg,12,301941.270699,3.39,0.14,475.8,1521,0.37,-12.32,7.09,7.64,0.222,0,nan,nan,3.125,False,False,True,True,reject,geometry
901,260408_121117208.jpg,12,301942.898701,3.25,0.08,283.9,2850,0.02,-0.2,8.82,13.5,0.265,0,nan,nan,3.325,True,False,True,True,clean,
902,260408_121118802.jpg,12,301944.492861,3.14,1.29,228.1,2027,-0.07,-1.26,11.76,12.85,0.177,0,nan,nan,3.075,True,False,True,True,clean,
903,260408_121120428.jpg,12,301946.119863,2.95,0.01,213.6,2117,0.64,-0.22,12.75,8.22,0.227,0,nan,nan,3.125,True,False,False,True,usable,slow
904,260408_121122229.jpg,12,301947.921165,2.97,0.36,206.5,2642,-0.08,-0.58,8.58,9.87,0.269,0,nan,nan,3.0250000000000004,True,False,False,True,usable,slow
905,260408_121123736.jpg,12,301949.428267,3.22,0.2,214.6,3311,0.26,-0.78,4.28,9.68,0.387,0,nan,nan,2.9250000000000003,True,False,True,True,clean,
906,260408_121125282.jpg,12,301950.973969,3.36,0.1,211.9,2690,2.46,-0.51,9.9,10.17,0.261,0,nan,nan,2.975,True,False,True,True,clean,
907,260408_121126731.jpg,12,301952.423071,3.25,0.49,214.9,2817,0.69,0.91,8.11,12.77,0.191,0,nan,nan,3.125,True,False,True,True,clean,
908,260408_121128646.jpg,12,301954.338673,2.99,2.65,203.7,2705,0.01,-0.71,0.88,1.29,0.286,0,nan,nan,3.0250000000000004,True,False,False,True,usable,slow
909,260408_121130372.jpg,12,301956.064676,2.74,7.31,191.0,1362,-2.88,8.08,12.03,15.89,0.095,0,nan,nan,2.9250000000000003,False,False,False,True,reject,geometry+slow+turning
910,260408_121132169.jpg,12,301957.862078,2.79,9.21,186.1,1458,-0.04,-2.9,8.2,7.99,0.259,0,nan,nan,3.1750000000000003,True,False,False,True,usable,slow+turning
911,260408_121133705.jpg,12,301959.39828,3.26,7.3,186.6,1621,-0.14,-2.84,8.76,7.01,0.311,0,nan,nan,3.125,True,False,False,True,usable,turning
912,260408_121135084.jpg,12,301960.777482,3.81,3.54,185.9,1434,-0.14,13.74,6.37,9.62,0.213,0,nan,nan,2.825,False,False,True,True,reject,geometry
913,260408_121136278.jpg,12,301961.971683,4.2,0.22,182.1,1393,0.44,13.65,7.44,10.66,0.153,0,nan,nan,2.7750000000000004,False,False,True,True,reject,geometry
914,260408_121137422.jpg,12,301963.115885,4.15,6.53,182.2,963,0.52,10.28,6.51,8.55,0.216,0,nan,nan,2.725,False,False,False,True,reject,geometry+turning
915,260408_121138752.jpg,12,301964.446086,3.87,3.63,180.8,1128,0.16,7.28,4.42,8.66,0.248,0,nan,nan,2.7750000000000004,False,False,True,True,reject,geometry
916,260408_121140039.jpg,12,301965.733088,3.83,6.13,179.9,942,-0.42,-8.71,2.38,18.82,0.189,0,nan,nan,2.6750000000000003,False,False,False,True,reject,geometry+turning
917,260408_121141296.jpg,12,301966.990989,3.91,8.14,179.8,721,-0.84,-8.2,6.68,20.81,0.147,0,nan,nan,2.6750000000000003,False,False,False,True,reject,geometry+turning
918,260408_121142516.jpg,12,301968.210491,4.12,4.48,176.8,909,0.34,10.31,6.8,13.75,0.163,0,nan,nan,2.625,False,False,True,True,reject,geometry
919,260408_121143639.jpg,12,301969.334092,4.35,2.14,178.7,526,-0.75,4.79,2.9,15.71,0.202,0,nan,nan,2.625,True,False,True,True,clean,
920,260408_121144761.jpg,12,301970.456794,4.21,0.92,177.6,230,-0.59,-5.67,1.78,12.96,0.253,0,nan,nan,2.725,False,False,True,True,unverified,few_edges
921,260408_121146137.jpg,12,301971.832656,3.63,2.66,181.0,377,0.56,-2.37,6.69,23.7,0.141,0,nan,nan,2.825,False,False,True,True,reject,geometry
922,260408_121147718.jpg,12,301973.413758,3.13,2.86,183.8,141,0.3,-3.74,8.35,7.45,0.168,0,nan,nan,2.975,False,False,True,True,unverified,few_edges
923,260408_121149491.jpg,12,301975.186561,2.7,8.26,186.2,327,-7.59,4.07,18.93,11.81,0.074,0,nan,nan,3.325,False,False,False,True,reject,geometry+slow+turning
924,260408_121152687.jpg,12,301978.383465,1.48,16.19,182.5,358,-4.91,-4.55,12.04,14.36,0.1,0,nan,nan,3.625,True,False,False,True,usable,slow+turning
925,260408_121155953.jpg,12,301981.650299,2.05,23.78,185.0,746,0.06,0.91,8.59,15.16,0.134,0,nan,nan,2.975,True,False,False,True,usable,slow+turning
926,260408_121157498.jpg,12,301983.1956,3.51,22.62,189.7,539,0.04,1.37,6.44,17.59,0.106,0,nan,nan,3.2750000000000004,False,False,False,True,reject,geometry+turning
927,260408_121158597.jpg,12,301984.294602,4.8,6.04,185.8,257,0.23,5.51,9.68,14.36,0.073,0,nan,nan,3.325,False,False,False,True,usable,few_edges+turning
928,260408_121159494.jpg,12,301985.191703,5.77,0.93,184.7,126,0.63,0.85,7.29,22.08,0.042,0,nan,nan,3.325,False,False,True,True,unverified,few_edges
929,260408_121200272.jpg,12,301985.969755,6.45,1.27,184.8,53,-0.08,-23.16,1.93,4.28,0.018,0,nan,nan,3.375,False,False,True,True,unverified,few_edges
930,260408_121200995.jpg,12,301986.692956,6.83,0.46,182.3,410,1.14,-0.87,1.82,12.7,0.344,0,nan,nan,3.2750000000000004,True,False,True,True,clean,
931,260408_121201709.jpg,12,301987.407357,6.99,0.35,182.4,349,-2.71,-0.35,2.23,4.76,0.417,0,nan,nan,3.325,True,False,True,True,clean,
932,260408_121202409.jpg,12,301988.106758,7.07,0.65,183.5,407,0.77,1.91,0.89,6.77,0.4,0,nan,nan,3.4250000000000003,True,False,True,True,clean,
933,260408_121203108.jpg,12,301988.806159,7.27,0.54,181.1,171,31.81,12.23,1.38,8.66,0.021,0,nan,nan,3.2750000000000004,False,False,True,True,unverified,few_edges
934,260408_121203788.jpg,12,301989.486559,7.46,0.32,178.4,141,0.33,-24.91,0.99,7.47,0.082,0,nan,nan,3.125,False,False,True,True,unverified,few_edges
935,260408_121204446.jpg,12,301990.144623,7.64,0.17,172.0,98,-0.12,-31.75,0.76,5.18,0.045,0,nan,nan,3.075,False,False,True,True,unverified,few_edges
936,260408_121205078.jpg,12,301990.776118,7.84,0.24,167.2,72,0.65,-30.66,1.48,3.22,0.018,0,nan,nan,3.075,False,False,True,True,unverified,few_edges
937,260408_121205698.jpg,12,301991.396619,7.94,0.45,167.8,116,0.51,-22.77,5.59,7.04,0.088,0,nan,nan,2.975,False,False,True,True,unverified,few_edges
938,260408_121206318.jpg,12,301992.01702,8.01,0.0,167.9,115,-0.38,-21.59,6.93,5.05,0.063,0,nan,nan,2.975,False,False,True,True,unverified,few_edges
939,260408_121206940.jpg,12,301992.638421,8.04,0.56,164.6,207,-0.77,-2.79,5.95,5.02,0.267,0,nan,nan,3.075,False,False,True,True,unverified,few_edges
940,260408_121207568.jpg,12,301993.267022,7.9,0.58,164.5,99,7.52,-20.39,7.79,7.66,0.036,0,nan,nan,3.0250000000000004,False,False,True,True,unverified,few_edges
941,260408_121208211.jpg,12,301993.909722,7.76,0.28,163.8,214,0.17,-8.05,2.8,7.1,0.186,0,nan,nan,2.975,False,False,True,True,unverified,few_edges
942,260408_121208875.jpg,12,301994.573923,7.66,0.21,165.0,741,-0.43,-7.03,11.23,11.32,0.212,0,nan,nan,2.975,False,False,True,True,reject,geometry
943,260408_121209536.jpg,12,301995.235324,7.58,0.39,166.5,930,-0.15,-0.9,7.6,7.95,0.366,0,nan,nan,3.0250000000000004,True,False,True,True,clean,
944,260408_121210196.jpg,12,301995.894911,7.49,0.29,170.9,490,0.53,-0.52,7.07,7.13,0.128,0,nan,nan,3.0250000000000004,True,False,True,True,clean,
945,260408_121210877.jpg,12,301996.576312,7.36,0.02,176.0,756,0.29,-2.11,8.66,11.83,0.175,0,nan,nan,3.1750000000000003,True,False,True,True,clean,
946,260408_121211565.jpg,12,301997.264313,7.27,0.45,184.1,361,-0.56,0.88,7.7,14.36,0.132,0,nan,nan,3.125,True,False,True,True,clean,
947,260408_121212272.jpg,12,301997.971414,7.16,0.44,199.8,484,-0.65,-8.63,11.96,11.16,0.142,0,nan,nan,3.075,False,False,True,True,reject,geometry
948,260408_121212976.jpg,12,301998.676215,7.03,0.26,222.1,294,3.62,1.27,4.88,7.1,0.225,0,nan,nan,3.625,False,False,True,True,unverified,few_edges
949,260408_121213707.jpg,12,301999.407276,6.9,0.39,239.3,69,0.43,-2.43,12.67,20.79,0.007,0,nan,nan,3.475,False,False,True,True,unverified,few_edges
950,260408_121214430.jpg,12,302000.130177,6.73,0.21,217.8,30,nan,nan,nan,nan,nan,0,nan,nan,3.475,False,False,True,True,unverified,few_edges
951,260408_121215215.jpg,12,302000.915078,6.56,0.33,199.6,201,1.94,-3.29,8.41,7.93,0.109,0,nan,nan,3.1750000000000003,False,False,True,True,unverified,few_edges
952,260408_121216003.jpg,12,302001.703679,6.42,0.56,181.5,242,2.36,-0.23,8.79,8.28,0.121,0,nan,nan,3.075,False,False,True,True,unverified,few_edges
953,260408_121216804.jpg,12,302002.50478,6.23,0.05,168.6,865,0.64,0.12,5.1,7.95,0.238,0,nan,nan,2.9250000000000003,True,False,True,True,clean,
954,260408_121217621.jpg,12,302003.320981,6.06,0.22,159.6,607,0.0,-0.86,7.81,11.76,0.125,0,nan,nan,2.9250000000000003,True,False,True,True,clean,
955,260408_121218466.jpg,12,302004.166582,5.88,0.09,155.3,927,-0.49,-1.94,7.46,8.87,0.229,0,nan,nan,3.075,True,False,True,True,clean,
956,260408_121219324.jpg,12,302005.024583,5.83,0.31,150.8,793,-0.01,-3.41,8.85,9.77,0.208,0,nan,nan,2.975,True,False,True,True,clean,
957,260408_121220170.jpg,12,302005.870684,5.99,0.25,148.8,760,-0.66,4.88,5.87,15.93,0.16,0,nan,nan,3.075,True,False,True,True,clean,
958,260408_121220985.jpg,12,302006.686485,6.23,0.37,148.7,70,7.48,-14.16,16.15,20.56,0.011,0,nan,nan,2.875,False,False,True,True,unverified,few_edges
959,260408_121221775.jpg,12,302007.475886,6.39,0.02,150.2,146,5.68,15.22,6.23,13.1,0.107,0,nan,nan,3.0250000000000004,False,False,True,True,unverified,few_edges
960,260408_121222543.jpg,12,302008.244287,6.53,0.11,150.6,56,10.17,-1.62,9.06,15.7,0.111,0,nan,nan,2.975,False,False,True,True,unverified,few_edges
961,260408_121223301.jpg,12,302009.002488,6.62,0.07,151.9,42,nan,nan,nan,nan,nan,0,nan,nan,2.975,False,False,True,True,unverified,few_edges
962,260408_121224052.jpg,12,302009.752989,6.65,0.17,151.9,87,13.85,-10.9,3.4,2.05,0.032,0,nan,nan,3.075,False,False,True,True,unverified,few_edges
963,260408_121224796.jpg,12,302010.49779,6.51,0.04,152.3,0,nan,nan,nan,nan,nan,0,nan,nan,3.075,False,False,True,True,unverified,few_edges
964,260408_121225594.jpg,12,302011.295691,6.24,0.69,155.6,0,nan,nan,nan,nan,nan,0,nan,nan,3.075,False,False,True,True,unverified,few_edges
965,260408_121226421.jpg,12,302012.122792,5.78,0.54,154.3,0,nan,nan,nan,nan,nan,0,nan,nan,3.075,False,False,True,True,unverified,few_edges
966,260408_121227418.jpg,12,302013.119793,4.69,1.09,157.0,0,nan,nan,nan,nan,nan,0,nan,nan,3.125,False,False,True,True,unverified,few_edges
967,260408_121229040.jpg,12,302014.742195,3.58,1.76,159.0,0,nan,nan,nan,nan,nan,0,nan,nan,3.2750000000000004,False,False,True,True,unverified,few_edges
968,260408_121342254.jpg,13,302087.967293,9.43,1.44,201.9,81,5.17,1.34,8.11,9.64,0.276,0,nan,nan,3.225,False,False,True,True,unverified,few_edges
969,260408_121342776.jpg,13,302088.489694,9.39,0.81,197.7,137,-4.68,1.57,10.02,3.72,0.535,0,nan,nan,3.475,False,False,True,True,unverified,few_edges
970,260408_121343309.jpg,13,302089.022894,9.26,0.08,195.6,138,2.76,6.64,3.8,5.42,0.671,0,nan,nan,3.1750000000000003,False,False,True,True,unverified,few_edges
971,260408_121343854.jpg,13,302089.568395,8.84,0.32,197.0,28,nan,nan,nan,nan,nan,0,nan,nan,3.2750000000000004,False,False,True,True,unverified,few_edges
972,260408_121344463.jpg,13,302090.176796,8.03,0.98,203.5,166,-1.26,5.45,0.58,3.57,0.424,0,nan,nan,3.2750000000000004,False,False,True,True,unverified,few_edges
973,260408_121345132.jpg,13,302090.846397,7.31,7.06,215.3,848,0.11,1.44,2.04,9.79,0.419,0,nan,nan,3.6750000000000003,True,False,False,True,usable,turning
974,260408_121345837.jpg,13,302091.551598,6.62,13.27,234.7,838,-0.88,-0.29,1.84,5.6,0.513,0,nan,nan,3.7750000000000004,True,False,False,True,usable,turning
975,260408_121346677.jpg,13,302092.391899,5.57,15.4,234.2,544,8.56,-10.19,11.54,9.76,0.13,0,nan,nan,3.1750000000000003,False,False,False,True,reject,geometry+turning
976,260408_121347843.jpg,13,302093.5573,4.09,18.85,222.8,757,-0.31,-0.37,12.32,9.02,0.214,0,nan,nan,3.1750000000000003,True,False,False,True,usable,turning
977,260408_121349226.jpg,13,302094.941102,3.4,14.75,237.4,652,0.39,-0.77,3.05,1.93,0.281,0,nan,nan,3.475,True,False,False,True,usable,turning
978,260408_121350595.jpg,13,302096.310004,3.4,5.73,231.8,898,-0.06,-0.89,0.83,1.8,0.602,0,nan,nan,3.4250000000000003,True,False,False,True,usable,turning
979,260408_121352113.jpg,13,302097.828806,3.18,1.98,216.8,982,-3.29,-0.59,5.73,3.97,0.437,0,nan,nan,3.475,True,False,True,True,clean,
980,260408_121353795.jpg,13,302099.510308,3.08,0.23,235.8,1063,0.67,29.42,1.64,2.09,0.062,0,nan,nan,3.475,False,False,True,True,reject,geometry
981,260408_121355307.jpg,13,302101.02271,3.42,0.06,370.5,436,3.77,-16.2,7.03,10.45,0.03,0,nan,nan,3.9250000000000003,False,False,True,True,reject,geometry
982,260408_121356732.jpg,13,302102.447759,4.17,0.28,256.0,384,-1.83,-19.12,18.37,10.65,0.009,0,nan,nan,3.625,False,False,True,True,reject,geometry
983,260408_121357787.jpg,13,302103.50346,4.8,0.51,194.8,512,-3.94,-5.62,14.01,9.76,0.164,0,nan,nan,3.325,True,False,True,True,clean,
984,260408_121358725.jpg,13,302104.440861,5.29,0.29,192.0,610,1.19,-22.73,2.23,9.83,0.077,0,nan,nan,3.375,False,False,True,True,reject,geometry
985,260408_121359623.jpg,13,302105.339262,5.62,0.36,208.6,878,-0.13,15.43,3.47,6.55,0.148,0,nan,nan,3.475,False,False,True,True,reject,geometry
986,260408_121400491.jpg,13,302106.208063,5.74,0.23,297.6,927,16.64,3.5,17.27,13.68,0.097,0,nan,nan,3.625,False,False,True,True,reject,geometry
987,260408_121401369.jpg,13,302107.086264,5.74,0.74,440.5,1179,0.34,-1.5,4.81,12.83,0.315,0,nan,nan,4.425,True,False,True,True,clean,
988,260408_121402235.jpg,13,302107.951966,5.72,0.18,379.2,534,9.83,3.17,14.98,8.83,0.089,0,nan,nan,3.9250000000000003,False,False,True,True,reject,geometry
989,260408_121403112.jpg,13,302108.829167,5.64,0.03,511.7,612,-0.06,-0.5,0.98,7.22,0.384,0,nan,nan,4.325,True,False,True,True,clean,
990,260408_121404005.jpg,13,302109.722168,5.48,0.05,287.4,13,nan,nan,nan,nan,nan,0,nan,nan,3.825,False,False,True,True,unverified,few_edges
991,260408_121404920.jpg,13,302110.637569,5.31,0.14,213.0,328,-5.27,-1.23,12.9,11.12,0.108,0,nan,nan,3.825,True,False,True,True,clean,
992,260408_121405862.jpg,13,302111.57937,5.24,0.23,192.0,622,-1.21,-6.8,4.98,9.1,0.302,0,nan,nan,3.625,False,False,True,True,reject,geometry
993,260408_121406816.jpg,13,302112.534071,5.24,0.01,185.5,692,-2.36,-3.16,9.25,15.33,0.161,0,nan,nan,3.625,True,False,True,True,clean,
994,260408_121407771.jpg,13,302113.488773,5.13,0.28,183.1,664,-0.17,9.5,7.32,10.12,0.192,52,16.27,0.1,3.6750000000000003,False,False,True,True,reject,geometry
995,260408_121408830.jpg,13,302114.547974,4.67,0.04,184.1,1780,0.69,-0.78,10.48,9.38,0.232,1281,-0.18,-0.97,3.725,True,False,True,True,clean,
996,260408_121410052.jpg,13,302115.770175,4.01,0.29,189.4,1904,-0.84,-1.6,6.94,12.97,0.241,1054,0.21,-0.77,3.6750000000000003,True,False,True,True,clean,
997,260408_121411440.jpg,13,302117.158277,3.58,0.12,197.2,2623,0.65,0.44,8.27,14.94,0.232,1765,-0.07,10.19,3.625,True,True,True,True,usable,pass_conflict
998,260408_121412860.jpg,13,302118.578199,3.23,0.67,213.4,2405,-0.3,0.53,8.4,13.17,0.213,1597,-0.65,4.2,3.9250000000000003,True,False,True,True,clean,
999,260408_121415120.jpg,13,302120.839102,2.24,0.53,245.3,2684,-0.52,-0.22,7.34,9.32,0.353,1679,-0.27,4.09,3.7750000000000004,True,False,False,True,usable,slow
1000,260408_121419689.jpg,13,302125.408208,1.12,0.12,291.7,1562,0.79,-0.83,5.71,8.6,0.342,758,0.44,1.19,3.825,True,False,False,True,usable,slow
1001,260408_121446782.jpg,14,302152.505642,0.88,6.97,302.7,178,-6.33,-5.28,11.74,16.16,0.063,892,0.32,0.2,4.4750000000000005,False,False,False,True,usable,few_edges+slow+turning
1002,260408_121449714.jpg,14,302155.438746,2.12,10.74,333.3,290,0.08,2.01,7.76,11.0,0.157,855,1.15,1.52,3.825,False,False,False,True,usable,few_edges+slow+turning
1003,260408_121451401.jpg,14,302157.125348,3.6,10.42,298.0,528,0.52,2.68,10.11,12.54,0.146,1196,-0.39,2.34,3.4250000000000003,True,False,False,True,usable,turning
1004,260408_121452603.jpg,14,302158.327749,4.66,0.61,267.0,877,-0.57,5.24,8.86,9.99,0.229,1939,-0.16,-0.43,3.325,True,False,True,True,clean,
1005,260408_121453603.jpg,14,302159.327932,5.06,0.1,220.6,2345,-0.1,-1.63,4.27,8.44,0.321,2573,0.49,-0.95,3.7750000000000004,True,False,True,True,clean,
1006,260408_121454497.jpg,14,302160.222133,5.44,0.18,200.7,1780,-0.29,-2.86,5.24,12.39,0.21,2476,0.62,2.13,3.2750000000000004,True,False,True,True,clean,
1007,260408_121455323.jpg,14,302161.048134,6.05,0.15,179.8,2331,0.07,-3.66,7.07,11.66,0.306,2318,0.32,0.93,3.2750000000000004,True,False,True,True,clean,
1008,260408_121456107.jpg,14,302161.832235,6.44,0.07,178.8,2127,0.26,-1.47,3.65,8.93,0.481,1493,0.24,-0.41,3.325,True,False,True,True,clean,
1009,260408_121456851.jpg,14,302162.576636,6.84,0.55,167.8,2642,0.34,-2.77,6.5,8.82,0.422,1183,0.46,-3.15,3.2750000000000004,True,False,True,True,clean,
1010,260408_121457550.jpg,14,302163.275337,7.17,0.28,170.9,392,1.77,-1.94,6.09,14.05,0.154,109,9.05,-4.45,3.2750000000000004,True,False,True,True,clean,
1011,260408_121458222.jpg,14,302163.947438,7.35,0.25,169.0,415,3.24,-0.81,4.04,12.46,0.176,380,-7.72,4.85,3.125,True,False,True,True,clean,
1012,260408_121458878.jpg,14,302164.603639,7.58,0.34,178.0,275,-0.58,-10.52,3.91,7.18,0.218,47,nan,nan,3.125,False,False,True,True,unverified,few_edges
1013,260408_121459511.jpg,14,302165.23714,7.86,0.31,183.1,203,-5.24,-4.08,15.37,11.21,0.099,137,-21.27,2.47,3.125,False,False,True,True,unverified,few_edges
1014,260408_121500148.jpg,14,302165.87394,7.92,0.13,240.5,98,3.05,-16.91,2.62,5.48,0.168,0,nan,nan,3.125,False,False,True,True,unverified,few_edges
1015,260408_121500802.jpg,14,302166.528141,7.81,0.06,498.9,140,0.63,14.65,0.95,9.88,0.185,0,nan,nan,3.725,False,False,True,True,unverified,few_edges
1016,260408_121501454.jpg,14,302167.179842,7.69,0.38,406.9,169,1.55,-4.15,18.01,8.08,0.071,0,nan,nan,3.375,False,False,True,True,unverified,few_edges
1017,260408_121502105.jpg,14,302167.831543,7.59,0.04,451.0,158,1.6,5.16,20.97,7.27,0.034,0,nan,nan,3.325,False,False,True,True,unverified,few_edges
1018,260408_121502768.jpg,14,302168.494844,7.47,0.47,312.8,236,0.19,1.72,3.96,13.97,0.128,0,nan,nan,3.325,False,False,True,True,unverified,few_edges
1019,260408_121503442.jpg,14,302169.168844,7.34,0.06,196.2,171,-6.99,-1.67,13.65,8.85,0.109,0,nan,nan,3.075,False,False,True,True,unverified,few_edges
1020,260408_121504127.jpg,14,302169.854045,7.24,0.81,175.1,403,0.17,-4.09,10.63,10.79,0.175,0,nan,nan,3.125,True,False,True,True,clean,
1021,260408_121504840.jpg,14,302170.566546,7.1,0.51,170.4,483,-6.43,-2.82,12.34,10.12,0.236,0,nan,nan,3.225,False,False,True,True,reject,geometry
1022,260408_121505564.jpg,14,302171.291147,6.73,0.68,230.2,575,-9.78,-16.48,11.35,9.44,0.046,0,nan,nan,3.075,False,False,True,True,reject,geometry
1023,260408_121506357.jpg,14,302172.084248,6.1,1.08,335.1,860,-0.8,-0.77,14.65,10.25,0.085,0,nan,nan,3.1750000000000003,True,False,True,True,clean,
1024,260408_121507265.jpg,14,302172.991849,5.26,0.31,201.4,532,0.73,-2.16,11.52,18.53,0.08,0,nan,nan,3.225,False,False,True,True,reject,geometry
1025,260408_121508386.jpg,14,302174.113651,4.04,2.47,167.8,356,-6.29,2.09,11.73,9.1,0.22,0,nan,nan,3.2750000000000004,False,False,True,True,reject,geometry
1026,260408_121509508.jpg,14,302175.235452,3.13,7.14,172.6,183,0.97,-0.61,5.46,12.72,0.231,0,nan,nan,3.225,False,False,False,True,usable,few_edges+turning
1027,260408_121511683.jpg,14,302177.410725,2.48,11.76,175.5,110,3.44,-26.55,10.66,9.45,0.008,0,nan,nan,2.875,False,False,False,True,usable,few_edges+slow+turning
1028,260408_121513473.jpg,14,302179.200627,3.02,17.49,168.1,400,1.9,-1.2,17.56,8.7,0.126,0,nan,nan,2.9250000000000003,False,False,False,True,reject,geometry+turning
1029,260408_121514810.jpg,14,302180.538229,4.34,15.23,170.9,663,-4.13,-7.74,12.26,15.08,0.133,0,nan,nan,3.1750000000000003,False,False,False,True,reject,geometry+turning
1030,260408_121515849.jpg,14,302181.57723,5.96,4.1,178.6,887,-1.18,1.21,3.53,16.33,0.278,0,nan,nan,3.325,False,False,True,True,reject,geometry
1031,260408_121516682.jpg,14,302182.410931,7.49,0.35,174.9,599,-0.31,-0.41,7.18,9.05,0.205,0,nan,nan,2.9250000000000003,True,False,True,True,clean,
1032,260408_121517407.jpg,14,302183.135932,8.89,1.25,178.0,910,17.23,-4.41,8.42,10.88,0.118,0,nan,nan,3.075,False,False,True,True,reject,geometry
1033,260408_121518006.jpg,14,302183.735033,9.16,0.28,177.2,594,-1.23,-5.89,1.1,12.9,0.464,0,nan,nan,2.975,True,False,True,True,clean,
1034,260408_121518512.jpg,14,302184.240999,10.65,0.24,183.3,739,-0.03,0.53,0.63,8.12,0.645,0,nan,nan,3.7750000000000004,True,False,True,True,clean,
1035,260408_121518975.jpg,14,302184.704,11.46,0.46,181.1,196,3.25,-1.59,5.31,13.77,0.294,0,nan,nan,3.0250000000000004,False,False,True,True,unverified,few_edges
1036,260408_121519438.jpg,14,302185.167,10.64,0.46,180.7,442,-3.43,-8.76,4.87,11.93,0.224,0,nan,nan,3.225,False,False,True,True,reject,geometry
1037,260408_121519901.jpg,14,302185.630001,10.57,0.44,181.3,600,0.1,-6.94,5.89,7.13,0.373,0,nan,nan,3.2750000000000004,False,False,True,True,reject,geometry
1038,260408_121520374.jpg,14,302186.103302,10.5,0.08,186.6,1069,-0.03,-0.46,6.46,9.19,0.333,0,nan,nan,3.075,True,False,True,True,clean,
1039,260408_121520847.jpg,14,302186.576602,10.44,0.25,187.4,952,0.17,-0.33,10.36,13.3,0.209,0,nan,nan,2.825,True,False,True,True,clean,
1040,260408_121521321.jpg,14,302187.049903,10.37,0.03,199.2,791,-0.64,-1.54,10.8,11.8,0.155,0,nan,nan,3.075,True,False,True,True,clean,
1041,260408_121521805.jpg,14,302187.534003,10.3,0.04,213.2,669,-0.45,2.08,11.0,13.35,0.161,0,nan,nan,3.1750000000000003,True,False,True,True,clean,
1042,260408_121522289.jpg,14,302188.018104,10.23,0.77,262.9,330,-0.92,0.51,15.64,9.2,0.137,0,nan,nan,3.225,True,False,True,True,clean,
1043,260408_121522773.jpg,14,302188.502205,10.17,0.33,248.1,919,-0.08,-0.36,6.58,13.67,0.242,0,nan,nan,3.975,True,False,True,True,clean,
1044,260408_121523257.jpg,14,302188.986305,10.28,0.23,232.4,4554,-1.76,-1.96,4.86,9.49,0.317,0,nan,nan,3.225,True,False,True,True,clean,
1045,260408_121523751.jpg,14,302189.480706,10.01,0.9,235.2,5838,-0.94,-0.66,6.61,10.29,0.299,0,nan,nan,3.325,True,False,True,True,clean,
1046,260408_121524245.jpg,14,302189.975106,9.51,1.29,208.0,4627,-0.45,-2.36,2.48,4.08,0.334,0,nan,nan,3.1750000000000003,True,False,True,True,clean,
1047,260408_121524740.jpg,14,302190.469507,9.73,0.08,205.6,4340,-0.09,-0.14,2.78,6.95,0.337,0,nan,nan,3.375,True,False,True,True,clean,
1048,260408_121525271.jpg,14,302191.000608,9.31,0.47,214.9,2456,-2.53,-0.58,7.2,11.01,0.257,0,nan,nan,3.1750000000000003,True,False,True,True,clean,
1049,260408_121525870.jpg,14,302191.600109,7.64,2.6,217.0,1777,-0.6,0.42,7.59,9.36,0.21,0,nan,nan,3.325,True,False,True,True,clean,
1050,260408_121526640.jpg,14,302192.37011,5.9,8.2,208.3,1674,-0.25,0.55,8.11,9.3,0.228,0,nan,nan,3.575,True,False,False,True,usable,turning
1051,260408_121527776.jpg,14,302193.506811,4.21,13.7,201.6,3221,0.62,0.08,3.45,2.98,0.466,0,nan,nan,3.2750000000000004,True,False,False,True,usable,turning
1052,260408_121529250.jpg,14,302194.980313,3.26,18.19,197.4,4468,-0.46,-0.29,1.97,8.86,0.433,0,nan,nan,3.225,True,False,False,True,usable,turning
1053,260408_121530733.jpg,14,302196.463515,3.58,17.79,218.1,4303,5.85,0.45,3.92,5.49,0.478,0,nan,nan,3.2750000000000004,True,False,False,True,usable,turning
1054,260408_121531918.jpg,14,302197.648816,4.31,10.61,225.9,2348,-0.22,1.51,3.02,3.95,0.438,0,nan,nan,3.125,True,False,False,True,usable,turning
1055,260408_121532952.jpg,14,302198.683218,4.94,3.76,247.7,2385,-0.43,1.01,4.81,8.0,0.4,0,nan,nan,3.225,True,False,True,True,clean,
1056,260408_121533902.jpg,14,302199.633319,5.05,0.47,286.2,1188,0.25,0.15,8.39,8.77,0.257,0,nan,nan,2.875,True,False,True,True,clean,
1057,260408_121534846.jpg,14,302200.57782,5.36,0.36,363.0,5027,0.28,0.68,2.61,9.5,0.426,0,nan,nan,3.225,True,False,True,True,clean,
1058,260408_121535756.jpg,14,302201.487621,5.87,2.41,527.7,5465,-0.5,0.29,5.02,10.31,0.367,0,nan,nan,3.325,True,False,True,True,clean,
1059,260408_121536645.jpg,14,302202.376422,5.65,2.69,720.5,6386,0.42,-0.36,4.49,9.85,0.37,0,nan,nan,4.2250000000000005,True,False,True,True,clean,
1060,260408_121537544.jpg,14,302203.275423,5.39,1.15,575.1,10548,-0.05,-0.0,2.04,4.89,0.545,0,nan,nan,3.825,True,False,True,True,clean,
1061,260408_121538465.jpg,14,302204.197424,5.53,2.56,534.6,8111,0.05,0.81,5.31,6.67,0.431,0,nan,nan,3.6750000000000003,True,False,True,True,clean,
1062,260408_121539422.jpg,14,302205.153726,4.91,8.32,435.1,7419,-0.08,-0.18,3.75,5.56,0.535,0,nan,nan,4.375,True,False,False,True,usable,turning
1063,260408_121540749.jpg,14,302206.481827,3.31,14.17,355.8,6376,0.29,1.96,8.45,7.26,0.281,0,nan,nan,3.325,True,False,False,True,usable,turning
1064,260408_121542754.jpg,14,302208.48683,2.32,16.47,259.4,6706,-0.92,0.38,8.01,7.36,0.282,0,nan,nan,3.2750000000000004,True,False,False,True,usable,slow+turning
1065,260408_121544941.jpg,14,302210.674033,1.98,11.13,230.3,5569,-0.4,0.63,6.41,7.26,0.277,0,nan,nan,2.725,True,False,False,True,usable,slow+turning
1066,260408_121548865.jpg,14,302214.598838,1.39,4.6,266.3,5751,-0.49,0.2,7.11,9.12,0.268,0,nan,nan,6.7250000000000005,True,False,False,True,usable,slow
1067,260408_121553622.jpg,14,302219.355952,2.04,4.71,271.5,6257,-0.19,-0.11,7.23,10.29,0.226,0,nan,nan,3.7750000000000004,True,False,False,True,usable,slow
1068,260408_121555783.jpg,14,302221.518154,2.71,15.57,295.9,5747,0.1,2.64,7.71,10.85,0.229,0,nan,nan,2.9250000000000003,True,False,False,True,usable,slow+turning
1069,260408_121557302.jpg,14,302223.036556,3.33,14.78,332.5,3954,0.1,-0.03,5.09,8.66,0.301,0,nan,nan,3.7750000000000004,True,False,False,True,usable,turning
1070,260408_121558638.jpg,14,302224.373267,3.8,4.93,337.6,4910,0.05,-0.06,3.16,4.5,0.376,0,nan,nan,3.625,True,False,True,True,clean,
1071,260408_121559932.jpg,14,302225.667269,3.93,2.21,353.3,9355,0.36,-0.19,5.52,4.62,0.514,0,nan,nan,3.5250000000000004,True,False,True,True,clean,
1072,260408_121601246.jpg,14,302226.982071,3.79,4.65,337.2,13408,0.25,-0.82,6.26,8.74,0.301,0,nan,nan,3.7750000000000004,True,False,True,True,clean,
1073,260408_121602510.jpg,14,302228.245972,3.74,8.91,342.3,12480,0.76,-0.33,6.14,7.4,0.296,0,nan,nan,3.7750000000000004,True,False,False,True,usable,turning
1074,260408_121603796.jpg,14,302229.532474,3.61,8.08,356.6,8812,0.56,-3.42,10.22,15.16,0.159,0,nan,nan,4.025,True,False,False,True,usable,turning
1075,260408_121605244.jpg,14,302230.979975,3.29,2.37,361.1,6341,0.74,-3.86,5.05,6.38,0.374,0,nan,nan,4.325,True,False,True,True,clean,
1076,260408_121606935.jpg,14,302232.671377,3.09,6.35,330.9,7313,-0.4,-2.68,11.06,8.63,0.24,0,nan,nan,3.875,True,False,False,True,usable,turning
1077,260408_121608618.jpg,14,302234.355079,2.91,11.58,300.7,3739,-0.62,-0.53,6.18,9.71,0.416,0,nan,nan,4.2250000000000005,True,False,False,True,usable,slow+turning
1078,260408_121610307.jpg,14,302236.044081,2.8,9.62,279.8,3005,0.01,-0.25,4.68,7.49,0.473,0,nan,nan,4.4750000000000005,True,False,False,True,usable,slow+turning
1079,260408_121612273.jpg,14,302238.010783,2.69,14.39,266.1,4798,0.56,1.83,6.21,7.95,0.399,0,nan,nan,3.9250000000000003,True,False,False,True,usable,slow+turning
1080,260408_121613990.jpg,14,302239.727586,3.13,24.43,236.9,6329,0.46,-0.04,4.27,6.01,0.494,0,nan,nan,3.325,True,False,False,True,usable,turning
1081,260408_121615268.jpg,14,302241.005887,4.51,18.95,239.3,5337,-1.01,-0.79,3.33,6.19,0.462,0,nan,nan,2.825,True,False,False,True,usable,turning
1082,260408_121616264.jpg,14,302242.001988,5.14,6.38,242.6,6415,-0.25,1.07,5.93,6.76,0.436,0,nan,nan,3.5250000000000004,True,False,False,True,usable,turning
1083,260408_121704990.jpg,15,302290.735254,0.97,10.23,196.3,1241,-0.53,-4.11,11.19,8.51,0.251,0,nan,nan,2.9250000000000003,True,False,False,True,usable,slow+turning
1084,260408_121708323.jpg,15,302294.069658,1.16,12.78,196.5,1047,-0.1,-0.35,2.34,2.66,0.254,99,0.15,14.02,3.0250000000000004,True,False,False,True,usable,slow+turning
1085,260408_121711175.jpg,15,302296.921962,1.88,8.94,214.3,1712,0.92,0.59,5.89,10.76,0.312,1274,0.17,1.42,3.725,True,False,False,True,usable,slow+turning
1086,260408_121713323.jpg,15,302299.069964,2.48,0.21,220.7,1217,0.39,0.43,14.98,12.4,0.121,1139,-0.39,8.63,2.825,True,True,False,True,usable,pass_conflict+slow
1087,260408_121715129.jpg,15,302300.876427,2.87,0.3,235.0,1672,0.93,3.41,8.82,12.26,0.194,1301,0.9,-0.78,2.975,True,False,False,True,usable,slow
1088,260408_121716734.jpg,15,302302.481629,3.07,0.31,224.1,2018,-0.62,-0.64,8.82,9.06,0.217,1095,-22.77,2.03,3.0250000000000004,True,True,True,True,usable,pass_conflict
1089,260408_121718517.jpg,15,302304.265232,2.93,1.5,233.1,1789,0.84,-0.06,3.44,12.24,0.169,811,22.97,-0.95,2.975,True,True,False,True,usable,pass_conflict+slow
1090,260408_121720336.jpg,15,302306.084234,2.73,4.03,230.9,1121,0.27,-0.12,7.48,14.64,0.308,584,0.32,11.72,3.125,True,True,False,True,usable,pass_conflict+slow
1091,260408_121722232.jpg,15,302307.980636,2.62,12.61,218.8,2621,-0.69,0.55,6.97,4.67,0.412,865,-0.21,0.95,3.7750000000000004,True,False,False,True,usable,slow+turning
1092,260408_121724281.jpg,15,302310.029739,2.28,18.94,198.8,4873,0.64,1.78,10.81,7.24,0.395,922,-0.46,3.55,3.7750000000000004,True,False,False,True,usable,slow+turning
1093,260408_121726178.jpg,15,302311.927441,2.64,12.84,204.8,4146,-6.38,0.79,8.73,10.14,0.228,905,0.24,9.15,3.0250000000000004,False,True,False,True,reject,geometry+pass_conflict+slow+turning
1094,260408_121727694.jpg,15,302313.443328,3.27,2.66,185.4,4363,-0.92,0.91,12.1,11.23,0.199,1067,0.04,-0.52,2.875,True,False,True,True,clean,
1095,260408_121729114.jpg,15,302314.86333,3.54,1.99,184.2,6019,-0.72,0.96,9.55,10.42,0.315,653,-0.04,20.36,2.825,True,True,True,True,usable,pass_conflict
1096,260408_121730421.jpg,15,302316.171132,3.79,1.88,178.4,7574,0.05,0.33,5.9,14.41,0.291,11,nan,nan,2.7750000000000004,True,False,True,True,clean,
1097,260408_121731682.jpg,15,302317.431533,4.01,0.39,181.9,9756,0.01,1.09,3.71,8.41,0.464,25,nan,nan,2.6750000000000003,True,False,True,True,clean,
1098,260408_121732946.jpg,15,302318.696335,3.89,1.36,178.3,5738,-0.52,3.52,4.12,6.51,0.537,28,nan,nan,2.7750000000000004,True,False,True,True,clean,
1099,260408_121734411.jpg,15,302320.160937,3.5,0.11,184.7,1864,-0.16,-8.35,11.51,11.21,0.192,63,-37.02,-0.78,2.875,False,False,True,True,reject,geometry
1100,260408_121736006.jpg,15,302321.756139,3.21,0.17,182.1,3154,-0.9,-8.16,6.72,8.77,0.299,51,2.43,-11.05,2.825,False,False,True,True,reject,geometry
1101,260408_121737693.jpg,15,302323.444241,2.94,11.41,182.0,1044,-2.5,5.52,16.06,10.31,0.112,24,nan,nan,2.9250000000000003,False,False,False,True,reject,geometry+slow+turning
1102,260408_121739398.jpg,15,302325.149543,3.13,23.81,180.0,1308,-0.87,-10.61,12.08,11.89,0.193,0,nan,nan,2.725,False,False,False,True,reject,geometry+turning
1103,260408_121740923.jpg,15,302326.674045,3.36,19.57,180.7,782,1.47,1.89,8.88,8.66,0.325,0,nan,nan,3.1750000000000003,True,False,False,True,usable,turning
1104,260408_121742207.jpg,15,302327.958846,3.76,7.5,178.3,528,0.47,-0.14,2.64,2.71,0.37,0,nan,nan,2.875,True,False,False,True,usable,turning
1105,260408_121743376.jpg,15,302329.127348,4.41,3.38,181.8,814,-0.03,-0.64,9.82,7.39,0.229,0,nan,nan,3.0250000000000004,True,False,True,True,clean,
1106,260408_121831136.jpg,16,302376.894987,6.76,3.99,265.7,3569,-0.22,0.31,7.55,11.23,0.24,0,nan,nan,2.9250000000000003,True,False,True,True,clean,
1107,260408_121831795.jpg,16,302377.554688,7.01,3.66,301.7,3937,-1.96,-2.17,9.83,19.2,0.098,0,nan,nan,2.4250000000000003,False,False,True,True,reject,geometry
1108,260408_121832492.jpg,16,302378.251589,6.79,0.45,260.0,4146,0.15,-6.14,8.05,11.12,0.271,0,nan,nan,2.5250000000000004,False,False,True,True,reject,geometry
1109,260408_121833365.jpg,16,302379.12459,5.39,10.91,247.1,4850,0.27,-0.98,4.91,13.6,0.216,0,nan,nan,2.375,True,False,False,True,usable,turning
1110,260408_121834679.jpg,16,302380.438592,3.58,22.8,240.0,4551,0.13,0.69,4.47,12.25,0.256,0,nan,nan,2.825,True,False,False,True,usable,turning
1111,260408_121836289.jpg,16,302382.049494,3.14,23.19,262.1,7849,-0.54,-0.23,8.59,9.13,0.275,0,nan,nan,2.725,True,False,False,True,usable,turning
1112,260408_121837653.jpg,16,302383.413096,3.96,12.13,269.9,8621,-0.59,4.27,6.44,12.35,0.298,0,nan,nan,2.5250000000000004,True,False,False,True,usable,turning
1113,260408_121838767.jpg,16,302384.527397,4.51,2.6,261.8,8936,0.25,-0.17,5.89,7.81,0.366,0,nan,nan,2.875,True,False,True,True,clean,
1114,260408_121839737.jpg,16,302385.497598,5.1,0.35,275.8,6405,-0.09,0.21,6.38,11.38,0.29,0,nan,nan,2.875,True,False,True,True,clean,
1115,260408_121840616.jpg,16,302386.377099,5.75,1.19,306.6,5162,-0.74,1.04,5.15,6.75,0.343,0,nan,nan,2.825,True,False,True,True,clean,
1116,260408_121841436.jpg,16,302387.1966,5.55,3.59,407.2,5691,-2.32,1.35,9.88,12.02,0.218,0,nan,nan,2.825,True,False,True,True,clean,
1117,260408_121842257.jpg,16,302388.018001,6.37,3.83,602.2,7342,-0.17,-0.87,7.35,10.42,0.187,0,nan,nan,3.725,True,False,True,True,clean,
1118,260408_121843068.jpg,16,302388.828602,6.69,0.06,686.7,8240,-0.36,-0.58,5.81,9.09,0.231,0,nan,nan,3.875,True,False,True,True,clean,
1119,260408_121843855.jpg,16,302389.616003,6.16,1.85,685.6,6637,0.18,-0.03,8.54,10.9,0.17,0,nan,nan,3.325,True,False,True,True,clean,
1120,260408_121844631.jpg,16,302390.392304,6.43,1.4,750.1,3891,0.75,0.14,6.03,9.22,0.188,0,nan,nan,3.125,True,False,True,True,clean,
1121,260408_121845396.jpg,16,302391.157205,6.49,1.48,599.5,2758,0.08,0.39,8.96,6.74,0.239,0,nan,nan,3.625,True,False,True,True,clean,
1122,260408_121846172.jpg,16,302391.933506,6.45,0.85,518.7,3027,-2.98,3.59,9.82,7.75,0.242,0,nan,nan,3.225,True,False,True,True,clean,
1123,260408_121846960.jpg,16,302392.721507,6.55,0.4,527.3,4863,-0.31,-0.07,3.06,3.73,0.535,0,nan,nan,3.125,True,False,True,True,clean,
1124,260408_121847758.jpg,16,302393.519508,5.82,0.3,697.7,6506,-0.28,0.21,2.81,6.5,0.409,0,nan,nan,4.375,True,False,True,True,clean,
1125,260408_121848619.jpg,16,302394.381409,5.16,3.43,650.7,8370,0.13,0.28,3.06,6.07,0.462,0,nan,nan,4.425,True,False,True,True,clean,
1126,260408_121849673.jpg,16,302395.43471,4.85,12.45,475.1,5995,0.65,-0.31,8.5,10.55,0.25,0,nan,nan,2.9250000000000003,True,False,False,True,usable,turning
1127,260408_121850968.jpg,16,302396.730112,3.76,19.56,406.7,8783,0.01,-0.07,6.63,6.23,0.351,0,nan,nan,2.6750000000000003,True,False,False,True,usable,turning
1128,260408_121852324.jpg,16,302398.086814,3.82,20.62,384.5,11770,-0.16,-0.22,6.0,7.28,0.413,0,nan,nan,2.7750000000000004,True,False,False,True,usable,turning
1129,260408_121853511.jpg,16,302399.273915,4.32,14.61,390.2,10234,-0.35,-0.39,5.14,8.0,0.4,0,nan,nan,2.875,True,False,False,True,usable,turning
1130,260408_121854528.jpg,16,302400.290416,4.99,5.39,404.3,9700,-0.04,0.8,4.49,10.56,0.395,0,nan,nan,2.725,True,False,False,True,usable,turning
1131,260408_121855431.jpg,16,302401.194017,5.48,1.11,418.5,8532,-0.08,-0.01,3.93,6.51,0.479,0,nan,nan,3.1750000000000003,True,False,True,True,clean,
1132,260408_121856281.jpg,16,302402.044218,6.0,0.69,457.4,6981,-0.12,0.45,3.33,6.87,0.475,0,nan,nan,3.4250000000000003,True,False,True,True,clean,
1133,260408_121857121.jpg,16,302402.883819,6.25,0.38,452.0,9310,0.06,0.47,3.42,6.22,0.521,408,8.81,-16.34,2.975,True,True,True,True,usable,pass_conflict
1134,260408_121857960.jpg,16,302403.723421,5.76,0.24,453.7,4882,0.21,0.25,7.89,11.6,0.302,320,3.51,-3.15,3.2750000000000004,True,False,True,True,clean,
1135,260408_121858812.jpg,16,302404.575122,5.55,0.15,613.2,5260,0.2,-0.25,7.07,9.38,0.395,445,4.24,-2.08,3.2750000000000004,True,False,True,True,clean,
1136,260408_121859684.jpg,16,302405.447223,5.69,0.21,569.6,3411,-0.03,-0.33,6.54,8.43,0.331,779,0.34,-4.86,3.725,True,False,True,True,clean,
1137,260408_121900654.jpg,16,302406.417624,5.19,0.29,404.2,3752,-0.12,-0.6,4.32,8.75,0.427,228,6.44,4.73,3.1750000000000003,True,False,True,True,clean,
1138,260408_121901805.jpg,16,302407.569225,4.17,0.5,670.7,2536,0.12,0.1,2.74,4.74,0.369,226,0.81,-6.7,3.125,True,False,True,True,clean,
1139,260408_121903289.jpg,16,302409.053127,3.33,4.59,767.9,3236,-0.32,-0.46,6.96,9.8,0.321,131,5.88,5.91,4.175,True,False,True,True,clean,
1140,260408_121905381.jpg,16,302411.14603,2.96,8.2,762.3,3528,0.29,-1.3,7.54,9.27,0.253,190,3.11,-16.72,4.075,True,False,False,True,usable,slow+turning
1141,260408_121959342.jpg,17,302465.115489,1.84,9.89,904.9,1265,-0.17,-0.25,3.67,9.47,0.349,0,nan,nan,4.575,True,False,False,True,usable,slow+turning
1142,260408_122001518.jpg,17,302467.291092,2.73,5.35,1052.9,848,-6.27,-1.05,5.91,16.32,0.112,1241,0.79,11.79,3.475,False,True,False,True,reject,geometry+pass_conflict+slow+turning
1143,260408_122003053.jpg,17,302468.826621,3.85,0.78,989.6,2900,0.42,0.47,8.64,10.02,0.304,2917,-2.16,0.21,3.225,True,False,True,True,clean,
1144,260408_122004285.jpg,17,302470.059129,4.26,0.01,791.1,2823,-0.11,-0.4,4.53,5.78,0.334,4949,-0.29,0.14,3.5250000000000004,True,False,True,True,clean,
1145,260408_122005404.jpg,17,302471.17763,4.47,0.32,727.6,2666,-0.33,-0.33,3.43,3.52,0.363,7479,-0.91,0.39,3.075,True,False,True,True,clean,
1146,260408_122006528.jpg,17,302472.302531,4.21,0.55,747.4,2973,-0.32,2.15,7.07,8.1,0.232,7075,-0.68,-0.16,3.325,True,False,True,True,clean,
1147,260408_122007957.jpg,17,302473.731733,3.28,0.54,744.0,7181,0.26,0.18,5.85,8.54,0.28,3116,-0.85,-0.51,3.475,True,False,True,True,clean,
1148,260408_122010062.jpg,17,302475.836436,2.68,1.22,738.7,7657,0.34,-0.2,6.36,6.91,0.335,3744,0.5,-3.67,3.7750000000000004,True,False,False,True,usable,slow
1149,260408_122012065.jpg,17,302477.840238,3.34,2.55,723.1,8027,-0.12,-0.12,7.72,8.58,0.305,3731,-0.62,0.32,3.575,True,False,True,True,clean,
1150,260408_122013432.jpg,17,302479.207285,3.7,0.49,787.4,5853,0.26,0.39,6.56,7.54,0.271,3096,-0.09,-3.64,3.575,True,False,True,True,clean,
1151,260408_122014996.jpg,17,302480.771887,3.12,1.87,402.0,4169,-0.08,-1.49,7.83,8.89,0.263,3130,-0.21,-0.54,3.075,True,False,True,True,clean,
1152,260408_122017425.jpg,17,302483.20129,2.55,2.08,529.9,5852,-0.2,-0.55,7.05,8.35,0.349,3151,-0.31,-2.85,3.375,True,False,False,True,usable,slow
1153,260408_122043725.jpg,18,302509.504793,1.08,1.11,502.2,2702,-0.09,-1.26,8.79,9.64,0.288,5948,-0.98,0.96,3.325,True,False,False,True,usable,slow
1154,260408_122046611.jpg,18,302512.391196,1.86,0.96,532.0,2644,0.05,0.72,5.55,6.99,0.432,8706,0.48,-0.63,3.2750000000000004,True,False,False,True,usable,slow
1155,260408_122048529.jpg,18,302514.309598,2.24,0.16,610.3,2776,-0.37,-0.27,10.97,8.67,0.264,7204,0.42,-0.71,3.225,True,False,False,True,usable,slow
1156,260408_122051926.jpg,18,302517.707503,1.78,3.93,489.3,3621,0.23,0.46,6.49,7.94,0.359,7149,-0.02,0.76,3.125,True,False,False,True,usable,slow
1157,260408_122054699.jpg,18,302520.480906,1.87,11.66,539.6,3946,-0.33,-0.24,6.94,5.78,0.383,4459,-0.16,-0.18,3.0250000000000004,True,False,False,True,usable,slow+turning
1158,260408_122056932.jpg,18,302522.714109,2.2,16.28,751.0,4514,0.15,0.1,6.95,6.62,0.332,4049,0.67,1.97,3.475,True,False,False,True,usable,slow+turning
1159,260408_122127253.jpg,19,302553.039822,0.76,1.14,974.8,3910,-0.25,0.02,7.09,10.48,0.294,9346,-1.55,0.45,5.775,True,False,False,True,usable,slow
1160,260408_122130372.jpg,19,302556.158967,1.59,0.21,935.6,3947,-0.09,0.71,7.02,10.79,0.289,7877,0.34,-0.54,6.075,True,False,False,True,usable,slow
1161,260408_122132732.jpg,19,302558.51927,2.43,7.4,831.8,4836,-0.09,0.97,6.52,10.58,0.308,5225,-0.39,0.4,5.2250000000000005,True,False,False,True,usable,slow+turning
1162,260408_122134368.jpg,19,302560.156342,3.1,16.95,757.4,3924,0.09,-0.33,8.44,10.06,0.257,5102,0.37,-0.83,3.975,True,False,False,True,usable,turning
1163,260408_122135638.jpg,19,302561.426043,4.06,12.89,772.8,5916,-0.05,2.28,7.71,12.95,0.255,9515,-0.58,-0.22,4.825,True,False,False,True,usable,turning
1164,260408_122136676.jpg,19,302562.464431,4.97,4.61,888.3,5610,0.63,-0.55,8.22,9.5,0.287,12337,-0.44,0.19,4.7250000000000005,True,False,True,True,clean,
1165,260408_122137562.jpg,19,302563.350532,5.55,0.86,656.4,4518,0.03,0.01,7.45,8.03,0.305,12504,-2.31,-0.39,4.125,True,False,True,True,clean,
1166,260408_122138433.jpg,19,302564.221533,5.72,0.05,480.7,3985,-0.11,0.28,8.45,11.59,0.308,10197,0.31,-0.76,3.6750000000000003,True,False,True,True,clean,
1167,260408_122139304.jpg,19,302565.092534,5.69,0.48,644.0,3582,0.22,0.1,8.42,10.75,0.269,6724,3.2,2.31,4.675,True,False,True,True,clean,
1168,260408_122140185.jpg,19,302565.974035,5.36,1.18,750.3,4653,-0.04,0.1,6.96,7.58,0.357,8155,-0.7,-0.36,4.325,True,False,True,True,clean,
1169,260408_122141191.jpg,19,302566.979937,5.01,2.69,470.9,4091,0.07,0.26,8.07,10.08,0.306,8699,-0.72,-0.43,4.4750000000000005,True,False,True,True,clean,
1170,260408_122200979.jpg,20,302586.771461,1.29,16.23,562.6,8179,-0.14,-0.08,5.63,6.78,0.442,4371,-0.14,-0.11,5.025,True,False,False,True,usable,slow+turning
1171,260408_122204115.jpg,20,302589.908112,1.81,17.75,633.3,8083,-0.26,-0.69,5.79,7.82,0.438,4985,-0.13,-0.01,4.925000000000001,True,False,False,True,usable,slow+turning
1172,260408_122206143.jpg,20,302591.935491,2.98,12.01,747.9,7886,0.12,-0.27,5.35,8.17,0.41,4740,-0.5,-0.32,4.7250000000000005,True,False,False,True,usable,slow+turning
1173,260408_122207597.jpg,20,302593.389739,3.72,0.37,789.3,6605,0.23,0.35,4.73,7.78,0.403,4640,-0.58,0.49,4.575,True,False,True,True,clean,
1174,260408_122208826.jpg,20,302594.61924,3.89,0.23,826.3,7663,0.08,-0.13,4.58,11.15,0.342,3036,-0.14,0.29,5.075,True,False,True,True,clean,
1175,260408_122210075.jpg,20,302595.86839,4.09,2.12,795.2,5645,0.03,0.52,4.55,8.18,0.408,3687,0.03,0.04,6.075,True,False,True,True,clean,
1176,260408_122211183.jpg,20,302596.976491,4.36,1.1,789.8,7373,-0.1,0.3,6.55,9.3,0.356,3190,0.28,0.35,7.825,True,False,True,True,clean,
1177,260408_122212191.jpg,20,302597.985374,5.01,2.81,706.2,6568,-1.57,2.87,8.94,8.78,0.318,2384,-1.43,0.61,7.925000000000001,True,False,True,True,clean,
1178,260408_122213159.jpg,20,302598.953175,5.34,1.7,806.9,7244,0.17,3.1,4.13,7.55,0.34,3076,-0.18,-0.63,7.525,True,False,True,True,clean,
1179,260408_122214162.jpg,20,302599.956476,4.87,0.42,769.9,8986,0.4,-1.13,7.51,6.22,0.333,1989,-0.1,-0.73,6.275,True,False,True,True,clean,
1180,260408_122215260.jpg,20,302601.054278,4.48,0.12,725.8,10203,-0.1,-0.15,4.48,7.34,0.377,1765,0.18,-2.26,5.275,True,False,True,True,clean,
1181,260408_122216440.jpg,20,302602.234479,4.23,0.0,667.9,7538,-0.13,0.12,7.13,8.26,0.314,0,nan,nan,4.9750000000000005,True,False,True,True,clean,
1182,260408_122217710.jpg,20,302603.504781,4.01,0.32,687.8,8604,-0.15,-0.2,5.91,11.59,0.348,0,nan,nan,6.325,True,False,True,True,clean,
1183,260408_122219033.jpg,20,302604.827582,3.79,0.72,745.3,8552,0.02,0.28,4.87,8.69,0.376,0,nan,nan,5.925000000000001,True,False,True,True,clean,
1184,260408_122220473.jpg,20,302606.267884,3.79,0.3,818.6,12525,-0.07,-0.29,5.08,7.16,0.381,0,nan,nan,6.425000000000001,True,False,True,True,clean,
1185,260408_122221833.jpg,20,302607.628086,3.76,1.13,846.7,9685,0.14,-0.0,7.46,7.76,0.353,0,nan,nan,5.825,True,False,True,True,clean,
1186,260408_122223103.jpg,20,302608.898687,3.75,0.18,712.0,11936,0.03,0.98,5.19,9.24,0.501,0,nan,nan,5.375,True,False,True,True,clean,
1187,260408_122224360.jpg,20,302610.155789,3.8,0.14,622.5,9790,0.04,1.26,5.04,7.23,0.437,0,nan,nan,5.275,True,False,True,True,clean,
1188,260408_122225709.jpg,20,302611.505276,3.67,0.49,564.5,11710,0.43,0.57,5.86,11.2,0.355,0,nan,nan,4.7250000000000005,True,False,True,True,clean,
1189,260408_122227165.jpg,20,302612.961412,3.58,1.11,485.4,12206,0.02,0.92,6.3,9.46,0.343,0,nan,nan,4.4750000000000005,True,False,True,True,clean,
1190,260408_122228544.jpg,20,302614.340814,3.61,1.15,447.8,15234,0.04,0.02,6.06,8.85,0.408,0,nan,nan,4.675,True,False,True,True,clean,
1191,260408_122229962.jpg,20,302615.758515,3.5,0.47,420.3,17433,0.15,0.89,6.7,8.25,0.43,0,nan,nan,4.425,True,False,True,True,clean,
1192,260408_122231516.jpg,20,302617.312517,3.0,0.57,394.6,15701,-0.19,1.72,6.94,10.22,0.393,0,nan,nan,4.575,True,False,True,True,clean,
1193,260408_122233758.jpg,20,302619.55522,2.39,2.21,364.2,16363,-0.1,1.32,4.6,8.07,0.491,0,nan,nan,5.175000000000001,True,False,False,True,usable,slow
1194,260408_122235984.jpg,20,302621.78122,2.67,3.49,354.1,21680,0.21,-6.58,6.37,16.07,0.302,0,nan,nan,4.375,False,False,False,True,reject,geometry+slow
1195,260408_122237616.jpg,20,302623.414422,2.79,6.83,354.0,12445,-0.13,-2.85,7.0,12.06,0.328,0,nan,nan,4.2250000000000005,True,False,False,True,usable,slow+turning
1196,260408_122239733.jpg,20,302625.531325,2.21,15.59,349.8,13898,-0.21,0.03,8.73,8.61,0.374,0,nan,nan,4.7250000000000005,True,False,False,True,usable,slow+turning
1197,260408_122241718.jpg,20,302627.516527,2.33,18.8,352.7,8427,0.39,-0.36,5.58,12.59,0.254,0,nan,nan,4.075,True,False,False,True,usable,slow+turning
1198,260408_122243313.jpg,20,302629.111729,2.9,11.26,361.6,7915,0.05,-1.99,5.96,13.65,0.284,0,nan,nan,4.175,True,False,False,True,usable,slow+turning
1199,260408_122244961.jpg,20,302630.759731,3.03,2.88,389.1,7356,0.23,-3.84,7.02,15.62,0.221,0,nan,nan,4.075,True,False,True,True,clean,
1200,260408_122246682.jpg,20,302632.481528,2.9,2.27,405.7,8018,-0.12,-0.78,6.68,12.26,0.282,0,nan,nan,4.425,True,False,False,True,usable,slow
1201,260408_122248498.jpg,20,302634.297531,2.62,3.14,426.7,7154,-0.61,-0.1,7.28,9.37,0.339,0,nan,nan,5.075,True,False,False,True,usable,slow
1202,260408_122251309.jpg,20,302637.108634,1.79,13.27,449.4,5754,0.12,0.3,5.86,6.86,0.351,0,nan,nan,5.275,True,False,False,True,usable,slow+turning
1203,260408_122254022.jpg,20,302639.822465,2.42,17.99,437.3,4192,-1.12,0.42,7.99,10.11,0.263,0,nan,nan,4.125,True,False,False,True,usable,slow+turning
1204,260408_122255608.jpg,20,302641.409012,3.02,9.56,487.8,3717,-0.27,-0.74,7.32,10.78,0.317,0,nan,nan,4.7250000000000005,True,False,False,True,usable,turning
1205,260408_122257297.jpg,20,302643.098214,2.89,2.52,532.3,3343,-0.13,0.28,4.12,11.05,0.315,0,nan,nan,4.075,True,False,False,True,usable,slow
1206,260408_122259227.jpg,20,302645.028266,2.62,1.1,599.7,5510,0.05,-3.0,7.37,14.17,0.251,0,nan,nan,4.525,True,False,False,True,usable,slow
1207,260408_122301200.jpg,20,302647.001241,2.65,3.72,745.6,6072,0.12,-1.18,5.81,15.62,0.259,0,nan,nan,5.025,True,False,False,True,usable,slow
1208,260408_122303015.jpg,20,302648.817144,2.84,2.18,939.3,5054,0.3,-3.38,4.78,13.59,0.227,0,nan,nan,5.625,True,False,False,True,usable,slow
1209,260408_122304654.jpg,20,302650.456674,3.27,5.84,911.3,4011,0.21,-12.65,7.4,12.75,0.119,0,nan,nan,4.9750000000000005,False,False,False,True,reject,geometry+turning
1210,260408_122306003.jpg,20,302651.805776,3.77,5.26,924.5,4563,0.62,-4.94,7.3,16.15,0.163,0,nan,nan,5.525,False,False,False,True,reject,geometry+turning
1211,260408_122307232.jpg,20,302653.034777,3.8,1.97,880.6,4734,0.49,5.67,6.91,10.25,0.275,0,nan,nan,5.325,True,False,True,True,clean,
1212,260408_122308729.jpg,20,302654.532079,3.37,3.16,867.7,4497,0.23,8.7,6.17,10.93,0.235,0,nan,nan,5.325,False,False,True,True,reject,geometry
1213,260408_122310292.jpg,20,302656.095281,3.28,0.18,859.1,5674,0.14,7.33,9.39,10.24,0.268,0,nan,nan,5.375,False,False,True,True,reject,geometry
1214,260408_122311690.jpg,20,302657.493438,3.6,8.08,909.8,7406,0.34,-0.77,8.3,7.68,0.348,0,nan,nan,6.125,True,False,False,True,usable,turning
1215,260408_122312957.jpg,20,302658.760467,3.96,11.97,832.9,11097,-0.18,0.01,6.08,7.46,0.372,0,nan,nan,6.2250000000000005,True,False,False,True,usable,turning
1216,260408_122314115.jpg,20,302659.919068,4.46,7.97,694.3,9255,0.02,-0.16,5.24,6.29,0.423,0,nan,nan,6.125,True,False,False,True,usable,turning
1217,260408_122315173.jpg,20,302660.97687,4.72,3.5,656.8,8402,-0.17,0.32,4.3,6.71,0.499,0,nan,nan,5.075,True,False,True,True,clean,
1218,260408_122316241.jpg,20,302662.045471,4.58,0.97,644.2,12146,0.03,2.4,5.63,9.62,0.398,0,nan,nan,4.425,True,False,True,True,clean,
1219,260408_122317390.jpg,20,302663.193872,4.32,0.15,688.3,10990,0.21,0.88,4.84,8.3,0.386,0,nan,nan,4.875,True,False,True,True,clean,
1220,260408_122318664.jpg,20,302664.468474,4.1,0.21,702.9,9274,0.37,0.61,5.11,8.96,0.317,2187,0.63,-3.47,4.425,True,False,True,True,clean,
1221,260408_122319897.jpg,20,302665.701975,3.98,1.62,718.0,11854,0.01,-0.82,4.11,9.03,0.334,3620,1.03,-2.87,5.025,True,False,True,True,clean,
1222,260408_122321169.jpg,20,302666.973977,3.9,1.45,659.5,9763,0.07,-0.34,3.42,6.6,0.441,12535,-0.74,0.03,5.4750000000000005,True,False,True,True,clean,
1223,260408_122322480.jpg,20,302668.285179,3.6,0.18,682.8,9411,-0.23,-0.2,5.49,7.83,0.396,10378,0.65,0.11,5.2250000000000005,True,False,True,True,clean,
1224,260408_122323989.jpg,20,302669.79378,3.19,0.64,701.5,11460,0.39,-0.65,3.85,7.16,0.495,9401,-4.76,0.67,5.175000000000001,True,False,True,True,clean,
1225,260408_122325569.jpg,20,302671.374882,3.08,1.14,681.7,12416,0.16,-0.28,6.07,7.26,0.387,6157,0.13,-0.2,5.325,True,False,True,True,clean,
1226,260408_122327239.jpg,20,302673.044584,2.95,0.7,654.8,12128,-0.19,-0.36,4.31,8.14,0.446,8745,0.15,-0.44,4.375,True,False,False,True,usable,slow
1227,260408_122329158.jpg,20,302674.963787,2.52,7.39,602.7,17026,0.45,-0.27,6.19,8.33,0.414,10845,-0.78,0.13,4.075,True,False,False,True,usable,slow+turning
1228,260408_122331898.jpg,20,302677.70449,1.86,12.31,552.9,15017,-0.03,0.16,5.21,8.62,0.429,15829,0.01,-0.02,3.825,True,False,False,True,usable,slow+turning
1229,260408_122334161.jpg,20,302679.968333,2.16,11.64,480.5,14762,0.16,0.03,6.95,8.79,0.4,13995,0.54,-1.85,3.575,True,False,False,True,usable,slow+turning
1230,260408_122336073.jpg,20,302681.880636,3.08,5.3,425.4,14269,-0.28,-0.09,8.53,9.81,0.354,14031,-0.3,-0.59,3.475,True,False,False,True,usable,turning
1231,260408_122337585.jpg,20,302683.392737,3.66,0.3,441.3,12941,0.39,0.7,8.12,9.01,0.353,13088,-0.44,0.29,3.625,True,False,True,True,clean,
1232,260408_122338919.jpg,20,302684.726639,3.65,2.94,448.1,12671,-0.39,0.01,8.05,9.35,0.319,11461,0.05,-0.6,3.7750000000000004,True,False,True,True,clean,
1233,260408_122340486.jpg,20,302686.294141,3.5,4.62,432.6,14778,0.11,0.17,7.87,8.47,0.389,9902,-0.06,-0.09,3.975,True,False,True,True,clean,
1234,260408_122404662.jpg,21,302710.473171,2.25,5.17,579.0,5533,-0.29,-1.16,6.07,7.54,0.411,9315,0.18,0.71,4.875,True,False,False,True,usable,slow+turning
1235,260408_122406281.jpg,21,302712.092865,2.99,1.69,577.7,5086,-0.42,-0.64,8.06,8.36,0.367,12586,-0.11,0.49,4.525,True,False,False,True,usable,slow
1236,260408_122407740.jpg,21,302713.551867,3.51,3.73,518.1,7056,-0.04,-0.16,7.12,7.73,0.383,15254,-0.17,0.45,3.7750000000000004,True,False,True,True,clean,
1237,260408_122409304.jpg,21,302715.116669,3.16,12.59,502.2,10199,-0.1,-0.55,6.54,10.34,0.352,18051,0.14,0.49,4.175,True,False,False,True,usable,turning
1238,260408_122410873.jpg,21,302716.685171,3.16,22.36,473.5,9230,-0.3,-0.28,7.26,9.09,0.366,20577,-0.1,0.78,4.125,True,False,False,True,usable,turning
1239,260408_122412239.jpg,21,302718.051872,3.7,18.37,478.6,7467,-0.04,-0.44,7.55,9.02,0.339,16962,0.28,0.93,3.4250000000000003,True,False,False,True,usable,turning
1240,260408_122413457.jpg,21,302719.270074,4.15,3.78,530.1,7452,0.08,-0.3,7.61,10.41,0.328,19092,-0.03,-0.79,3.325,True,False,True,True,clean,
1241,260408_122414643.jpg,21,302720.455775,4.16,3.65,536.6,6515,-0.22,-0.32,6.92,8.47,0.352,15613,-0.18,0.26,3.225,True,False,True,True,clean,
1242,260408_122415896.jpg,21,302721.709477,3.93,2.03,479.7,8253,-0.09,0.2,7.62,11.67,0.335,16213,-0.02,0.42,3.7750000000000004,True,False,True,True,clean,
1243,260408_122417307.jpg,21,302723.120979,3.42,0.13,458.5,10263,0.32,-0.22,6.26,7.71,0.376,13254,-0.35,0.17,3.7750000000000004,True,False,True,True,clean,
1244,260408_122419533.jpg,21,302725.347382,2.94,0.08,456.7,13854,0.03,-0.22,4.55,7.93,0.393,12544,0.0,-0.18,4.875,True,False,False,True,usable,slow
1245,260408_122452859.jpg,22,302758.677734,2.13,0.55,622.0,8450,-0.17,-0.56,7.43,8.32,0.417,13652,0.27,-0.57,5.7250000000000005,True,False,False,True,usable,slow
1246,260408_122455220.jpg,22,302761.039637,2.12,2.22,806.3,6908,0.16,-0.64,6.8,7.97,0.368,12818,0.48,-0.11,5.375,True,False,False,True,usable,slow
1247,260408_122457780.jpg,22,302763.60004,1.82,13.55,628.7,8820,-0.06,0.12,7.4,10.26,0.376,13066,0.57,-0.72,5.025,True,False,False,True,usable,slow+turning
1248,260408_122500176.jpg,22,302765.996437,2.02,18.46,618.8,9179,-0.03,-0.23,6.01,7.45,0.422,10130,0.11,-0.42,5.025,True,False,False,True,usable,slow+turning
1249,260408_122502135.jpg,22,302767.955629,2.65,6.86,517.8,6367,-0.14,-1.24,6.12,8.13,0.406,7620,0.3,0.05,3.225,True,False,False,True,usable,slow+turning
1250,260408_122503871.jpg,22,302769.691831,2.86,0.07,483.9,5604,-0.05,-0.92,6.3,9.42,0.375,6478,0.21,-0.02,5.025,True,False,False,True,usable,slow
1251,260408_122525348.jpg,23,302791.172563,2.07,3.83,398.1,7835,-0.24,-0.14,5.34,9.15,0.445,6421,-4.05,-0.81,4.625,True,False,False,True,usable,slow
1252,260408_122527263.jpg,23,302793.087265,2.32,1.52,411.5,6269,0.13,-0.2,5.77,9.39,0.425,6382,-1.78,-0.21,3.6750000000000003,True,False,False,True,usable,slow
1253,260408_122529336.jpg,23,302795.160967,2.27,19.28,386.3,4919,-0.02,-0.54,8.01,9.53,0.314,5235,-0.44,-0.43,3.875,True,False,False,True,usable,slow+turning
1254,260408_122531179.jpg,23,302797.004444,2.87,28.81,287.7,6210,-0.08,-0.88,6.87,9.04,0.375,6485,-0.34,0.22,3.575,True,False,False,True,usable,slow+turning
1255,260408_122532416.jpg,23,302798.241635,4.11,12.48,299.2,6193,0.08,-0.33,6.27,8.94,0.407,6974,0.46,0.5,3.625,True,False,False,True,usable,turning
1256,260408_122533413.jpg,23,302799.238336,5.41,0.86,309.6,6208,-0.18,-0.19,6.03,8.13,0.412,9028,0.56,-0.58,3.7750000000000004,True,False,True,True,clean,
1257,260408_122534232.jpg,23,302800.057637,6.36,0.39,381.3,9998,-0.02,-3.95,6.26,13.86,0.296,11050,-0.35,0.18,3.6750000000000003,True,False,True,True,clean,
1258,260408_122534969.jpg,23,302800.795238,6.6,0.67,449.6,13782,0.54,-1.57,7.21,14.12,0.292,13629,0.21,-2.81,3.6750000000000003,True,False,True,True,clean,
1259,260408_122535682.jpg,23,302801.507839,6.94,0.46,522.9,12088,-0.01,-0.07,5.25,4.11,0.433,12014,0.21,-0.71,4.125,True,False,True,True,clean,
1260,260408_122536409.jpg,23,302802.23524,7.07,0.12,518.4,12338,0.39,-0.85,8.66,9.97,0.364,9180,0.48,0.1,3.225,True,False,True,True,clean,
1261,260408_122537136.jpg,23,302802.962641,6.85,0.37,563.5,15682,-0.46,1.83,5.94,9.16,0.463,6363,0.02,0.89,4.025,True,False,True,True,clean,
1262,260408_122537864.jpg,23,302803.690042,6.96,0.34,531.7,11656,-0.04,-0.21,4.16,5.63,0.558,5145,0.51,-4.13,3.075,True,False,True,True,clean,
1263,260408_122538591.jpg,23,302804.417443,6.78,0.36,378.3,12136,-0.19,-0.49,3.16,6.56,0.529,3642,0.21,-0.31,3.725,True,False,True,True,clean,
1264,260408_122539318.jpg,23,302805.144843,6.78,0.18,327.3,8332,-0.32,-0.59,7.44,10.88,0.364,0,nan,nan,3.625,True,False,True,True,clean,
1265,260408_122540046.jpg,23,302805.872244,7.14,0.74,386.3,9838,-0.27,-0.21,5.55,6.4,0.455,0,nan,nan,3.125,True,False,True,True,clean,
1266,260408_122540773.jpg,23,302806.599645,6.69,0.24,550.2,7246,-0.7,-0.22,7.92,9.82,0.316,0,nan,nan,3.6750000000000003,True,False,True,True,clean,
1267,260408_122541523.jpg,23,302807.349746,6.43,0.48,555.0,7135,-0.41,-0.9,6.11,7.29,0.279,0,nan,nan,3.475,True,False,True,True,clean,
1268,260408_122542299.jpg,23,302808.126247,6.48,0.49,505.8,7277,-0.31,-0.77,6.57,7.63,0.394,0,nan,nan,3.125,True,False,True,True,clean,
1269,260408_122543092.jpg,23,302808.918748,6.4,0.06,443.3,8333,0.19,-0.6,4.25,5.66,0.422,0,nan,nan,3.825,True,False,True,True,clean,
1270,260408_122543894.jpg,23,302809.721349,6.23,0.29,439.7,8139,0.09,0.23,3.37,4.61,0.423,0,nan,nan,4.025,True,False,True,True,clean,
1271,260408_122544708.jpg,23,302810.53525,5.86,1.15,528.0,9445,0.04,2.02,8.4,7.91,0.378,0,nan,nan,3.4250000000000003,True,False,True,True,clean,
1272,260408_122545576.jpg,23,302811.403051,5.54,1.76,477.7,4697,0.37,-0.32,8.47,4.94,0.354,0,nan,nan,3.375,True,False,True,True,clean,
1273,260408_122546592.jpg,23,302812.419352,4.72,0.05,324.5,6916,0.3,-0.62,6.13,9.78,0.389,0,nan,nan,3.625,True,False,True,True,clean,
1274,260408_122547962.jpg,23,302813.790254,3.66,2.71,297.4,7692,0.78,-1.98,10.47,13.31,0.225,0,nan,nan,3.625,True,False,True,True,clean,
1275,260408_122549620.jpg,23,302815.448256,3.0,4.47,298.2,9892,-0.09,0.43,5.37,8.35,0.383,0,nan,nan,3.625,True,False,True,True,clean,
1276,260408_122551333.jpg,23,302817.161758,2.87,10.36,425.1,9420,0.03,0.05,3.49,9.71,0.373,0,nan,nan,3.825,True,False,False,True,usable,slow+turning
1277,260408_122553084.jpg,23,302818.91286,2.91,15.06,584.2,6596,0.16,0.64,4.45,7.56,0.353,0,nan,nan,3.5250000000000004,True,False,False,True,usable,slow+turning
1278,260408_122554623.jpg,23,302820.452082,3.22,9.25,901.4,2118,0.3,0.16,7.95,6.4,0.366,0,nan,nan,5.375,True,False,False,True,usable,turning
1279,260408_122556031.jpg,23,302821.860031,3.66,3.11,971.8,1163,-0.12,-2.74,5.58,12.34,0.276,0,nan,nan,4.825,True,False,True,True,clean,
1280,260408_122557376.jpg,23,302823.205032,4.14,1.63,783.4,895,0.22,-2.54,5.42,9.06,0.204,0,nan,nan,4.9750000000000005,True,False,True,True,clean,
1281,260408_122558484.jpg,23,302824.313334,4.41,0.43,664.0,1969,0.46,-0.39,4.6,9.34,0.321,0,nan,nan,4.425,True,False,True,True,clean,
1282,260408_122559569.jpg,23,302825.398435,4.59,0.36,733.2,3394,0.22,-0.74,4.27,6.57,0.36,0,nan,nan,4.775,True,False,True,True,clean,
1283,260408_122600626.jpg,23,302826.455736,4.63,0.73,809.9,2817,1.64,-0.4,6.88,12.47,0.139,0,nan,nan,4.825,True,False,True,True,clean,
1284,260408_122601714.jpg,23,302827.543938,4.2,1.45,952.7,3868,-0.37,0.4,7.91,11.62,0.167,0,nan,nan,5.175000000000001,True,False,True,True,clean,
1285,260408_122602916.jpg,23,302828.746539,4.08,0.53,959.0,5214,-0.45,-0.46,7.33,8.13,0.248,0,nan,nan,6.425000000000001,True,False,True,True,clean,
1286,260408_122604247.jpg,23,302830.077778,4.09,0.31,775.1,6245,-0.05,-0.48,4.65,8.54,0.303,0,nan,nan,5.375,True,False,True,True,clean,
1287,260408_122605563.jpg,23,302831.39358,3.75,0.77,771.3,4057,-0.18,-0.2,4.34,6.8,0.371,0,nan,nan,4.375,True,False,True,True,clean,
1288,260408_122607043.jpg,23,302832.873881,3.31,0.66,850.1,3384,-0.09,-0.21,4.77,6.13,0.427,0,nan,nan,5.875,True,False,True,True,clean,
1289,260408_122609176.jpg,23,302835.006784,2.4,1.3,985.3,1730,-0.01,-0.18,6.01,8.56,0.23,0,nan,nan,4.275,True,False,False,True,usable,slow
1290,260408_122612065.jpg,23,302837.897088,2.07,0.06,947.0,2195,0.7,0.58,9.11,10.48,0.125,512,-2.08,-1.62,4.7250000000000005,True,False,False,True,usable,slow
1291,260408_122613956.jpg,23,302839.78749,2.7,0.24,1110.7,3046,-0.37,0.62,10.27,11.51,0.124,979,-1.54,-0.93,3.9250000000000003,True,False,False,True,usable,slow
1292,260408_122615392.jpg,23,302841.224153,3.51,1.17,1123.9,1426,2.69,-0.03,11.42,11.51,0.057,1081,-0.41,1.85,4.375,False,False,True,True,reject,geometry
1293,260408_122616551.jpg,23,302842.38313,4.17,1.64,767.5,6693,0.08,-0.49,9.28,10.34,0.232,6048,0.65,-2.59,4.575,True,False,True,True,clean,
1294,260408_122617652.jpg,23,302843.484732,4.89,0.38,593.5,7715,0.17,-0.09,6.28,7.79,0.348,7812,-0.26,-0.49,3.975,True,False,True,True,clean,
1295,260408_122618710.jpg,23,302844.543133,4.59,0.44,649.0,5600,-0.29,-0.39,6.47,9.15,0.272,6274,-0.54,-0.43,4.525,True,False,True,True,clean,
1296,260408_122620275.jpg,23,302846.107735,3.22,1.45,925.6,4994,0.39,-0.44,8.14,7.95,0.201,7448,0.29,-0.87,4.875,True,False,True,True,clean,
1297,260408_122622073.jpg,23,302847.906037,2.7,2.38,1044.5,1779,-1.32,0.67,12.69,12.72,0.051,2486,0.01,-0.39,5.375,False,False,False,True,reject,geometry+slow
1298,260408_122624133.jpg,23,302849.966634,2.45,1.93,844.3,2928,0.02,0.58,7.41,8.33,0.343,2321,-0.89,0.36,5.775,True,False,False,True,usable,slow
1299,260408_122626166.jpg,23,302851.999537,2.28,1.72,771.2,1978,3.37,1.52,9.28,10.32,0.236,2230,5.42,1.27,5.325,True,False,False,True,usable,slow
1300,260408_122656026.jpg,24,302881.864543,1.19,13.8,854.1,2753,0.06,-0.42,4.33,5.8,0.413,2339,0.02,1.95,6.375,True,False,False,True,usable,slow+turning
1301,260408_122659267.jpg,24,302885.105847,1.73,14.13,810.6,2573,0.82,-0.49,6.55,6.16,0.375,3325,0.36,0.16,5.125,True,False,False,True,usable,slow+turning
1302,260408_122701358.jpg,24,302887.197049,2.55,11.17,816.7,2549,-0.8,1.58,8.76,9.49,0.266,3438,0.57,2.29,5.625,True,False,False,True,usable,slow+turning
1303,260408_122703035.jpg,24,302888.874551,3.09,5.93,696.3,3269,-1.23,0.19,7.95,11.79,0.211,3522,-0.25,0.79,4.875,True,False,False,True,usable,turning
1304,260408_122704504.jpg,24,302890.343853,3.56,3.86,602.2,6010,0.18,0.42,8.34,10.95,0.241,9236,0.23,0.14,5.4750000000000005,True,False,True,True,clean,
1305,260408_122705752.jpg,24,302891.592455,4.0,0.95,572.2,9629,-0.45,-0.42,8.07,8.92,0.331,9969,0.33,-0.87,5.625,True,False,True,True,clean,
1306,260408_122706893.jpg,24,302892.733656,4.32,0.22,638.7,10743,-0.36,-0.52,7.23,6.17,0.347,9507,0.23,-0.36,5.375,True,False,True,True,clean,
1307,260408_122708021.jpg,24,302893.861557,4.26,0.18,737.5,7469,0.23,-0.53,5.88,7.42,0.39,9055,-0.26,0.15,5.575,True,False,True,True,clean,
1308,260408_122709338.jpg,24,302895.178259,3.81,0.33,1057.7,4873,-0.55,1.06,5.31,6.6,0.325,5320,-0.39,-0.31,6.4750000000000005,True,False,True,True,clean,
1309,260408_122710786.jpg,24,302896.627061,3.38,1.74,1105.2,609,-8.52,-6.18,10.7,7.23,0.179,58,7.66,-0.64,7.125,False,False,True,True,reject,geometry
1310,260408_122712312.jpg,24,302898.153063,3.34,1.41,899.1,731,1.04,-0.17,6.29,8.09,0.353,0,nan,nan,6.2250000000000005,True,False,True,True,clean,
1311,260408_122713620.jpg,24,302899.460894,3.86,1.34,768.9,1156,-0.5,-0.2,5.37,6.82,0.319,0,nan,nan,6.775,True,False,True,True,clean,
1312,260408_122714789.jpg,24,302900.630495,4.24,2.91,653.5,1489,1.06,2.82,8.34,11.17,0.265,0,nan,nan,5.525,True,False,True,True,clean,
1313,260408_122715895.jpg,24,302901.737192,4.66,2.08,591.4,2490,0.17,0.42,7.25,6.05,0.366,0,nan,nan,6.175000000000001,True,False,True,True,clean,
1314,260408_122716971.jpg,24,302902.812994,4.79,0.38,544.8,4236,0.05,-0.32,5.43,9.62,0.388,0,nan,nan,6.025,True,False,True,True,clean,
1315,260408_122718090.jpg,24,302903.931595,4.29,0.1,537.5,4598,-0.64,-0.47,7.53,9.36,0.4,0,nan,nan,6.2250000000000005,True,False,True,True,clean,
1316,260408_122719205.jpg,24,302905.047696,4.44,0.06,514.0,3536,-0.03,-0.02,8.48,10.94,0.29,0,nan,nan,5.525,True,False,True,True,clean,
1317,260408_122720258.jpg,24,302906.099998,4.6,0.36,483.4,3631,-0.04,-0.41,7.77,12.46,0.324,0,nan,nan,6.375,True,False,True,True,clean,
1318,260408_122721333.jpg,24,302907.175699,4.48,1.66,435.1,3234,-0.46,-0.53,5.33,8.31,0.421,0,nan,nan,5.125,True,False,True,True,clean,
1319,260408_122722422.jpg,24,302908.2643,4.39,1.8,408.2,1591,-0.68,-7.84,12.24,9.57,0.194,0,nan,nan,4.775,False,False,True,True,reject,geometry
1320,260408_122723662.jpg,24,302909.504802,3.93,1.99,402.7,961,0.02,-0.94,4.15,7.28,0.283,0,nan,nan,5.075,True,False,True,True,clean,
1321,260408_122725072.jpg,24,302910.915204,3.47,1.88,429.4,1785,-0.06,1.05,1.47,2.0,0.62,0,nan,nan,5.375,True,False,True,True,clean,
1322,260408_122726376.jpg,24,302912.219805,3.74,1.42,431.5,3533,0.11,-0.36,6.84,8.09,0.443,0,nan,nan,6.125,True,False,True,True,clean,
1323,260408_122727531.jpg,24,302913.374207,4.34,1.03,436.8,3135,-0.2,0.17,4.3,7.09,0.506,0,nan,nan,5.7250000000000005,True,False,True,True,clean,
1324,260408_122728685.jpg,24,302914.528908,4.51,1.37,435.5,5769,0.41,-0.01,10.58,16.97,0.199,0,nan,nan,4.7250000000000005,False,False,True,True,reject,geometry
1325,260408_122729880.jpg,24,302915.72441,4.17,1.33,428.6,6153,-0.16,-0.17,8.03,9.9,0.33,0,nan,nan,4.525,True,False,True,True,clean,
1326,260408_122731280.jpg,24,302917.124111,3.71,1.16,444.3,5463,-0.06,-0.68,6.97,10.41,0.331,0,nan,nan,4.275,True,False,True,True,clean,
1327,260408_122732603.jpg,24,302918.447713,3.7,0.76,463.5,4917,-0.37,-1.15,8.42,9.36,0.275,0,nan,nan,4.875,True,False,True,True,clean,
1328,260408_122733966.jpg,24,302919.810415,3.68,0.27,466.8,3682,0.23,-1.68,7.24,10.88,0.271,0,nan,nan,4.775,True,False,True,True,clean,
1329,260408_122735383.jpg,24,302921.227924,3.49,0.9,528.6,3317,0.47,-12.97,9.0,12.32,0.201,0,nan,nan,5.075,False,False,True,True,reject,geometry
1330,260408_122736833.jpg,24,302922.677725,3.56,3.95,619.5,1247,0.81,-6.01,10.76,12.46,0.248,0,nan,nan,5.575,False,False,True,True,reject,geometry
1331,260408_122738159.jpg,24,302924.003727,3.87,1.47,514.6,2243,0.58,0.29,7.58,9.24,0.379,0,nan,nan,5.525,True,False,True,True,clean,
1332,260408_122739391.jpg,24,302925.236128,4.09,2.38,401.7,3031,0.24,0.23,8.51,10.58,0.267,0,nan,nan,4.425,True,False,True,True,clean,
1333,260408_122740714.jpg,24,302926.55993,3.75,1.12,373.1,4641,-0.18,-0.09,5.95,10.02,0.379,0,nan,nan,4.7250000000000005,True,False,True,True,clean,
1334,260408_122742339.jpg,24,302928.184632,2.99,1.06,372.7,5347,0.01,0.45,7.43,9.48,0.342,0,nan,nan,4.4750000000000005,True,False,False,True,usable,slow
1335,260408_122744331.jpg,24,302930.177335,2.67,1.49,386.2,4019,-1.67,1.05,10.01,9.32,0.312,0,nan,nan,4.375,True,False,False,True,usable,slow
1336,260408_122915543.jpg,25,303021.403646,3.76,3.73,836.8,1498,0.35,0.42,6.79,10.06,0.282,0,nan,nan,4.775,True,False,True,True,clean,
1337,260408_122917032.jpg,25,303022.892403,4.17,1.31,856.5,1083,0.05,10.67,10.67,12.16,0.048,0,nan,nan,4.175,False,False,True,True,reject,geometry
1338,260408_122918172.jpg,25,303024.032874,4.92,1.68,739.9,2871,-0.37,1.05,5.78,9.87,0.241,0,nan,nan,4.375,True,False,True,True,clean,
1339,260408_122919125.jpg,25,303024.985775,5.07,0.1,610.1,3000,0.72,-0.93,5.73,9.63,0.258,0,nan,nan,3.6750000000000003,True,False,True,True,clean,
1340,260408_122920216.jpg,25,303026.076977,4.59,0.61,581.8,4388,0.0,0.03,6.63,9.61,0.283,0,nan,nan,3.975,True,False,True,True,clean,
1341,260408_122921510.jpg,25,303027.371278,3.88,0.17,932.9,2413,0.19,-2.98,12.85,12.44,0.07,0,nan,nan,4.425,False,False,True,True,reject,geometry
1342,260408_122923098.jpg,25,303028.95958,3.16,0.62,1113.9,1952,-0.43,-0.74,7.15,9.41,0.142,0,nan,nan,4.175,True,False,True,True,clean,
1343,260408_122924832.jpg,25,303030.694082,2.82,0.93,950.5,1967,0.64,1.3,10.35,12.53,0.109,0,nan,nan,4.375,True,False,False,True,usable,slow
1344,260408_122926590.jpg,25,303032.452084,2.93,1.17,920.7,1518,0.1,0.08,7.23,9.44,0.138,0,nan,nan,4.425,True,False,False,True,usable,slow
1345,260408_122928107.jpg,25,303033.969686,3.26,1.05,859.7,1959,0.1,3.29,8.14,9.89,0.264,0,nan,nan,4.425,True,False,True,True,clean,
1346,260408_122929427.jpg,25,303035.289488,3.63,0.17,829.9,3543,-0.28,0.13,5.81,8.5,0.317,0,nan,nan,5.7250000000000005,True,False,True,True,clean,
1347,260408_122930689.jpg,25,303036.551889,4.02,0.5,814.2,4044,-0.01,-0.26,6.33,7.67,0.318,0,nan,nan,5.4750000000000005,True,False,True,True,clean,
1348,260408_122931906.jpg,25,303037.769591,4.12,0.55,829.6,5844,-0.03,0.09,5.92,8.15,0.344,0,nan,nan,5.775,True,False,True,True,clean,
1349,260408_122933163.jpg,25,303039.026792,4.18,0.82,1016.9,4013,-0.26,1.07,7.49,9.1,0.198,0,nan,nan,5.4750000000000005,True,False,True,True,clean,
1350,260408_122934368.jpg,25,303040.231394,4.09,0.94,891.3,3049,0.26,-3.93,10.22,14.64,0.083,0,nan,nan,4.2250000000000005,True,False,True,True,clean,
1351,260408_122935668.jpg,25,303041.531696,3.85,0.03,868.6,1980,0.38,0.3,10.5,11.72,0.074,0,nan,nan,4.925000000000001,False,False,True,True,reject,geometry
1352,260408_122937019.jpg,25,303042.882697,3.72,0.33,771.4,2559,0.14,3.05,7.76,10.56,0.158,0,nan,nan,3.9250000000000003,True,False,True,True,clean,
1353,260408_122938442.jpg,25,303044.306099,3.4,0.46,777.2,2044,-0.34,-0.7,10.01,7.54,0.199,0,nan,nan,4.325,True,False,True,True,clean,
1354,260408_122940105.jpg,25,303045.969729,3.07,1.14,1040.9,913,0.89,0.82,12.48,9.1,0.121,0,nan,nan,4.525,True,False,True,True,clean,
1355,260408_122941745.jpg,25,303047.610031,2.85,3.39,1187.6,815,0.93,-1.82,18.22,12.1,0.02,0,nan,nan,5.175000000000001,False,False,False,True,reject,geometry+slow
1356,260408_122943733.jpg,25,303049.597533,2.7,5.09,1035.6,3487,-0.21,1.51,8.29,8.41,0.216,0,nan,nan,4.525,True,False,False,True,usable,slow+turning
1357,260408_122945413.jpg,25,303051.278535,2.99,1.89,677.6,6112,0.12,1.14,7.6,10.6,0.213,0,nan,nan,3.825,True,False,False,True,usable,slow
1358,260408_122946882.jpg,25,303052.747274,3.5,8.5,413.4,8007,0.57,-0.41,8.15,9.56,0.271,0,nan,nan,3.475,True,False,False,True,usable,turning
1359,260408_122948097.jpg,25,303053.962875,4.32,14.85,320.5,8337,-0.02,-0.41,8.04,8.66,0.295,0,nan,nan,3.125,True,False,False,True,usable,turning
1360,260408_122949058.jpg,25,303054.924276,5.47,11.13,322.5,9651,-0.14,-0.74,7.7,9.81,0.293,0,nan,nan,3.4250000000000003,True,False,False,True,usable,turning
1361,260408_122949881.jpg,25,303055.747214,6.29,4.39,351.2,9970,-0.21,-0.4,6.44,8.64,0.316,0,nan,nan,3.475,True,False,True,True,clean,
1362,260408_122950639.jpg,25,303056.504903,6.84,1.4,342.1,7182,-0.1,-0.3,6.79,7.94,0.319,0,nan,nan,3.375,True,False,True,True,clean,
1363,260408_122951340.jpg,25,303057.206204,7.19,0.48,379.1,5851,-0.12,0.16,6.98,7.41,0.38,0,nan,nan,3.375,True,False,True,True,clean,
1364,260408_122952017.jpg,25,303057.882905,7.29,1.28,411.0,4623,-0.17,-0.28,6.75,8.08,0.387,0,nan,nan,3.575,True,False,True,True,clean,
1365,260408_122952683.jpg,25,303058.549606,7.46,1.58,471.4,3102,-0.13,-1.4,6.34,9.89,0.254,0,nan,nan,3.7750000000000004,True,False,True,True,clean,
1366,260408_122953360.jpg,25,303059.226506,7.23,1.8,490.5,8769,-1.75,0.6,6.97,7.06,0.377,0,nan,nan,3.4250000000000003,True,False,True,True,clean,
1367,260408_122954047.jpg,25,303059.913707,7.17,4.72,445.5,8865,-0.13,0.06,7.63,7.12,0.366,0,nan,nan,3.875,True,False,True,True,clean,
1368,260408_122954745.jpg,25,303060.611608,7.17,2.93,405.6,10437,-0.69,1.72,10.46,8.97,0.257,0,nan,nan,3.075,True,False,True,True,clean,
1369,260408_122955508.jpg,25,303061.375309,6.3,0.74,477.4,12401,0.05,0.07,7.26,8.11,0.289,0,nan,nan,3.375,True,False,True,True,clean,
1370,260408_122956437.jpg,25,303062.30431,5.18,0.56,589.6,13339,-0.53,-0.4,9.47,10.73,0.194,0,nan,nan,3.1750000000000003,True,False,True,True,clean,
1371,260408_122957489.jpg,25,303063.356112,4.71,0.5,472.1,7764,-0.01,-0.02,8.81,8.3,0.198,0,nan,nan,3.625,True,False,True,True,clean,
1372,260408_122958578.jpg,25,303064.445013,4.43,2.29,510.1,6559,0.19,0.27,8.64,7.97,0.25,0,nan,nan,3.375,True,False,True,True,clean,
1373,260408_122959966.jpg,25,303065.834015,3.29,6.57,569.2,5054,0.36,0.19,8.44,8.66,0.25,0,nan,nan,3.725,True,False,False,True,usable,turning
1374,260408_123002658.jpg,25,303068.526418,2.27,16.43,591.9,3107,1.56,1.1,9.8,12.51,0.125,0,nan,nan,3.225,True,False,False,True,usable,slow+turning
1375,260408_123004452.jpg,25,303070.31982,3.65,22.77,587.8,3100,-0.47,-1.97,9.12,9.38,0.231,0,nan,nan,3.125,True,False,False,True,usable,turning
1376,260408_123005752.jpg,25,303071.620022,5.46,8.23,589.1,4828,0.21,-0.04,6.64,6.92,0.349,0,nan,nan,3.575,True,False,False,True,usable,turning
1377,260408_123006736.jpg,25,303072.604523,6.57,0.19,581.9,4611,-0.1,-0.4,8.82,7.92,0.308,0,nan,nan,3.5250000000000004,True,False,True,True,clean,
1378,260408_123007539.jpg,25,303073.407524,7.76,0.76,725.1,5296,-0.37,-0.24,8.54,10.11,0.296,0,nan,nan,3.725,True,False,True,True,clean,
1379,260408_123008217.jpg,25,303074.085917,8.22,0.92,1002.5,8471,0.56,0.28,13.09,8.1,0.215,0,nan,nan,3.375,True,False,True,True,clean,
1380,260408_123008872.jpg,25,303074.740618,7.84,0.03,620.6,15615,-0.18,-0.6,6.45,7.26,0.402,0,nan,nan,3.375,True,False,True,True,clean,
1381,260408_123009537.jpg,25,303075.406118,7.33,0.09,695.0,15637,0.19,-0.12,6.2,8.27,0.324,0,nan,nan,3.475,True,False,True,True,clean,
1382,260408_123010202.jpg,25,303076.071619,7.15,0.36,1158.1,9385,1.57,0.63,10.95,9.91,0.138,0,nan,nan,3.9250000000000003,True,False,True,True,clean,
1383,260408_123010889.jpg,25,303076.75802,7.08,0.29,537.3,12544,0.15,-1.62,8.31,10.0,0.289,0,nan,nan,3.4250000000000003,True,False,True,True,clean,
1384,260408_123011586.jpg,25,303077.455621,6.93,0.17,407.1,9918,0.24,-0.21,7.3,9.11,0.295,0,nan,nan,3.7750000000000004,True,False,True,True,clean,
1385,260408_123012375.jpg,25,303078.244022,6.09,4.02,391.4,6904,0.18,-3.76,7.91,9.71,0.268,0,nan,nan,3.475,True,False,True,True,clean,
1386,260408_123013689.jpg,25,303079.559124,3.87,13.04,389.9,4720,0.03,0.13,7.92,9.98,0.273,0,nan,nan,3.725,True,False,False,True,usable,turning
1387,260408_123015280.jpg,25,303081.150226,2.92,20.1,491.1,4810,-0.51,0.74,9.05,12.59,0.201,0,nan,nan,3.625,True,False,False,True,usable,slow+turning
1388,260408_123017181.jpg,25,303083.051511,2.78,12.07,660.5,3089,-0.37,1.9,7.94,12.57,0.255,0,nan,nan,3.6750000000000003,True,False,False,True,usable,slow+turning
1389,260408_123019004.jpg,25,303084.875005,2.8,0.93,829.8,2081,0.23,-0.37,8.28,8.96,0.213,0,nan,nan,4.525,True,False,False,True,usable,slow
1390,260408_123020830.jpg,25,303086.700831,2.71,3.14,1078.7,2016,-0.35,-0.4,8.1,6.82,0.22,0,nan,nan,5.025,True,False,False,True,usable,slow
1391,260408_123022860.jpg,25,303088.731234,2.27,3.84,1660.9,2104,-2.82,0.12,9.04,8.38,0.191,0,nan,nan,5.125,True,False,False,True,usable,slow
1392,260408_123025445.jpg,25,303091.316237,2.01,2.61,891.1,2559,0.51,-0.72,10.14,8.6,0.273,0,nan,nan,4.075,True,False,False,True,usable,slow
1393,260408_123114863.jpg,26,303140.741835,2.05,0.69,742.8,1704,-0.55,-0.45,6.55,12.4,0.198,0,nan,nan,3.875,True,False,False,True,usable,slow
1394,260408_123116888.jpg,26,303142.767837,2.25,2.15,637.8,1834,-0.58,-0.26,5.09,11.54,0.275,1800,0.41,-1.81,3.2750000000000004,True,False,False,True,usable,slow
1395,260408_123119092.jpg,26,303144.972239,2.23,7.06,711.4,1525,0.27,-1.08,5.08,10.58,0.306,3484,0.76,7.0,3.475,True,False,False,True,usable,slow+turning
1396,260408_123121559.jpg,26,303147.439743,1.73,16.06,786.6,818,0.07,-0.34,6.18,12.79,0.162,3217,-0.61,-3.7,4.675,True,False,False,True,usable,slow+turning
1397,260408_123123999.jpg,26,303149.880146,1.72,23.06,1697.4,762,-9.8,-1.18,15.2,9.83,0.079,1599,-1.51,-14.64,5.7250000000000005,False,True,False,True,reject,geometry+pass_conflict+slow+turning
1398,260408_123159338.jpg,27,303185.224427,2.56,3.8,267.5,5076,-0.22,0.42,7.82,8.14,0.296,5364,-0.54,-0.2,3.475,True,False,False,True,usable,slow
1399,260408_123201018.jpg,27,303186.904129,3.08,4.1,292.9,6422,-0.17,1.36,7.19,8.75,0.324,6234,-1.4,0.17,3.1750000000000003,True,False,True,True,clean,
1400,260408_123202376.jpg,27,303188.26253,3.65,4.21,293.5,4661,0.23,-0.35,8.76,11.19,0.213,6858,-0.06,0.72,3.5250000000000004,True,False,True,True,clean,
1401,260408_123203667.jpg,27,303189.553532,3.85,3.27,346.0,5103,-0.4,0.28,7.58,9.44,0.24,4446,-0.65,-0.04,3.975,True,False,True,True,clean,
1402,260408_123205031.jpg,27,303190.918134,3.43,6.73,412.9,5373,0.06,0.68,6.89,9.12,0.279,2594,-1.04,0.5,3.4250000000000003,True,False,False,True,usable,turning
1403,260408_123207561.jpg,27,303193.448251,1.88,20.89,534.8,7767,0.23,-0.31,5.74,9.3,0.326,1362,-0.64,-0.03,3.7750000000000004,True,False,False,True,usable,slow+turning
1404,260408_123209843.jpg,27,303195.730873,1.96,29.6,540.3,10316,0.83,-1.98,5.08,8.69,0.337,0,nan,nan,3.225,True,False,False,True,usable,slow+turning
1405,260408_123211456.jpg,27,303197.344475,3.24,15.27,421.2,11544,-0.37,-0.21,6.96,7.77,0.349,0,nan,nan,3.875,True,False,False,True,usable,turning
1406,260408_123212719.jpg,27,303198.607777,4.07,2.23,348.7,15243,-0.49,0.35,6.9,8.97,0.343,0,nan,nan,3.325,True,False,True,True,clean,
1407,260408_123213851.jpg,27,303199.739278,4.24,2.18,295.1,17849,0.15,0.54,7.32,9.67,0.282,0,nan,nan,3.4250000000000003,True,False,True,True,clean,
1408,260408_123215001.jpg,27,303200.890079,4.23,0.13,304.0,19581,0.07,-0.39,6.43,9.27,0.299,0,nan,nan,3.6750000000000003,True,False,True,True,clean,
1409,260408_123216281.jpg,27,303202.169981,3.94,1.02,369.1,16074,0.24,2.6,7.78,9.47,0.249,0,nan,nan,3.125,True,False,True,True,clean,
1410,260408_123217583.jpg,27,303203.471783,3.78,0.55,418.4,16966,0.08,-0.1,6.11,8.12,0.342,0,nan,nan,3.575,True,False,True,True,clean,
1411,260408_123218949.jpg,27,303204.838312,3.62,5.39,366.1,17768,-0.14,2.85,7.55,9.64,0.317,0,nan,nan,3.7750000000000004,True,False,False,True,usable,turning
1412,260408_123220484.jpg,27,303206.373214,2.99,17.37,528.2,11676,0.54,0.09,4.28,11.81,0.268,0,nan,nan,3.325,True,False,False,True,usable,slow+turning
1413,260408_123222365.jpg,27,303208.255216,2.47,19.74,888.1,11695,0.8,-2.1,6.01,10.01,0.273,0,nan,nan,3.875,True,False,False,True,usable,slow+turning
1414,260408_123224487.jpg,27,303210.377319,2.6,8.35,629.2,8921,-0.17,-0.64,6.47,6.92,0.435,0,nan,nan,3.9250000000000003,True,False,False,True,usable,slow+turning
1415,260408_123226300.jpg,27,303212.190821,2.85,0.53,452.9,8466,0.05,0.68,5.5,7.27,0.421,0,nan,nan,3.325,True,False,False,True,usable,slow
1416,260408_123227909.jpg,27,303213.799882,3.14,2.3,474.7,8190,-0.01,0.04,6.29,4.43,0.437,0,nan,nan,3.625,True,False,True,True,clean,
1417,260408_123229374.jpg,27,303215.264884,3.46,0.1,579.9,6018,0.11,-0.82,7.36,11.03,0.242,0,nan,nan,3.5250000000000004,True,False,True,True,clean,
1418,260408_123230601.jpg,27,303216.492085,3.93,1.68,757.0,9216,-0.08,-0.33,5.9,10.04,0.263,0,nan,nan,5.525,True,False,True,True,clean,
1419,260408_123231890.jpg,27,303217.781887,4.01,0.04,548.2,4962,0.18,-2.41,4.96,8.71,0.334,0,nan,nan,3.875,True,False,True,True,clean,
1420,260408_123233145.jpg,27,303219.036588,4.12,0.04,549.4,6039,-0.5,-0.77,4.91,6.39,0.398,0,nan,nan,3.875,True,False,True,True,clean,
1421,260408_123234204.jpg,27,303220.09539,4.64,0.72,633.8,6953,0.2,-0.05,7.58,8.57,0.293,0,nan,nan,3.725,True,False,True,True,clean,
1422,260408_123235263.jpg,27,303221.155391,4.77,0.78,617.9,4519,-0.11,-2.54,6.17,10.39,0.257,0,nan,nan,3.225,True,False,True,True,clean,
1423,260408_123236316.jpg,27,303222.207792,4.51,1.31,486.7,4540,-0.47,-0.67,7.8,11.72,0.231,0,nan,nan,3.4250000000000003,True,False,True,True,clean,
1424,260408_123237599.jpg,27,303223.491694,3.82,1.09,419.5,5075,-0.11,-1.65,9.12,10.07,0.253,0,nan,nan,3.625,True,False,True,True,clean,
1425,260408_123239104.jpg,27,303224.996196,3.46,0.82,572.7,7860,0.27,-0.11,7.45,7.95,0.266,0,nan,nan,4.325,True,False,True,True,clean,
1426,260408_123240432.jpg,27,303226.324297,3.78,5.56,877.1,7580,0.04,-0.41,5.74,6.72,0.239,0,nan,nan,4.4750000000000005,True,False,False,True,usable,turning
1427,260408_123241762.jpg,27,303227.655199,3.64,11.43,631.3,10490,0.03,0.49,7.96,6.1,0.289,0,nan,nan,4.025,True,False,False,True,usable,turning
1428,260408_123243298.jpg,27,303229.190901,3.43,18.45,486.8,12723,-0.16,0.89,7.89,8.58,0.29,0,nan,nan,4.625,True,False,False,True,usable,turning
1429,260408_123244626.jpg,27,303230.519631,3.98,23.3,325.5,14076,-0.12,-0.94,9.33,8.92,0.262,0,nan,nan,3.075,True,False,False,True,usable,turning
1430,260408_123245689.jpg,27,303231.582232,4.83,17.0,322.3,16922,-0.03,0.51,8.22,10.03,0.328,0,nan,nan,3.075,True,False,False,True,usable,turning
1431,260408_123246592.jpg,27,303232.485433,5.73,5.53,322.7,20542,-0.16,0.31,7.04,10.39,0.349,0,nan,nan,3.9250000000000003,True,False,False,True,usable,turning
1432,260408_123247393.jpg,27,303233.287034,6.36,1.54,347.2,15576,0.01,-0.28,5.0,9.55,0.371,2815,0.74,-4.59,3.6750000000000003,True,False,True,True,clean,
1433,260408_123248143.jpg,27,303234.037335,6.76,3.28,365.8,11712,-0.0,-0.05,3.98,9.71,0.401,1762,1.12,-2.67,3.725,True,False,True,True,clean,
1434,260408_123248855.jpg,27,303234.748936,7.15,1.5,411.6,9681,-0.04,1.27,3.27,11.49,0.457,2360,-0.44,4.39,4.2250000000000005,True,False,True,True,clean,
1435,260408_123249544.jpg,27,303235.437837,7.53,0.16,442.6,7045,0.62,-3.28,4.76,11.06,0.306,3496,0.07,0.95,3.225,True,False,True,True,clean,
1436,260408_123250197.jpg,27,303236.090838,7.24,0.36,462.5,5040,0.43,-0.51,8.34,9.41,0.272,6043,-1.71,3.55,4.075,True,False,True,True,clean,
1437,260408_123250860.jpg,27,303236.754639,7.27,0.83,456.2,3921,-0.28,-1.0,9.03,9.85,0.253,7589,0.15,-2.91,3.9250000000000003,True,False,True,True,clean,
1438,260408_123251524.jpg,27,303237.418439,7.52,1.25,401.4,4104,-0.16,-0.23,8.05,8.67,0.276,10303,0.7,-2.3,3.575,True,False,True,True,clean,
1439,260408_123252221.jpg,27,303238.11574,6.86,2.01,415.3,5208,-0.05,-0.34,7.95,10.24,0.275,12489,-0.86,0.54,3.325,True,False,True,True,clean,
1440,260408_123253045.jpg,27,303238.939841,5.75,3.48,468.3,4948,-0.29,0.16,7.46,9.37,0.248,10724,0.31,-0.56,3.4250000000000003,True,False,True,True,clean,
1441,260408_123254208.jpg,27,303240.102743,4.3,0.96,449.0,5238,-0.87,0.16,7.6,8.98,0.247,10877,-0.32,0.29,3.325,True,False,True,True,clean,
1442,260408_123255694.jpg,27,303241.588845,3.61,1.51,506.0,4035,-0.05,0.01,8.37,10.45,0.222,11384,0.5,-0.26,3.825,True,False,True,True,clean,
1443,260408_123325924.jpg,28,303271.823585,0.73,5.33,525.1,4450,0.25,-0.66,6.54,8.98,0.271,2638,-5.24,-1.53,3.4250000000000003,True,False,False,True,usable,slow+turning
1444,260408_123330905.jpg,28,303276.806091,1.31,2.75,460.6,4436,-0.32,-3.68,6.49,6.96,0.262,3209,-1.09,-4.19,2.7750000000000004,True,False,False,True,usable,slow
1445,260408_123333681.jpg,28,303279.581995,1.54,9.37,432.6,4647,0.18,-2.69,6.9,8.3,0.284,3773,-4.32,-6.93,3.375,True,False,False,True,usable,slow+turning
1446,260408_123336575.jpg,28,303282.476251,1.51,19.08,432.4,7253,-0.02,-0.56,6.72,9.99,0.274,3035,0.27,0.43,3.0250000000000004,True,False,False,True,usable,slow+turning
1447,260408_123339104.jpg,28,303285.00572,1.87,21.58,394.7,11839,0.27,-0.17,7.14,10.6,0.311,2333,-0.48,0.18,3.1750000000000003,True,False,False,True,usable,slow+turning
1448,260408_123341315.jpg,28,303287.217222,2.44,12.87,385.0,11563,-0.11,-0.17,7.79,11.15,0.266,465,-0.03,0.35,3.375,True,False,False,True,usable,slow+turning
1449,260408_123343223.jpg,28,303289.126145,3.07,3.23,420.9,11305,0.16,-0.3,7.28,9.91,0.28,0,nan,nan,3.1750000000000003,True,False,True,True,clean,
1450,260408_123344819.jpg,28,303290.722247,3.61,5.07,484.0,13653,0.25,-0.01,4.67,9.89,0.302,0,nan,nan,2.5250000000000004,True,False,False,True,usable,turning
1451,260408_123346112.jpg,28,303292.014849,3.7,4.01,590.1,13118,-0.18,-0.56,5.58,7.38,0.33,0,nan,nan,3.075,True,False,True,True,clean,
1452,260408_123347653.jpg,28,303293.556551,3.6,1.13,645.9,12065,0.06,-0.35,4.74,6.14,0.405,0,nan,nan,3.9250000000000003,True,False,True,True,clean,
1453,260408_123410434.jpg,29,303316.34055,6.31,0.12,253.7,2589,0.06,0.99,6.43,11.31,0.216,0,nan,nan,3.375,True,False,True,True,clean,
1454,260408_123411296.jpg,29,303317.202652,5.33,1.64,251.2,2620,-0.08,-0.71,8.56,12.91,0.256,0,nan,nan,3.125,True,False,True,True,clean,
1455,260408_123412455.jpg,29,303318.362453,3.6,9.68,269.6,2550,-0.02,1.17,6.76,12.19,0.261,0,nan,nan,3.475,True,False,False,True,usable,turning
1456,260408_123414326.jpg,29,303320.233955,2.69,17.88,293.1,4959,-1.3,7.2,6.4,11.65,0.314,0,nan,nan,3.125,False,False,False,True,reject,geometry+slow+turning
1457,260408_123416237.jpg,29,303322.145088,2.87,16.93,359.1,1748,0.61,7.06,11.39,9.35,0.208,0,nan,nan,4.175,False,False,False,True,reject,geometry+slow+turning
1458,260408_123417631.jpg,29,303323.53859,3.65,8.9,515.5,1502,8.4,-0.01,12.25,6.97,0.165,0,nan,nan,4.025,False,False,False,True,reject,geometry+turning
1459,260408_123418778.jpg,29,303324.685791,4.05,5.65,523.0,2486,-0.7,-1.74,9.5,8.89,0.229,0,nan,nan,3.975,True,False,False,True,usable,turning
1460,260408_123420035.jpg,29,303325.943193,3.85,5.09,414.3,2092,1.23,0.09,10.74,11.62,0.191,0,nan,nan,3.7750000000000004,True,False,False,True,usable,turning
1461,260408_123421551.jpg,29,303327.459418,3.48,4.61,338.6,2284,-0.65,-0.67,10.15,9.06,0.278,0,nan,nan,3.725,True,False,True,True,clean,
1462,260408_123423080.jpg,29,303328.98882,3.42,1.06,303.6,2646,3.18,1.5,8.03,8.5,0.185,0,nan,nan,2.6750000000000003,True,False,True,True,clean,
1463,260408_123424486.jpg,29,303330.395422,3.46,1.29,320.6,5688,0.05,-0.15,9.41,8.88,0.245,0,nan,nan,3.1750000000000003,True,False,True,True,clean,
1464,260408_123425750.jpg,29,303331.659033,3.99,0.14,366.3,8319,-0.21,-0.83,8.25,8.29,0.305,0,nan,nan,4.125,True,False,True,True,clean,
1465,260408_123426921.jpg,29,303332.831034,4.27,0.61,445.4,8301,-0.26,1.29,7.69,10.25,0.27,0,nan,nan,4.525,True,False,True,True,clean,
1466,260408_123428140.jpg,29,303334.049636,3.84,2.82,510.2,8749,-0.24,-0.38,6.79,8.22,0.315,0,nan,nan,4.575,True,False,True,True,clean,
1467,260408_123429671.jpg,29,303335.581438,3.14,15.8,625.3,5842,0.05,0.69,6.44,9.5,0.32,0,nan,nan,4.275,True,False,False,True,usable,turning
1468,260408_123431603.jpg,29,303337.51374,2.13,15.74,752.6,3634,-0.14,0.01,7.35,8.63,0.371,0,nan,nan,4.325,True,False,False,True,usable,slow+turning
1469,260408_123436495.jpg,29,303342.406546,1.55,10.5,772.8,3171,0.25,-0.09,9.12,10.82,0.254,0,nan,nan,3.6750000000000003,True,False,False,True,usable,slow+turning
1470,260408_123438819.jpg,29,303344.730449,2.34,9.32,789.6,4869,0.22,2.19,9.45,9.37,0.266,0,nan,nan,3.6750000000000003,True,False,False,True,usable,slow+turning
1471,260408_123440647.jpg,29,303346.558651,2.66,11.36,685.1,6391,-0.08,0.11,5.67,8.91,0.312,0,nan,nan,4.775,True,False,False,True,usable,slow+turning
1472,260408_123442545.jpg,29,303348.457158,2.74,10.57,562.4,8785,-0.28,-0.47,5.49,10.81,0.286,0,nan,nan,3.725,True,False,False,True,usable,slow+turning
1473,260408_123444211.jpg,29,303350.12376,3.09,9.5,461.8,8141,0.11,1.26,5.66,8.82,0.344,0,nan,nan,3.625,True,False,False,True,usable,turning
1474,260408_123445714.jpg,29,303351.626262,3.08,10.07,382.0,9601,-0.28,-0.56,8.26,10.29,0.294,0,nan,nan,4.425,True,False,False,True,usable,turning
1475,260408_123447248.jpg,29,303353.160763,2.96,9.83,345.5,7689,-0.09,-0.69,6.41,10.32,0.307,0,nan,nan,4.625,True,False,False,True,usable,slow+turning
1476,260408_123448931.jpg,29,303354.844375,3.41,0.76,326.8,5370,-0.44,-0.62,7.91,10.32,0.233,0,nan,nan,3.7750000000000004,True,False,True,True,clean,
1477,260408_123450460.jpg,29,303356.373377,3.26,11.84,326.5,3297,-0.51,-0.11,8.24,10.39,0.298,0,nan,nan,4.025,True,False,False,True,usable,turning
1478,260408_123451967.jpg,29,303357.880779,3.37,10.92,346.5,2880,0.12,0.12,6.54,6.73,0.399,0,nan,nan,3.4250000000000003,True,False,False,True,usable,turning
1479,260408_123453260.jpg,29,303359.17398,3.73,0.82,418.8,4876,7.79,3.69,13.49,12.3,0.199,0,nan,nan,3.7750000000000004,False,False,True,True,reject,geometry
1480,260408_123454630.jpg,29,303360.543982,3.55,3.3,479.1,2447,1.14,-1.71,11.51,14.8,0.136,0,nan,nan,3.875,True,False,True,True,clean,
1481,260408_123456183.jpg,29,303362.097184,2.86,5.48,469.2,3780,-0.7,-3.46,11.79,16.72,0.164,0,nan,nan,4.125,False,False,False,True,reject,geometry+slow+turning
1482,260408_123500188.jpg,29,303366.10317,2.89,15.72,295.3,4677,-0.49,-2.42,11.58,10.51,0.232,0,nan,nan,3.7750000000000004,True,False,False,True,usable,slow+turning
1483,260408_123501887.jpg,29,303367.801868,4.94,21.17,389.4,2053,-0.4,4.09,11.12,12.01,0.196,0,nan,nan,3.0250000000000004,True,False,False,True,usable,turning
1484,260408_123502939.jpg,29,303368.853769,6.51,3.25,459.4,1676,-0.66,-0.66,6.76,8.51,0.377,0,nan,nan,3.5250000000000004,True,False,True,True,clean,
1485,260408_123503741.jpg,29,303369.65627,7.59,1.91,502.8,741,-1.85,0.75,11.45,11.43,0.162,0,nan,nan,3.2750000000000004,True,False,True,True,clean,
1486,260408_123504394.jpg,29,303370.309471,8.39,0.44,483.5,562,0.74,1.89,10.75,9.01,0.17,0,nan,nan,3.075,True,False,True,True,clean,
1487,260408_123504956.jpg,29,303370.871591,8.91,0.94,401.8,1070,-4.64,0.21,11.2,9.64,0.176,0,nan,nan,2.9250000000000003,True,False,True,True,clean,
1488,260408_123505506.jpg,29,303371.421191,9.2,0.89,377.3,1600,3.66,-10.36,15.22,14.53,0.091,0,nan,nan,2.825,False,False,True,True,reject,geometry
1489,260408_123506045.jpg,29,303371.960392,9.41,0.03,419.4,1523,0.05,-1.36,9.84,12.29,0.218,0,nan,nan,2.825,True,False,True,True,clean,
1490,260408_123506572.jpg,29,303372.488193,9.6,0.05,360.5,1722,-0.13,-0.49,7.61,11.11,0.246,0,nan,nan,2.9250000000000003,True,False,True,True,clean,
1491,260408_123507089.jpg,29,303373.005093,9.77,0.8,282.7,1378,-0.72,-0.81,11.16,12.44,0.172,0,nan,nan,2.975,True,False,True,True,clean,
1492,260408_123507595.jpg,29,303373.511394,9.92,0.59,260.5,1263,2.79,-0.11,8.69,11.92,0.204,0,nan,nan,2.725,True,False,True,True,clean,
1493,260408_123508102.jpg,29,303374.017695,10.05,0.31,239.6,1265,1.0,-5.1,8.89,11.46,0.234,0,nan,nan,3.125,True,False,True,True,clean,
1494,260408_123508598.jpg,29,303374.513895,10.18,0.07,221.3,840,-0.01,-1.63,8.26,13.53,0.154,0,nan,nan,2.9250000000000003,True,False,True,True,clean,
1495,260408_123509084.jpg,29,303374.999796,10.32,0.16,203.0,468,-1.67,0.6,9.01,12.63,0.182,0,nan,nan,2.975,True,False,True,True,clean,
1496,260408_123509569.jpg,29,303375.485696,10.3,0.23,217.2,346,-1.39,-0.92,6.4,17.56,0.176,0,nan,nan,2.725,False,False,True,True,reject,geometry
1497,260408_123510045.jpg,29,303375.961197,10.55,0.5,239.9,496,0.07,-0.08,3.15,10.28,0.336,0,nan,nan,2.975,True,False,True,True,clean,
1498,260408_123510520.jpg,29,303376.436698,10.82,0.74,248.6,206,-2.97,-0.35,10.03,12.52,0.14,0,nan,nan,2.725,False,False,True,True,unverified,few_edges
1499,260408_123510985.jpg,29,303376.901098,10.78,0.17,251.1,158,0.72,9.76,11.44,14.46,0.081,0,nan,nan,2.725,False,False,True,True,unverified,few_edges
1500,260408_123511449.jpg,29,303377.365499,10.87,0.45,218.8,80,-7.64,16.57,8.59,12.22,0.056,0,nan,nan,2.6750000000000003,False,False,True,True,unverified,few_edges
1501,260408_123511913.jpg,29,303377.829899,10.97,0.13,192.1,469,-0.63,0.87,10.91,10.85,0.227,0,nan,nan,2.575,True,False,True,True,clean,
1502,260408_123512367.jpg,29,303378.284,11.04,0.2,175.5,421,0.92,-0.23,12.45,15.92,0.154,0,nan,nan,2.6750000000000003,True,False,True,True,clean,
